[2025-11-28 01:22:04] local.ERROR: Route [cervejas.store] not defined. (View: C:\Users\GeiPis\Desktop\IFSP\2025\2\Programacao Dinamica para Web\projeto-laravel-spopweb\mvc-cervejas\resources\views\cadastrar.blade.php) {"userId":1,"exception":"[object] (Illuminate\\View\\ViewException(code: 0): Route [cervejas.store] not defined. (View: C:\\Users\\GeiPis\\Desktop\\IFSP\\2025\\2\\Programacao Dinamica para Web\\projeto-laravel-spopweb\\mvc-cervejas\\resources\\views\\cadastrar.blade.php) at C:\\Users\\GeiPis\\Desktop\\IFSP\\2025\\2\\Programacao Dinamica para Web\\projeto-laravel-spopweb\\mvc-cervejas\\vendor\\laravel\\framework\\src\\Illuminate\\Routing\\UrlGenerator.php:517)
[stacktrace]
#0 C:\\Users\\GeiPis\\Desktop\\IFSP\\2025\\2\\Programacao Dinamica para Web\\projeto-laravel-spopweb\\mvc-cervejas\\vendor\\laravel\\framework\\src\\Illuminate\\View\\Engines\\PhpEngine.php(60): Illuminate\\View\\Engines\\CompilerEngine->handleViewException(Object(Symfony\\Component\\Routing\\Exception\\RouteNotFoundException), 0)
#1 C:\\Users\\GeiPis\\Desktop\\IFSP\\2025\\2\\Programacao Dinamica para Web\\projeto-laravel-spopweb\\mvc-cervejas\\vendor\\laravel\\framework\\src\\Illuminate\\View\\Engines\\CompilerEngine.php(75): Illuminate\\View\\Engines\\PhpEngine->evaluatePath('C:\\\\Users\\\\GeiPis...', Array)
#2 C:\\Users\\GeiPis\\Desktop\\IFSP\\2025\\2\\Programacao Dinamica para Web\\projeto-laravel-spopweb\\mvc-cervejas\\vendor\\laravel\\framework\\src\\Illuminate\\View\\View.php(209): Illuminate\\View\\Engines\\CompilerEngine->get('C:\\\\Users\\\\GeiPis...', Array)
#3 C:\\Users\\GeiPis\\Desktop\\IFSP\\2025\\2\\Programacao Dinamica para Web\\projeto-laravel-spopweb\\mvc-cervejas\\vendor\\laravel\\framework\\src\\Illuminate\\View\\View.php(192): Illuminate\\View\\View->getContents()
#4 C:\\Users\\GeiPis\\Desktop\\IFSP\\2025\\2\\Programacao Dinamica para Web\\projeto-laravel-spopweb\\mvc-cervejas\\vendor\\laravel\\framework\\src\\Illuminate\\View\\View.php(161): Illuminate\\View\\View->renderContents()
#5 C:\\Users\\GeiPis\\Desktop\\IFSP\\2025\\2\\Programacao Dinamica para Web\\projeto-laravel-spopweb\\mvc-cervejas\\vendor\\laravel\\framework\\src\\Illuminate\\Http\\Response.php(79): Illuminate\\View\\View->render()
#6 C:\\Users\\GeiPis\\Desktop\\IFSP\\2025\\2\\Programacao Dinamica para Web\\projeto-laravel-spopweb\\mvc-cervejas\\vendor\\laravel\\framework\\src\\Illuminate\\Http\\Response.php(35): Illuminate\\Http\\Response->setContent(Object(Illuminate\\View\\View))
#7 C:\\Users\\GeiPis\\Desktop\\IFSP\\2025\\2\\Programacao Dinamica para Web\\projeto-laravel-spopweb\\mvc-cervejas\\vendor\\laravel\\framework\\src\\Illuminate\\Routing\\Router.php(920): Illuminate\\Http\\Response->__construct(Object(Illuminate\\View\\View), 200, Array)
#8 C:\\Users\\GeiPis\\Desktop\\IFSP\\2025\\2\\Programacao Dinamica para Web\\projeto-laravel-spopweb\\mvc-cervejas\\vendor\\laravel\\framework\\src\\Illuminate\\Routing\\Router.php(887): Illuminate\\Routing\\Router::toResponse(Object(Illuminate\\Http\\Request), Object(Illuminate\\View\\View))
#9 C:\\Users\\GeiPis\\Desktop\\IFSP\\2025\\2\\Programacao Dinamica para Web\\projeto-laravel-spopweb\\mvc-cervejas\\vendor\\laravel\\framework\\src\\Illuminate\\Routing\\Router.php(807): Illuminate\\Routing\\Router->prepareResponse(Object(Illuminate\\Http\\Request), Object(Illuminate\\View\\View))
#10 C:\\Users\\GeiPis\\Desktop\\IFSP\\2025\\2\\Programacao Dinamica para Web\\projeto-laravel-spopweb\\mvc-cervejas\\vendor\\laravel\\framework\\src\\Illuminate\\Pipeline\\Pipeline.php(170): Illuminate\\Routing\\Router->{closure:Illuminate\\Routing\\Router::runRouteWithinStack():807}(Object(Illuminate\\Http\\Request))
#11 C:\\Users\\GeiPis\\Desktop\\IFSP\\2025\\2\\Programacao Dinamica para Web\\projeto-laravel-spopweb\\mvc-cervejas\\vendor\\laravel\\framework\\src\\Illuminate\\Auth\\Middleware\\EnsureEmailIsVerified.php(41): Illuminate\\Pipeline\\Pipeline->{closure:Illuminate\\Pipeline\\Pipeline::prepareDestination():168}(Object(Illuminate\\Http\\Request))
#12 C:\\Users\\GeiPis\\Desktop\\IFSP\\2025\\2\\Programacao Dinamica para Web\\projeto-laravel-spopweb\\mvc-cervejas\\vendor\\laravel\\framework\\src\\Illuminate\\Pipeline\\Pipeline.php(209): Illuminate\\Auth\\Middleware\\EnsureEmailIsVerified->handle(Object(Illuminate\\Http\\Request), Object(Closure))
#13 C:\\Users\\GeiPis\\Desktop\\IFSP\\2025\\2\\Programacao Dinamica para Web\\projeto-laravel-spopweb\\mvc-cervejas\\vendor\\laravel\\framework\\src\\Illuminate\\Routing\\Middleware\\SubstituteBindings.php(51): Illuminate\\Pipeline\\Pipeline->{closure:{closure:Illuminate\\Pipeline\\Pipeline::carry():184}:185}(Object(Illuminate\\Http\\Request))
#14 C:\\Users\\GeiPis\\Desktop\\IFSP\\2025\\2\\Programacao Dinamica para Web\\projeto-laravel-spopweb\\mvc-cervejas\\vendor\\laravel\\framework\\src\\Illuminate\\Pipeline\\Pipeline.php(209): Illuminate\\Routing\\Middleware\\SubstituteBindings->handle(Object(Illuminate\\Http\\Request), Object(Closure))
#15 C:\\Users\\GeiPis\\Desktop\\IFSP\\2025\\2\\Programacao Dinamica para Web\\projeto-laravel-spopweb\\mvc-cervejas\\vendor\\laravel\\framework\\src\\Illuminate\\Auth\\Middleware\\Authenticate.php(64): Illuminate\\Pipeline\\Pipeline->{closure:{closure:Illuminate\\Pipeline\\Pipeline::carry():184}:185}(Object(Illuminate\\Http\\Request))
#16 C:\\Users\\GeiPis\\Desktop\\IFSP\\2025\\2\\Programacao Dinamica para Web\\projeto-laravel-spopweb\\mvc-cervejas\\vendor\\laravel\\framework\\src\\Illuminate\\Pipeline\\Pipeline.php(209): Illuminate\\Auth\\Middleware\\Authenticate->handle(Object(Illuminate\\Http\\Request), Object(Closure))
#17 C:\\Users\\GeiPis\\Desktop\\IFSP\\2025\\2\\Programacao Dinamica para Web\\projeto-laravel-spopweb\\mvc-cervejas\\vendor\\laravel\\framework\\src\\Illuminate\\Foundation\\Http\\Middleware\\VerifyCsrfToken.php(88): Illuminate\\Pipeline\\Pipeline->{closure:{closure:Illuminate\\Pipeline\\Pipeline::carry():184}:185}(Object(Illuminate\\Http\\Request))
#18 C:\\Users\\GeiPis\\Desktop\\IFSP\\2025\\2\\Programacao Dinamica para Web\\projeto-laravel-spopweb\\mvc-cervejas\\vendor\\laravel\\framework\\src\\Illuminate\\Pipeline\\Pipeline.php(209): Illuminate\\Foundation\\Http\\Middleware\\VerifyCsrfToken->handle(Object(Illuminate\\Http\\Request), Object(Closure))
#19 C:\\Users\\GeiPis\\Desktop\\IFSP\\2025\\2\\Programacao Dinamica para Web\\projeto-laravel-spopweb\\mvc-cervejas\\vendor\\laravel\\framework\\src\\Illuminate\\View\\Middleware\\ShareErrorsFromSession.php(49): Illuminate\\Pipeline\\Pipeline->{closure:{closure:Illuminate\\Pipeline\\Pipeline::carry():184}:185}(Object(Illuminate\\Http\\Request))
#20 C:\\Users\\GeiPis\\Desktop\\IFSP\\2025\\2\\Programacao Dinamica para Web\\projeto-laravel-spopweb\\mvc-cervejas\\vendor\\laravel\\framework\\src\\Illuminate\\Pipeline\\Pipeline.php(209): Illuminate\\View\\Middleware\\ShareErrorsFromSession->handle(Object(Illuminate\\Http\\Request), Object(Closure))
#21 C:\\Users\\GeiPis\\Desktop\\IFSP\\2025\\2\\Programacao Dinamica para Web\\projeto-laravel-spopweb\\mvc-cervejas\\vendor\\laravel\\framework\\src\\Illuminate\\Session\\Middleware\\StartSession.php(121): Illuminate\\Pipeline\\Pipeline->{closure:{closure:Illuminate\\Pipeline\\Pipeline::carry():184}:185}(Object(Illuminate\\Http\\Request))
#22 C:\\Users\\GeiPis\\Desktop\\IFSP\\2025\\2\\Programacao Dinamica para Web\\projeto-laravel-spopweb\\mvc-cervejas\\vendor\\laravel\\framework\\src\\Illuminate\\Session\\Middleware\\StartSession.php(64): Illuminate\\Session\\Middleware\\StartSession->handleStatefulRequest(Object(Illuminate\\Http\\Request), Object(Illuminate\\Session\\Store), Object(Closure))
#23 C:\\Users\\GeiPis\\Desktop\\IFSP\\2025\\2\\Programacao Dinamica para Web\\projeto-laravel-spopweb\\mvc-cervejas\\vendor\\laravel\\framework\\src\\Illuminate\\Pipeline\\Pipeline.php(209): Illuminate\\Session\\Middleware\\StartSession->handle(Object(Illuminate\\Http\\Request), Object(Closure))
#24 C:\\Users\\GeiPis\\Desktop\\IFSP\\2025\\2\\Programacao Dinamica para Web\\projeto-laravel-spopweb\\mvc-cervejas\\vendor\\laravel\\framework\\src\\Illuminate\\Cookie\\Middleware\\AddQueuedCookiesToResponse.php(37): Illuminate\\Pipeline\\Pipeline->{closure:{closure:Illuminate\\Pipeline\\Pipeline::carry():184}:185}(Object(Illuminate\\Http\\Request))
#25 C:\\Users\\GeiPis\\Desktop\\IFSP\\2025\\2\\Programacao Dinamica para Web\\projeto-laravel-spopweb\\mvc-cervejas\\vendor\\laravel\\framework\\src\\Illuminate\\Pipeline\\Pipeline.php(209): Illuminate\\Cookie\\Middleware\\AddQueuedCookiesToResponse->handle(Object(Illuminate\\Http\\Request), Object(Closure))
#26 C:\\Users\\GeiPis\\Desktop\\IFSP\\2025\\2\\Programacao Dinamica para Web\\projeto-laravel-spopweb\\mvc-cervejas\\vendor\\laravel\\framework\\src\\Illuminate\\Cookie\\Middleware\\EncryptCookies.php(75): Illuminate\\Pipeline\\Pipeline->{closure:{closure:Illuminate\\Pipeline\\Pipeline::carry():184}:185}(Object(Illuminate\\Http\\Request))
#27 C:\\Users\\GeiPis\\Desktop\\IFSP\\2025\\2\\Programacao Dinamica para Web\\projeto-laravel-spopweb\\mvc-cervejas\\vendor\\laravel\\framework\\src\\Illuminate\\Pipeline\\Pipeline.php(209): Illuminate\\Cookie\\Middleware\\EncryptCookies->handle(Object(Illuminate\\Http\\Request), Object(Closure))
#28 C:\\Users\\GeiPis\\Desktop\\IFSP\\2025\\2\\Programacao Dinamica para Web\\projeto-laravel-spopweb\\mvc-cervejas\\vendor\\laravel\\framework\\src\\Illuminate\\Pipeline\\Pipeline.php(127): Illuminate\\Pipeline\\Pipeline->{closure:{closure:Illuminate\\Pipeline\\Pipeline::carry():184}:185}(Object(Illuminate\\Http\\Request))
#29 C:\\Users\\GeiPis\\Desktop\\IFSP\\2025\\2\\Programacao Dinamica para Web\\projeto-laravel-spopweb\\mvc-cervejas\\vendor\\laravel\\framework\\src\\Illuminate\\Routing\\Router.php(807): Illuminate\\Pipeline\\Pipeline->then(Object(Closure))
#30 C:\\Users\\GeiPis\\Desktop\\IFSP\\2025\\2\\Programacao Dinamica para Web\\projeto-laravel-spopweb\\mvc-cervejas\\vendor\\laravel\\framework\\src\\Illuminate\\Routing\\Router.php(786): Illuminate\\Routing\\Router->runRouteWithinStack(Object(Illuminate\\Routing\\Route), Object(Illuminate\\Http\\Request))
#31 C:\\Users\\GeiPis\\Desktop\\IFSP\\2025\\2\\Programacao Dinamica para Web\\projeto-laravel-spopweb\\mvc-cervejas\\vendor\\laravel\\framework\\src\\Illuminate\\Routing\\Router.php(750): Illuminate\\Routing\\Router->runRoute(Object(Illuminate\\Http\\Request), Object(Illuminate\\Routing\\Route))
#32 C:\\Users\\GeiPis\\Desktop\\IFSP\\2025\\2\\Programacao Dinamica para Web\\projeto-laravel-spopweb\\mvc-cervejas\\vendor\\laravel\\framework\\src\\Illuminate\\Routing\\Router.php(739): Illuminate\\Routing\\Router->dispatchToRoute(Object(Illuminate\\Http\\Request))
#33 C:\\Users\\GeiPis\\Desktop\\IFSP\\2025\\2\\Programacao Dinamica para Web\\projeto-laravel-spopweb\\mvc-cervejas\\vendor\\laravel\\framework\\src\\Illuminate\\Foundation\\Http\\Kernel.php(201): Illuminate\\Routing\\Router->dispatch(Object(Illuminate\\Http\\Request))
#34 C:\\Users\\GeiPis\\Desktop\\IFSP\\2025\\2\\Programacao Dinamica para Web\\projeto-laravel-spopweb\\mvc-cervejas\\vendor\\laravel\\framework\\src\\Illuminate\\Pipeline\\Pipeline.php(170): Illuminate\\Foundation\\Http\\Kernel->{closure:Illuminate\\Foundation\\Http\\Kernel::dispatchToRouter():198}(Object(Illuminate\\Http\\Request))
#35 C:\\Users\\GeiPis\\Desktop\\IFSP\\2025\\2\\Programacao Dinamica para Web\\projeto-laravel-spopweb\\mvc-cervejas\\vendor\\laravel\\framework\\src\\Illuminate\\Foundation\\Http\\Middleware\\TransformsRequest.php(21): Illuminate\\Pipeline\\Pipeline->{closure:Illuminate\\Pipeline\\Pipeline::prepareDestination():168}(Object(Illuminate\\Http\\Request))
#36 C:\\Users\\GeiPis\\Desktop\\IFSP\\2025\\2\\Programacao Dinamica para Web\\projeto-laravel-spopweb\\mvc-cervejas\\vendor\\laravel\\framework\\src\\Illuminate\\Foundation\\Http\\Middleware\\ConvertEmptyStringsToNull.php(31): Illuminate\\Foundation\\Http\\Middleware\\TransformsRequest->handle(Object(Illuminate\\Http\\Request), Object(Closure))
#37 C:\\Users\\GeiPis\\Desktop\\IFSP\\2025\\2\\Programacao Dinamica para Web\\projeto-laravel-spopweb\\mvc-cervejas\\vendor\\laravel\\framework\\src\\Illuminate\\Pipeline\\Pipeline.php(209): Illuminate\\Foundation\\Http\\Middleware\\ConvertEmptyStringsToNull->handle(Object(Illuminate\\Http\\Request), Object(Closure))
#38 C:\\Users\\GeiPis\\Desktop\\IFSP\\2025\\2\\Programacao Dinamica para Web\\projeto-laravel-spopweb\\mvc-cervejas\\vendor\\laravel\\framework\\src\\Illuminate\\Foundation\\Http\\Middleware\\TransformsRequest.php(21): Illuminate\\Pipeline\\Pipeline->{closure:{closure:Illuminate\\Pipeline\\Pipeline::carry():184}:185}(Object(Illuminate\\Http\\Request))
#39 C:\\Users\\GeiPis\\Desktop\\IFSP\\2025\\2\\Programacao Dinamica para Web\\projeto-laravel-spopweb\\mvc-cervejas\\vendor\\laravel\\framework\\src\\Illuminate\\Foundation\\Http\\Middleware\\TrimStrings.php(51): Illuminate\\Foundation\\Http\\Middleware\\TransformsRequest->handle(Object(Illuminate\\Http\\Request), Object(Closure))
#40 C:\\Users\\GeiPis\\Desktop\\IFSP\\2025\\2\\Programacao Dinamica para Web\\projeto-laravel-spopweb\\mvc-cervejas\\vendor\\laravel\\framework\\src\\Illuminate\\Pipeline\\Pipeline.php(209): Illuminate\\Foundation\\Http\\Middleware\\TrimStrings->handle(Object(Illuminate\\Http\\Request), Object(Closure))
#41 C:\\Users\\GeiPis\\Desktop\\IFSP\\2025\\2\\Programacao Dinamica para Web\\projeto-laravel-spopweb\\mvc-cervejas\\vendor\\laravel\\framework\\src\\Illuminate\\Http\\Middleware\\ValidatePostSize.php(27): Illuminate\\Pipeline\\Pipeline->{closure:{closure:Illuminate\\Pipeline\\Pipeline::carry():184}:185}(Object(Illuminate\\Http\\Request))
#42 C:\\Users\\GeiPis\\Desktop\\IFSP\\2025\\2\\Programacao Dinamica para Web\\projeto-laravel-spopweb\\mvc-cervejas\\vendor\\laravel\\framework\\src\\Illuminate\\Pipeline\\Pipeline.php(209): Illuminate\\Http\\Middleware\\ValidatePostSize->handle(Object(Illuminate\\Http\\Request), Object(Closure))
#43 C:\\Users\\GeiPis\\Desktop\\IFSP\\2025\\2\\Programacao Dinamica para Web\\projeto-laravel-spopweb\\mvc-cervejas\\vendor\\laravel\\framework\\src\\Illuminate\\Foundation\\Http\\Middleware\\PreventRequestsDuringMaintenance.php(110): Illuminate\\Pipeline\\Pipeline->{closure:{closure:Illuminate\\Pipeline\\Pipeline::carry():184}:185}(Object(Illuminate\\Http\\Request))
#44 C:\\Users\\GeiPis\\Desktop\\IFSP\\2025\\2\\Programacao Dinamica para Web\\projeto-laravel-spopweb\\mvc-cervejas\\vendor\\laravel\\framework\\src\\Illuminate\\Pipeline\\Pipeline.php(209): Illuminate\\Foundation\\Http\\Middleware\\PreventRequestsDuringMaintenance->handle(Object(Illuminate\\Http\\Request), Object(Closure))
#45 C:\\Users\\GeiPis\\Desktop\\IFSP\\2025\\2\\Programacao Dinamica para Web\\projeto-laravel-spopweb\\mvc-cervejas\\vendor\\laravel\\framework\\src\\Illuminate\\Http\\Middleware\\HandleCors.php(49): Illuminate\\Pipeline\\Pipeline->{closure:{closure:Illuminate\\Pipeline\\Pipeline::carry():184}:185}(Object(Illuminate\\Http\\Request))
#46 C:\\Users\\GeiPis\\Desktop\\IFSP\\2025\\2\\Programacao Dinamica para Web\\projeto-laravel-spopweb\\mvc-cervejas\\vendor\\laravel\\framework\\src\\Illuminate\\Pipeline\\Pipeline.php(209): Illuminate\\Http\\Middleware\\HandleCors->handle(Object(Illuminate\\Http\\Request), Object(Closure))
#47 C:\\Users\\GeiPis\\Desktop\\IFSP\\2025\\2\\Programacao Dinamica para Web\\projeto-laravel-spopweb\\mvc-cervejas\\vendor\\laravel\\framework\\src\\Illuminate\\Http\\Middleware\\TrustProxies.php(58): Illuminate\\Pipeline\\Pipeline->{closure:{closure:Illuminate\\Pipeline\\Pipeline::carry():184}:185}(Object(Illuminate\\Http\\Request))
#48 C:\\Users\\GeiPis\\Desktop\\IFSP\\2025\\2\\Programacao Dinamica para Web\\projeto-laravel-spopweb\\mvc-cervejas\\vendor\\laravel\\framework\\src\\Illuminate\\Pipeline\\Pipeline.php(209): Illuminate\\Http\\Middleware\\TrustProxies->handle(Object(Illuminate\\Http\\Request), Object(Closure))
#49 C:\\Users\\GeiPis\\Desktop\\IFSP\\2025\\2\\Programacao Dinamica para Web\\projeto-laravel-spopweb\\mvc-cervejas\\vendor\\laravel\\framework\\src\\Illuminate\\Foundation\\Http\\Middleware\\InvokeDeferredCallbacks.php(22): Illuminate\\Pipeline\\Pipeline->{closure:{closure:Illuminate\\Pipeline\\Pipeline::carry():184}:185}(Object(Illuminate\\Http\\Request))
#50 C:\\Users\\GeiPis\\Desktop\\IFSP\\2025\\2\\Programacao Dinamica para Web\\projeto-laravel-spopweb\\mvc-cervejas\\vendor\\laravel\\framework\\src\\Illuminate\\Pipeline\\Pipeline.php(209): Illuminate\\Foundation\\Http\\Middleware\\InvokeDeferredCallbacks->handle(Object(Illuminate\\Http\\Request), Object(Closure))
#51 C:\\Users\\GeiPis\\Desktop\\IFSP\\2025\\2\\Programacao Dinamica para Web\\projeto-laravel-spopweb\\mvc-cervejas\\vendor\\laravel\\framework\\src\\Illuminate\\Pipeline\\Pipeline.php(127): Illuminate\\Pipeline\\Pipeline->{closure:{closure:Illuminate\\Pipeline\\Pipeline::carry():184}:185}(Object(Illuminate\\Http\\Request))
#52 C:\\Users\\GeiPis\\Desktop\\IFSP\\2025\\2\\Programacao Dinamica para Web\\projeto-laravel-spopweb\\mvc-cervejas\\vendor\\laravel\\framework\\src\\Illuminate\\Foundation\\Http\\Kernel.php(176): Illuminate\\Pipeline\\Pipeline->then(Object(Closure))
#53 C:\\Users\\GeiPis\\Desktop\\IFSP\\2025\\2\\Programacao Dinamica para Web\\projeto-laravel-spopweb\\mvc-cervejas\\vendor\\laravel\\framework\\src\\Illuminate\\Foundation\\Http\\Kernel.php(145): Illuminate\\Foundation\\Http\\Kernel->sendRequestThroughRouter(Object(Illuminate\\Http\\Request))
#54 C:\\Users\\GeiPis\\Desktop\\IFSP\\2025\\2\\Programacao Dinamica para Web\\projeto-laravel-spopweb\\mvc-cervejas\\vendor\\laravel\\framework\\src\\Illuminate\\Foundation\\Application.php(1220): Illuminate\\Foundation\\Http\\Kernel->handle(Object(Illuminate\\Http\\Request))
#55 C:\\Users\\GeiPis\\Desktop\\IFSP\\2025\\2\\Programacao Dinamica para Web\\projeto-laravel-spopweb\\mvc-cervejas\\public\\index.php(17): Illuminate\\Foundation\\Application->handleRequest(Object(Illuminate\\Http\\Request))
#56 C:\\Users\\GeiPis\\Desktop\\IFSP\\2025\\2\\Programacao Dinamica para Web\\projeto-laravel-spopweb\\mvc-cervejas\\vendor\\laravel\\framework\\src\\Illuminate\\Foundation\\resources\\server.php(23): require_once('C:\\\\Users\\\\GeiPis...')
#57 {main}

[previous exception] [object] (Symfony\\Component\\Routing\\Exception\\RouteNotFoundException(code: 0): Route [cervejas.store] not defined. at C:\\Users\\GeiPis\\Desktop\\IFSP\\2025\\2\\Programacao Dinamica para Web\\projeto-laravel-spopweb\\mvc-cervejas\\vendor\\laravel\\framework\\src\\Illuminate\\Routing\\UrlGenerator.php:517)
[stacktrace]
#0 C:\\Users\\GeiPis\\Desktop\\IFSP\\2025\\2\\Programacao Dinamica para Web\\projeto-laravel-spopweb\\mvc-cervejas\\vendor\\laravel\\framework\\src\\Illuminate\\Foundation\\helpers.php(853): Illuminate\\Routing\\UrlGenerator->route('cervejas.store', Array, true)
#1 C:\\Users\\GeiPis\\Desktop\\IFSP\\2025\\2\\Programacao Dinamica para Web\\projeto-laravel-spopweb\\mvc-cervejas\\storage\\framework\\views\\ed99253affb394869f0171bfb7bd1106.php(22): route('cervejas.store')
#2 C:\\Users\\GeiPis\\Desktop\\IFSP\\2025\\2\\Programacao Dinamica para Web\\projeto-laravel-spopweb\\mvc-cervejas\\vendor\\laravel\\framework\\src\\Illuminate\\Filesystem\\Filesystem.php(123): require('C:\\\\Users\\\\GeiPis...')
#3 C:\\Users\\GeiPis\\Desktop\\IFSP\\2025\\2\\Programacao Dinamica para Web\\projeto-laravel-spopweb\\mvc-cervejas\\vendor\\laravel\\framework\\src\\Illuminate\\Filesystem\\Filesystem.php(124): Illuminate\\Filesystem\\Filesystem::{closure:Illuminate\\Filesystem\\Filesystem::getRequire():120}()
#4 C:\\Users\\GeiPis\\Desktop\\IFSP\\2025\\2\\Programacao Dinamica para Web\\projeto-laravel-spopweb\\mvc-cervejas\\vendor\\laravel\\framework\\src\\Illuminate\\View\\Engines\\PhpEngine.php(58): Illuminate\\Filesystem\\Filesystem->getRequire('C:\\\\Users\\\\GeiPis...', Array)
#5 C:\\Users\\GeiPis\\Desktop\\IFSP\\2025\\2\\Programacao Dinamica para Web\\projeto-laravel-spopweb\\mvc-cervejas\\vendor\\laravel\\framework\\src\\Illuminate\\View\\Engines\\CompilerEngine.php(75): Illuminate\\View\\Engines\\PhpEngine->evaluatePath('C:\\\\Users\\\\GeiPis...', Array)
#6 C:\\Users\\GeiPis\\Desktop\\IFSP\\2025\\2\\Programacao Dinamica para Web\\projeto-laravel-spopweb\\mvc-cervejas\\vendor\\laravel\\framework\\src\\Illuminate\\View\\View.php(209): Illuminate\\View\\Engines\\CompilerEngine->get('C:\\\\Users\\\\GeiPis...', Array)
#7 C:\\Users\\GeiPis\\Desktop\\IFSP\\2025\\2\\Programacao Dinamica para Web\\projeto-laravel-spopweb\\mvc-cervejas\\vendor\\laravel\\framework\\src\\Illuminate\\View\\View.php(192): Illuminate\\View\\View->getContents()
#8 C:\\Users\\GeiPis\\Desktop\\IFSP\\2025\\2\\Programacao Dinamica para Web\\projeto-laravel-spopweb\\mvc-cervejas\\vendor\\laravel\\framework\\src\\Illuminate\\View\\View.php(161): Illuminate\\View\\View->renderContents()
#9 C:\\Users\\GeiPis\\Desktop\\IFSP\\2025\\2\\Programacao Dinamica para Web\\projeto-laravel-spopweb\\mvc-cervejas\\vendor\\laravel\\framework\\src\\Illuminate\\Http\\Response.php(79): Illuminate\\View\\View->render()
#10 C:\\Users\\GeiPis\\Desktop\\IFSP\\2025\\2\\Programacao Dinamica para Web\\projeto-laravel-spopweb\\mvc-cervejas\\vendor\\laravel\\framework\\src\\Illuminate\\Http\\Response.php(35): Illuminate\\Http\\Response->setContent(Object(Illuminate\\View\\View))
#11 C:\\Users\\GeiPis\\Desktop\\IFSP\\2025\\2\\Programacao Dinamica para Web\\projeto-laravel-spopweb\\mvc-cervejas\\vendor\\laravel\\framework\\src\\Illuminate\\Routing\\Router.php(920): Illuminate\\Http\\Response->__construct(Object(Illuminate\\View\\View), 200, Array)
#12 C:\\Users\\GeiPis\\Desktop\\IFSP\\2025\\2\\Programacao Dinamica para Web\\projeto-laravel-spopweb\\mvc-cervejas\\vendor\\laravel\\framework\\src\\Illuminate\\Routing\\Router.php(887): Illuminate\\Routing\\Router::toResponse(Object(Illuminate\\Http\\Request), Object(Illuminate\\View\\View))
#13 C:\\Users\\GeiPis\\Desktop\\IFSP\\2025\\2\\Programacao Dinamica para Web\\projeto-laravel-spopweb\\mvc-cervejas\\vendor\\laravel\\framework\\src\\Illuminate\\Routing\\Router.php(807): Illuminate\\Routing\\Router->prepareResponse(Object(Illuminate\\Http\\Request), Object(Illuminate\\View\\View))
#14 C:\\Users\\GeiPis\\Desktop\\IFSP\\2025\\2\\Programacao Dinamica para Web\\projeto-laravel-spopweb\\mvc-cervejas\\vendor\\laravel\\framework\\src\\Illuminate\\Pipeline\\Pipeline.php(170): Illuminate\\Routing\\Router->{closure:Illuminate\\Routing\\Router::runRouteWithinStack():807}(Object(Illuminate\\Http\\Request))
#15 C:\\Users\\GeiPis\\Desktop\\IFSP\\2025\\2\\Programacao Dinamica para Web\\projeto-laravel-spopweb\\mvc-cervejas\\vendor\\laravel\\framework\\src\\Illuminate\\Auth\\Middleware\\EnsureEmailIsVerified.php(41): Illuminate\\Pipeline\\Pipeline->{closure:Illuminate\\Pipeline\\Pipeline::prepareDestination():168}(Object(Illuminate\\Http\\Request))
#16 C:\\Users\\GeiPis\\Desktop\\IFSP\\2025\\2\\Programacao Dinamica para Web\\projeto-laravel-spopweb\\mvc-cervejas\\vendor\\laravel\\framework\\src\\Illuminate\\Pipeline\\Pipeline.php(209): Illuminate\\Auth\\Middleware\\EnsureEmailIsVerified->handle(Object(Illuminate\\Http\\Request), Object(Closure))
#17 C:\\Users\\GeiPis\\Desktop\\IFSP\\2025\\2\\Programacao Dinamica para Web\\projeto-laravel-spopweb\\mvc-cervejas\\vendor\\laravel\\framework\\src\\Illuminate\\Routing\\Middleware\\SubstituteBindings.php(51): Illuminate\\Pipeline\\Pipeline->{closure:{closure:Illuminate\\Pipeline\\Pipeline::carry():184}:185}(Object(Illuminate\\Http\\Request))
#18 C:\\Users\\GeiPis\\Desktop\\IFSP\\2025\\2\\Programacao Dinamica para Web\\projeto-laravel-spopweb\\mvc-cervejas\\vendor\\laravel\\framework\\src\\Illuminate\\Pipeline\\Pipeline.php(209): Illuminate\\Routing\\Middleware\\SubstituteBindings->handle(Object(Illuminate\\Http\\Request), Object(Closure))
#19 C:\\Users\\GeiPis\\Desktop\\IFSP\\2025\\2\\Programacao Dinamica para Web\\projeto-laravel-spopweb\\mvc-cervejas\\vendor\\laravel\\framework\\src\\Illuminate\\Auth\\Middleware\\Authenticate.php(64): Illuminate\\Pipeline\\Pipeline->{closure:{closure:Illuminate\\Pipeline\\Pipeline::carry():184}:185}(Object(Illuminate\\Http\\Request))
#20 C:\\Users\\GeiPis\\Desktop\\IFSP\\2025\\2\\Programacao Dinamica para Web\\projeto-laravel-spopweb\\mvc-cervejas\\vendor\\laravel\\framework\\src\\Illuminate\\Pipeline\\Pipeline.php(209): Illuminate\\Auth\\Middleware\\Authenticate->handle(Object(Illuminate\\Http\\Request), Object(Closure))
#21 C:\\Users\\GeiPis\\Desktop\\IFSP\\2025\\2\\Programacao Dinamica para Web\\projeto-laravel-spopweb\\mvc-cervejas\\vendor\\laravel\\framework\\src\\Illuminate\\Foundation\\Http\\Middleware\\VerifyCsrfToken.php(88): Illuminate\\Pipeline\\Pipeline->{closure:{closure:Illuminate\\Pipeline\\Pipeline::carry():184}:185}(Object(Illuminate\\Http\\Request))
#22 C:\\Users\\GeiPis\\Desktop\\IFSP\\2025\\2\\Programacao Dinamica para Web\\projeto-laravel-spopweb\\mvc-cervejas\\vendor\\laravel\\framework\\src\\Illuminate\\Pipeline\\Pipeline.php(209): Illuminate\\Foundation\\Http\\Middleware\\VerifyCsrfToken->handle(Object(Illuminate\\Http\\Request), Object(Closure))
#23 C:\\Users\\GeiPis\\Desktop\\IFSP\\2025\\2\\Programacao Dinamica para Web\\projeto-laravel-spopweb\\mvc-cervejas\\vendor\\laravel\\framework\\src\\Illuminate\\View\\Middleware\\ShareErrorsFromSession.php(49): Illuminate\\Pipeline\\Pipeline->{closure:{closure:Illuminate\\Pipeline\\Pipeline::carry():184}:185}(Object(Illuminate\\Http\\Request))
#24 C:\\Users\\GeiPis\\Desktop\\IFSP\\2025\\2\\Programacao Dinamica para Web\\projeto-laravel-spopweb\\mvc-cervejas\\vendor\\laravel\\framework\\src\\Illuminate\\Pipeline\\Pipeline.php(209): Illuminate\\View\\Middleware\\ShareErrorsFromSession->handle(Object(Illuminate\\Http\\Request), Object(Closure))
#25 C:\\Users\\GeiPis\\Desktop\\IFSP\\2025\\2\\Programacao Dinamica para Web\\projeto-laravel-spopweb\\mvc-cervejas\\vendor\\laravel\\framework\\src\\Illuminate\\Session\\Middleware\\StartSession.php(121): Illuminate\\Pipeline\\Pipeline->{closure:{closure:Illuminate\\Pipeline\\Pipeline::carry():184}:185}(Object(Illuminate\\Http\\Request))
#26 C:\\Users\\GeiPis\\Desktop\\IFSP\\2025\\2\\Programacao Dinamica para Web\\projeto-laravel-spopweb\\mvc-cervejas\\vendor\\laravel\\framework\\src\\Illuminate\\Session\\Middleware\\StartSession.php(64): Illuminate\\Session\\Middleware\\StartSession->handleStatefulRequest(Object(Illuminate\\Http\\Request), Object(Illuminate\\Session\\Store), Object(Closure))
#27 C:\\Users\\GeiPis\\Desktop\\IFSP\\2025\\2\\Programacao Dinamica para Web\\projeto-laravel-spopweb\\mvc-cervejas\\vendor\\laravel\\framework\\src\\Illuminate\\Pipeline\\Pipeline.php(209): Illuminate\\Session\\Middleware\\StartSession->handle(Object(Illuminate\\Http\\Request), Object(Closure))
#28 C:\\Users\\GeiPis\\Desktop\\IFSP\\2025\\2\\Programacao Dinamica para Web\\projeto-laravel-spopweb\\mvc-cervejas\\vendor\\laravel\\framework\\src\\Illuminate\\Cookie\\Middleware\\AddQueuedCookiesToResponse.php(37): Illuminate\\Pipeline\\Pipeline->{closure:{closure:Illuminate\\Pipeline\\Pipeline::carry():184}:185}(Object(Illuminate\\Http\\Request))
#29 C:\\Users\\GeiPis\\Desktop\\IFSP\\2025\\2\\Programacao Dinamica para Web\\projeto-laravel-spopweb\\mvc-cervejas\\vendor\\laravel\\framework\\src\\Illuminate\\Pipeline\\Pipeline.php(209): Illuminate\\Cookie\\Middleware\\AddQueuedCookiesToResponse->handle(Object(Illuminate\\Http\\Request), Object(Closure))
#30 C:\\Users\\GeiPis\\Desktop\\IFSP\\2025\\2\\Programacao Dinamica para Web\\projeto-laravel-spopweb\\mvc-cervejas\\vendor\\laravel\\framework\\src\\Illuminate\\Cookie\\Middleware\\EncryptCookies.php(75): Illuminate\\Pipeline\\Pipeline->{closure:{closure:Illuminate\\Pipeline\\Pipeline::carry():184}:185}(Object(Illuminate\\Http\\Request))
#31 C:\\Users\\GeiPis\\Desktop\\IFSP\\2025\\2\\Programacao Dinamica para Web\\projeto-laravel-spopweb\\mvc-cervejas\\vendor\\laravel\\framework\\src\\Illuminate\\Pipeline\\Pipeline.php(209): Illuminate\\Cookie\\Middleware\\EncryptCookies->handle(Object(Illuminate\\Http\\Request), Object(Closure))
#32 C:\\Users\\GeiPis\\Desktop\\IFSP\\2025\\2\\Programacao Dinamica para Web\\projeto-laravel-spopweb\\mvc-cervejas\\vendor\\laravel\\framework\\src\\Illuminate\\Pipeline\\Pipeline.php(127): Illuminate\\Pipeline\\Pipeline->{closure:{closure:Illuminate\\Pipeline\\Pipeline::carry():184}:185}(Object(Illuminate\\Http\\Request))
#33 C:\\Users\\GeiPis\\Desktop\\IFSP\\2025\\2\\Programacao Dinamica para Web\\projeto-laravel-spopweb\\mvc-cervejas\\vendor\\laravel\\framework\\src\\Illuminate\\Routing\\Router.php(807): Illuminate\\Pipeline\\Pipeline->then(Object(Closure))
#34 C:\\Users\\GeiPis\\Desktop\\IFSP\\2025\\2\\Programacao Dinamica para Web\\projeto-laravel-spopweb\\mvc-cervejas\\vendor\\laravel\\framework\\src\\Illuminate\\Routing\\Router.php(786): Illuminate\\Routing\\Router->runRouteWithinStack(Object(Illuminate\\Routing\\Route), Object(Illuminate\\Http\\Request))
#35 C:\\Users\\GeiPis\\Desktop\\IFSP\\2025\\2\\Programacao Dinamica para Web\\projeto-laravel-spopweb\\mvc-cervejas\\vendor\\laravel\\framework\\src\\Illuminate\\Routing\\Router.php(750): Illuminate\\Routing\\Router->runRoute(Object(Illuminate\\Http\\Request), Object(Illuminate\\Routing\\Route))
#36 C:\\Users\\GeiPis\\Desktop\\IFSP\\2025\\2\\Programacao Dinamica para Web\\projeto-laravel-spopweb\\mvc-cervejas\\vendor\\laravel\\framework\\src\\Illuminate\\Routing\\Router.php(739): Illuminate\\Routing\\Router->dispatchToRoute(Object(Illuminate\\Http\\Request))
#37 C:\\Users\\GeiPis\\Desktop\\IFSP\\2025\\2\\Programacao Dinamica para Web\\projeto-laravel-spopweb\\mvc-cervejas\\vendor\\laravel\\framework\\src\\Illuminate\\Foundation\\Http\\Kernel.php(201): Illuminate\\Routing\\Router->dispatch(Object(Illuminate\\Http\\Request))
#38 C:\\Users\\GeiPis\\Desktop\\IFSP\\2025\\2\\Programacao Dinamica para Web\\projeto-laravel-spopweb\\mvc-cervejas\\vendor\\laravel\\framework\\src\\Illuminate\\Pipeline\\Pipeline.php(170): Illuminate\\Foundation\\Http\\Kernel->{closure:Illuminate\\Foundation\\Http\\Kernel::dispatchToRouter():198}(Object(Illuminate\\Http\\Request))
#39 C:\\Users\\GeiPis\\Desktop\\IFSP\\2025\\2\\Programacao Dinamica para Web\\projeto-laravel-spopweb\\mvc-cervejas\\vendor\\laravel\\framework\\src\\Illuminate\\Foundation\\Http\\Middleware\\TransformsRequest.php(21): Illuminate\\Pipeline\\Pipeline->{closure:Illuminate\\Pipeline\\Pipeline::prepareDestination():168}(Object(Illuminate\\Http\\Request))
#40 C:\\Users\\GeiPis\\Desktop\\IFSP\\2025\\2\\Programacao Dinamica para Web\\projeto-laravel-spopweb\\mvc-cervejas\\vendor\\laravel\\framework\\src\\Illuminate\\Foundation\\Http\\Middleware\\ConvertEmptyStringsToNull.php(31): Illuminate\\Foundation\\Http\\Middleware\\TransformsRequest->handle(Object(Illuminate\\Http\\Request), Object(Closure))
#41 C:\\Users\\GeiPis\\Desktop\\IFSP\\2025\\2\\Programacao Dinamica para Web\\projeto-laravel-spopweb\\mvc-cervejas\\vendor\\laravel\\framework\\src\\Illuminate\\Pipeline\\Pipeline.php(209): Illuminate\\Foundation\\Http\\Middleware\\ConvertEmptyStringsToNull->handle(Object(Illuminate\\Http\\Request), Object(Closure))
#42 C:\\Users\\GeiPis\\Desktop\\IFSP\\2025\\2\\Programacao Dinamica para Web\\projeto-laravel-spopweb\\mvc-cervejas\\vendor\\laravel\\framework\\src\\Illuminate\\Foundation\\Http\\Middleware\\TransformsRequest.php(21): Illuminate\\Pipeline\\Pipeline->{closure:{closure:Illuminate\\Pipeline\\Pipeline::carry():184}:185}(Object(Illuminate\\Http\\Request))
#43 C:\\Users\\GeiPis\\Desktop\\IFSP\\2025\\2\\Programacao Dinamica para Web\\projeto-laravel-spopweb\\mvc-cervejas\\vendor\\laravel\\framework\\src\\Illuminate\\Foundation\\Http\\Middleware\\TrimStrings.php(51): Illuminate\\Foundation\\Http\\Middleware\\TransformsRequest->handle(Object(Illuminate\\Http\\Request), Object(Closure))
#44 C:\\Users\\GeiPis\\Desktop\\IFSP\\2025\\2\\Programacao Dinamica para Web\\projeto-laravel-spopweb\\mvc-cervejas\\vendor\\laravel\\framework\\src\\Illuminate\\Pipeline\\Pipeline.php(209): Illuminate\\Foundation\\Http\\Middleware\\TrimStrings->handle(Object(Illuminate\\Http\\Request), Object(Closure))
#45 C:\\Users\\GeiPis\\Desktop\\IFSP\\2025\\2\\Programacao Dinamica para Web\\projeto-laravel-spopweb\\mvc-cervejas\\vendor\\laravel\\framework\\src\\Illuminate\\Http\\Middleware\\ValidatePostSize.php(27): Illuminate\\Pipeline\\Pipeline->{closure:{closure:Illuminate\\Pipeline\\Pipeline::carry():184}:185}(Object(Illuminate\\Http\\Request))
#46 C:\\Users\\GeiPis\\Desktop\\IFSP\\2025\\2\\Programacao Dinamica para Web\\projeto-laravel-spopweb\\mvc-cervejas\\vendor\\laravel\\framework\\src\\Illuminate\\Pipeline\\Pipeline.php(209): Illuminate\\Http\\Middleware\\ValidatePostSize->handle(Object(Illuminate\\Http\\Request), Object(Closure))
#47 C:\\Users\\GeiPis\\Desktop\\IFSP\\2025\\2\\Programacao Dinamica para Web\\projeto-laravel-spopweb\\mvc-cervejas\\vendor\\laravel\\framework\\src\\Illuminate\\Foundation\\Http\\Middleware\\PreventRequestsDuringMaintenance.php(110): Illuminate\\Pipeline\\Pipeline->{closure:{closure:Illuminate\\Pipeline\\Pipeline::carry():184}:185}(Object(Illuminate\\Http\\Request))
#48 C:\\Users\\GeiPis\\Desktop\\IFSP\\2025\\2\\Programacao Dinamica para Web\\projeto-laravel-spopweb\\mvc-cervejas\\vendor\\laravel\\framework\\src\\Illuminate\\Pipeline\\Pipeline.php(209): Illuminate\\Foundation\\Http\\Middleware\\PreventRequestsDuringMaintenance->handle(Object(Illuminate\\Http\\Request), Object(Closure))
#49 C:\\Users\\GeiPis\\Desktop\\IFSP\\2025\\2\\Programacao Dinamica para Web\\projeto-laravel-spopweb\\mvc-cervejas\\vendor\\laravel\\framework\\src\\Illuminate\\Http\\Middleware\\HandleCors.php(49): Illuminate\\Pipeline\\Pipeline->{closure:{closure:Illuminate\\Pipeline\\Pipeline::carry():184}:185}(Object(Illuminate\\Http\\Request))
#50 C:\\Users\\GeiPis\\Desktop\\IFSP\\2025\\2\\Programacao Dinamica para Web\\projeto-laravel-spopweb\\mvc-cervejas\\vendor\\laravel\\framework\\src\\Illuminate\\Pipeline\\Pipeline.php(209): Illuminate\\Http\\Middleware\\HandleCors->handle(Object(Illuminate\\Http\\Request), Object(Closure))
#51 C:\\Users\\GeiPis\\Desktop\\IFSP\\2025\\2\\Programacao Dinamica para Web\\projeto-laravel-spopweb\\mvc-cervejas\\vendor\\laravel\\framework\\src\\Illuminate\\Http\\Middleware\\TrustProxies.php(58): Illuminate\\Pipeline\\Pipeline->{closure:{closure:Illuminate\\Pipeline\\Pipeline::carry():184}:185}(Object(Illuminate\\Http\\Request))
#52 C:\\Users\\GeiPis\\Desktop\\IFSP\\2025\\2\\Programacao Dinamica para Web\\projeto-laravel-spopweb\\mvc-cervejas\\vendor\\laravel\\framework\\src\\Illuminate\\Pipeline\\Pipeline.php(209): Illuminate\\Http\\Middleware\\TrustProxies->handle(Object(Illuminate\\Http\\Request), Object(Closure))
#53 C:\\Users\\GeiPis\\Desktop\\IFSP\\2025\\2\\Programacao Dinamica para Web\\projeto-laravel-spopweb\\mvc-cervejas\\vendor\\laravel\\framework\\src\\Illuminate\\Foundation\\Http\\Middleware\\InvokeDeferredCallbacks.php(22): Illuminate\\Pipeline\\Pipeline->{closure:{closure:Illuminate\\Pipeline\\Pipeline::carry():184}:185}(Object(Illuminate\\Http\\Request))
#54 C:\\Users\\GeiPis\\Desktop\\IFSP\\2025\\2\\Programacao Dinamica para Web\\projeto-laravel-spopweb\\mvc-cervejas\\vendor\\laravel\\framework\\src\\Illuminate\\Pipeline\\Pipeline.php(209): Illuminate\\Foundation\\Http\\Middleware\\InvokeDeferredCallbacks->handle(Object(Illuminate\\Http\\Request), Object(Closure))
#55 C:\\Users\\GeiPis\\Desktop\\IFSP\\2025\\2\\Programacao Dinamica para Web\\projeto-laravel-spopweb\\mvc-cervejas\\vendor\\laravel\\framework\\src\\Illuminate\\Pipeline\\Pipeline.php(127): Illuminate\\Pipeline\\Pipeline->{closure:{closure:Illuminate\\Pipeline\\Pipeline::carry():184}:185}(Object(Illuminate\\Http\\Request))
#56 C:\\Users\\GeiPis\\Desktop\\IFSP\\2025\\2\\Programacao Dinamica para Web\\projeto-laravel-spopweb\\mvc-cervejas\\vendor\\laravel\\framework\\src\\Illuminate\\Foundation\\Http\\Kernel.php(176): Illuminate\\Pipeline\\Pipeline->then(Object(Closure))
#57 C:\\Users\\GeiPis\\Desktop\\IFSP\\2025\\2\\Programacao Dinamica para Web\\projeto-laravel-spopweb\\mvc-cervejas\\vendor\\laravel\\framework\\src\\Illuminate\\Foundation\\Http\\Kernel.php(145): Illuminate\\Foundation\\Http\\Kernel->sendRequestThroughRouter(Object(Illuminate\\Http\\Request))
#58 C:\\Users\\GeiPis\\Desktop\\IFSP\\2025\\2\\Programacao Dinamica para Web\\projeto-laravel-spopweb\\mvc-cervejas\\vendor\\laravel\\framework\\src\\Illuminate\\Foundation\\Application.php(1220): Illuminate\\Foundation\\Http\\Kernel->handle(Object(Illuminate\\Http\\Request))
#59 C:\\Users\\GeiPis\\Desktop\\IFSP\\2025\\2\\Programacao Dinamica para Web\\projeto-laravel-spopweb\\mvc-cervejas\\public\\index.php(17): Illuminate\\Foundation\\Application->handleRequest(Object(Illuminate\\Http\\Request))
#60 C:\\Users\\GeiPis\\Desktop\\IFSP\\2025\\2\\Programacao Dinamica para Web\\projeto-laravel-spopweb\\mvc-cervejas\\vendor\\laravel\\framework\\src\\Illuminate\\Foundation\\resources\\server.php(23): require_once('C:\\\\Users\\\\GeiPis...')
#61 {main}
"} 
[2025-11-28 01:29:33] local.ERROR: Route [cervejas.index] not defined. (View: C:\Users\GeiPis\Desktop\IFSP\2025\2\Programacao Dinamica para Web\projeto-laravel-spopweb\mvc-cervejas\resources\views\cadastrar.blade.php) {"userId":1,"exception":"[object] (Illuminate\\View\\ViewException(code: 0): Route [cervejas.index] not defined. (View: C:\\Users\\GeiPis\\Desktop\\IFSP\\2025\\2\\Programacao Dinamica para Web\\projeto-laravel-spopweb\\mvc-cervejas\\resources\\views\\cadastrar.blade.php) at C:\\Users\\GeiPis\\Desktop\\IFSP\\2025\\2\\Programacao Dinamica para Web\\projeto-laravel-spopweb\\mvc-cervejas\\vendor\\laravel\\framework\\src\\Illuminate\\Routing\\UrlGenerator.php:517)
[stacktrace]
#0 C:\\Users\\GeiPis\\Desktop\\IFSP\\2025\\2\\Programacao Dinamica para Web\\projeto-laravel-spopweb\\mvc-cervejas\\vendor\\laravel\\framework\\src\\Illuminate\\View\\Engines\\PhpEngine.php(60): Illuminate\\View\\Engines\\CompilerEngine->handleViewException(Object(Symfony\\Component\\Routing\\Exception\\RouteNotFoundException), 0)
#1 C:\\Users\\GeiPis\\Desktop\\IFSP\\2025\\2\\Programacao Dinamica para Web\\projeto-laravel-spopweb\\mvc-cervejas\\vendor\\laravel\\framework\\src\\Illuminate\\View\\Engines\\CompilerEngine.php(75): Illuminate\\View\\Engines\\PhpEngine->evaluatePath('C:\\\\Users\\\\GeiPis...', Array)
#2 C:\\Users\\GeiPis\\Desktop\\IFSP\\2025\\2\\Programacao Dinamica para Web\\projeto-laravel-spopweb\\mvc-cervejas\\vendor\\laravel\\framework\\src\\Illuminate\\View\\View.php(209): Illuminate\\View\\Engines\\CompilerEngine->get('C:\\\\Users\\\\GeiPis...', Array)
#3 C:\\Users\\GeiPis\\Desktop\\IFSP\\2025\\2\\Programacao Dinamica para Web\\projeto-laravel-spopweb\\mvc-cervejas\\vendor\\laravel\\framework\\src\\Illuminate\\View\\View.php(192): Illuminate\\View\\View->getContents()
#4 C:\\Users\\GeiPis\\Desktop\\IFSP\\2025\\2\\Programacao Dinamica para Web\\projeto-laravel-spopweb\\mvc-cervejas\\vendor\\laravel\\framework\\src\\Illuminate\\View\\View.php(161): Illuminate\\View\\View->renderContents()
#5 C:\\Users\\GeiPis\\Desktop\\IFSP\\2025\\2\\Programacao Dinamica para Web\\projeto-laravel-spopweb\\mvc-cervejas\\vendor\\laravel\\framework\\src\\Illuminate\\Http\\Response.php(79): Illuminate\\View\\View->render()
#6 C:\\Users\\GeiPis\\Desktop\\IFSP\\2025\\2\\Programacao Dinamica para Web\\projeto-laravel-spopweb\\mvc-cervejas\\vendor\\laravel\\framework\\src\\Illuminate\\Http\\Response.php(35): Illuminate\\Http\\Response->setContent(Object(Illuminate\\View\\View))
#7 C:\\Users\\GeiPis\\Desktop\\IFSP\\2025\\2\\Programacao Dinamica para Web\\projeto-laravel-spopweb\\mvc-cervejas\\vendor\\laravel\\framework\\src\\Illuminate\\Routing\\Router.php(920): Illuminate\\Http\\Response->__construct(Object(Illuminate\\View\\View), 200, Array)
#8 C:\\Users\\GeiPis\\Desktop\\IFSP\\2025\\2\\Programacao Dinamica para Web\\projeto-laravel-spopweb\\mvc-cervejas\\vendor\\laravel\\framework\\src\\Illuminate\\Routing\\Router.php(887): Illuminate\\Routing\\Router::toResponse(Object(Illuminate\\Http\\Request), Object(Illuminate\\View\\View))
#9 C:\\Users\\GeiPis\\Desktop\\IFSP\\2025\\2\\Programacao Dinamica para Web\\projeto-laravel-spopweb\\mvc-cervejas\\vendor\\laravel\\framework\\src\\Illuminate\\Routing\\Router.php(807): Illuminate\\Routing\\Router->prepareResponse(Object(Illuminate\\Http\\Request), Object(Illuminate\\View\\View))
#10 C:\\Users\\GeiPis\\Desktop\\IFSP\\2025\\2\\Programacao Dinamica para Web\\projeto-laravel-spopweb\\mvc-cervejas\\vendor\\laravel\\framework\\src\\Illuminate\\Pipeline\\Pipeline.php(170): Illuminate\\Routing\\Router->{closure:Illuminate\\Routing\\Router::runRouteWithinStack():807}(Object(Illuminate\\Http\\Request))
#11 C:\\Users\\GeiPis\\Desktop\\IFSP\\2025\\2\\Programacao Dinamica para Web\\projeto-laravel-spopweb\\mvc-cervejas\\vendor\\laravel\\framework\\src\\Illuminate\\Auth\\Middleware\\EnsureEmailIsVerified.php(41): Illuminate\\Pipeline\\Pipeline->{closure:Illuminate\\Pipeline\\Pipeline::prepareDestination():168}(Object(Illuminate\\Http\\Request))
#12 C:\\Users\\GeiPis\\Desktop\\IFSP\\2025\\2\\Programacao Dinamica para Web\\projeto-laravel-spopweb\\mvc-cervejas\\vendor\\laravel\\framework\\src\\Illuminate\\Pipeline\\Pipeline.php(209): Illuminate\\Auth\\Middleware\\EnsureEmailIsVerified->handle(Object(Illuminate\\Http\\Request), Object(Closure))
#13 C:\\Users\\GeiPis\\Desktop\\IFSP\\2025\\2\\Programacao Dinamica para Web\\projeto-laravel-spopweb\\mvc-cervejas\\vendor\\laravel\\framework\\src\\Illuminate\\Routing\\Middleware\\SubstituteBindings.php(51): Illuminate\\Pipeline\\Pipeline->{closure:{closure:Illuminate\\Pipeline\\Pipeline::carry():184}:185}(Object(Illuminate\\Http\\Request))
#14 C:\\Users\\GeiPis\\Desktop\\IFSP\\2025\\2\\Programacao Dinamica para Web\\projeto-laravel-spopweb\\mvc-cervejas\\vendor\\laravel\\framework\\src\\Illuminate\\Pipeline\\Pipeline.php(209): Illuminate\\Routing\\Middleware\\SubstituteBindings->handle(Object(Illuminate\\Http\\Request), Object(Closure))
#15 C:\\Users\\GeiPis\\Desktop\\IFSP\\2025\\2\\Programacao Dinamica para Web\\projeto-laravel-spopweb\\mvc-cervejas\\vendor\\laravel\\framework\\src\\Illuminate\\Auth\\Middleware\\Authenticate.php(64): Illuminate\\Pipeline\\Pipeline->{closure:{closure:Illuminate\\Pipeline\\Pipeline::carry():184}:185}(Object(Illuminate\\Http\\Request))
#16 C:\\Users\\GeiPis\\Desktop\\IFSP\\2025\\2\\Programacao Dinamica para Web\\projeto-laravel-spopweb\\mvc-cervejas\\vendor\\laravel\\framework\\src\\Illuminate\\Pipeline\\Pipeline.php(209): Illuminate\\Auth\\Middleware\\Authenticate->handle(Object(Illuminate\\Http\\Request), Object(Closure))
#17 C:\\Users\\GeiPis\\Desktop\\IFSP\\2025\\2\\Programacao Dinamica para Web\\projeto-laravel-spopweb\\mvc-cervejas\\vendor\\laravel\\framework\\src\\Illuminate\\Foundation\\Http\\Middleware\\VerifyCsrfToken.php(88): Illuminate\\Pipeline\\Pipeline->{closure:{closure:Illuminate\\Pipeline\\Pipeline::carry():184}:185}(Object(Illuminate\\Http\\Request))
#18 C:\\Users\\GeiPis\\Desktop\\IFSP\\2025\\2\\Programacao Dinamica para Web\\projeto-laravel-spopweb\\mvc-cervejas\\vendor\\laravel\\framework\\src\\Illuminate\\Pipeline\\Pipeline.php(209): Illuminate\\Foundation\\Http\\Middleware\\VerifyCsrfToken->handle(Object(Illuminate\\Http\\Request), Object(Closure))
#19 C:\\Users\\GeiPis\\Desktop\\IFSP\\2025\\2\\Programacao Dinamica para Web\\projeto-laravel-spopweb\\mvc-cervejas\\vendor\\laravel\\framework\\src\\Illuminate\\View\\Middleware\\ShareErrorsFromSession.php(49): Illuminate\\Pipeline\\Pipeline->{closure:{closure:Illuminate\\Pipeline\\Pipeline::carry():184}:185}(Object(Illuminate\\Http\\Request))
#20 C:\\Users\\GeiPis\\Desktop\\IFSP\\2025\\2\\Programacao Dinamica para Web\\projeto-laravel-spopweb\\mvc-cervejas\\vendor\\laravel\\framework\\src\\Illuminate\\Pipeline\\Pipeline.php(209): Illuminate\\View\\Middleware\\ShareErrorsFromSession->handle(Object(Illuminate\\Http\\Request), Object(Closure))
#21 C:\\Users\\GeiPis\\Desktop\\IFSP\\2025\\2\\Programacao Dinamica para Web\\projeto-laravel-spopweb\\mvc-cervejas\\vendor\\laravel\\framework\\src\\Illuminate\\Session\\Middleware\\StartSession.php(121): Illuminate\\Pipeline\\Pipeline->{closure:{closure:Illuminate\\Pipeline\\Pipeline::carry():184}:185}(Object(Illuminate\\Http\\Request))
#22 C:\\Users\\GeiPis\\Desktop\\IFSP\\2025\\2\\Programacao Dinamica para Web\\projeto-laravel-spopweb\\mvc-cervejas\\vendor\\laravel\\framework\\src\\Illuminate\\Session\\Middleware\\StartSession.php(64): Illuminate\\Session\\Middleware\\StartSession->handleStatefulRequest(Object(Illuminate\\Http\\Request), Object(Illuminate\\Session\\Store), Object(Closure))
#23 C:\\Users\\GeiPis\\Desktop\\IFSP\\2025\\2\\Programacao Dinamica para Web\\projeto-laravel-spopweb\\mvc-cervejas\\vendor\\laravel\\framework\\src\\Illuminate\\Pipeline\\Pipeline.php(209): Illuminate\\Session\\Middleware\\StartSession->handle(Object(Illuminate\\Http\\Request), Object(Closure))
#24 C:\\Users\\GeiPis\\Desktop\\IFSP\\2025\\2\\Programacao Dinamica para Web\\projeto-laravel-spopweb\\mvc-cervejas\\vendor\\laravel\\framework\\src\\Illuminate\\Cookie\\Middleware\\AddQueuedCookiesToResponse.php(37): Illuminate\\Pipeline\\Pipeline->{closure:{closure:Illuminate\\Pipeline\\Pipeline::carry():184}:185}(Object(Illuminate\\Http\\Request))
#25 C:\\Users\\GeiPis\\Desktop\\IFSP\\2025\\2\\Programacao Dinamica para Web\\projeto-laravel-spopweb\\mvc-cervejas\\vendor\\laravel\\framework\\src\\Illuminate\\Pipeline\\Pipeline.php(209): Illuminate\\Cookie\\Middleware\\AddQueuedCookiesToResponse->handle(Object(Illuminate\\Http\\Request), Object(Closure))
#26 C:\\Users\\GeiPis\\Desktop\\IFSP\\2025\\2\\Programacao Dinamica para Web\\projeto-laravel-spopweb\\mvc-cervejas\\vendor\\laravel\\framework\\src\\Illuminate\\Cookie\\Middleware\\EncryptCookies.php(75): Illuminate\\Pipeline\\Pipeline->{closure:{closure:Illuminate\\Pipeline\\Pipeline::carry():184}:185}(Object(Illuminate\\Http\\Request))
#27 C:\\Users\\GeiPis\\Desktop\\IFSP\\2025\\2\\Programacao Dinamica para Web\\projeto-laravel-spopweb\\mvc-cervejas\\vendor\\laravel\\framework\\src\\Illuminate\\Pipeline\\Pipeline.php(209): Illuminate\\Cookie\\Middleware\\EncryptCookies->handle(Object(Illuminate\\Http\\Request), Object(Closure))
#28 C:\\Users\\GeiPis\\Desktop\\IFSP\\2025\\2\\Programacao Dinamica para Web\\projeto-laravel-spopweb\\mvc-cervejas\\vendor\\laravel\\framework\\src\\Illuminate\\Pipeline\\Pipeline.php(127): Illuminate\\Pipeline\\Pipeline->{closure:{closure:Illuminate\\Pipeline\\Pipeline::carry():184}:185}(Object(Illuminate\\Http\\Request))
#29 C:\\Users\\GeiPis\\Desktop\\IFSP\\2025\\2\\Programacao Dinamica para Web\\projeto-laravel-spopweb\\mvc-cervejas\\vendor\\laravel\\framework\\src\\Illuminate\\Routing\\Router.php(807): Illuminate\\Pipeline\\Pipeline->then(Object(Closure))
#30 C:\\Users\\GeiPis\\Desktop\\IFSP\\2025\\2\\Programacao Dinamica para Web\\projeto-laravel-spopweb\\mvc-cervejas\\vendor\\laravel\\framework\\src\\Illuminate\\Routing\\Router.php(786): Illuminate\\Routing\\Router->runRouteWithinStack(Object(Illuminate\\Routing\\Route), Object(Illuminate\\Http\\Request))
#31 C:\\Users\\GeiPis\\Desktop\\IFSP\\2025\\2\\Programacao Dinamica para Web\\projeto-laravel-spopweb\\mvc-cervejas\\vendor\\laravel\\framework\\src\\Illuminate\\Routing\\Router.php(750): Illuminate\\Routing\\Router->runRoute(Object(Illuminate\\Http\\Request), Object(Illuminate\\Routing\\Route))
#32 C:\\Users\\GeiPis\\Desktop\\IFSP\\2025\\2\\Programacao Dinamica para Web\\projeto-laravel-spopweb\\mvc-cervejas\\vendor\\laravel\\framework\\src\\Illuminate\\Routing\\Router.php(739): Illuminate\\Routing\\Router->dispatchToRoute(Object(Illuminate\\Http\\Request))
#33 C:\\Users\\GeiPis\\Desktop\\IFSP\\2025\\2\\Programacao Dinamica para Web\\projeto-laravel-spopweb\\mvc-cervejas\\vendor\\laravel\\framework\\src\\Illuminate\\Foundation\\Http\\Kernel.php(201): Illuminate\\Routing\\Router->dispatch(Object(Illuminate\\Http\\Request))
#34 C:\\Users\\GeiPis\\Desktop\\IFSP\\2025\\2\\Programacao Dinamica para Web\\projeto-laravel-spopweb\\mvc-cervejas\\vendor\\laravel\\framework\\src\\Illuminate\\Pipeline\\Pipeline.php(170): Illuminate\\Foundation\\Http\\Kernel->{closure:Illuminate\\Foundation\\Http\\Kernel::dispatchToRouter():198}(Object(Illuminate\\Http\\Request))
#35 C:\\Users\\GeiPis\\Desktop\\IFSP\\2025\\2\\Programacao Dinamica para Web\\projeto-laravel-spopweb\\mvc-cervejas\\vendor\\laravel\\framework\\src\\Illuminate\\Foundation\\Http\\Middleware\\TransformsRequest.php(21): Illuminate\\Pipeline\\Pipeline->{closure:Illuminate\\Pipeline\\Pipeline::prepareDestination():168}(Object(Illuminate\\Http\\Request))
#36 C:\\Users\\GeiPis\\Desktop\\IFSP\\2025\\2\\Programacao Dinamica para Web\\projeto-laravel-spopweb\\mvc-cervejas\\vendor\\laravel\\framework\\src\\Illuminate\\Foundation\\Http\\Middleware\\ConvertEmptyStringsToNull.php(31): Illuminate\\Foundation\\Http\\Middleware\\TransformsRequest->handle(Object(Illuminate\\Http\\Request), Object(Closure))
#37 C:\\Users\\GeiPis\\Desktop\\IFSP\\2025\\2\\Programacao Dinamica para Web\\projeto-laravel-spopweb\\mvc-cervejas\\vendor\\laravel\\framework\\src\\Illuminate\\Pipeline\\Pipeline.php(209): Illuminate\\Foundation\\Http\\Middleware\\ConvertEmptyStringsToNull->handle(Object(Illuminate\\Http\\Request), Object(Closure))
#38 C:\\Users\\GeiPis\\Desktop\\IFSP\\2025\\2\\Programacao Dinamica para Web\\projeto-laravel-spopweb\\mvc-cervejas\\vendor\\laravel\\framework\\src\\Illuminate\\Foundation\\Http\\Middleware\\TransformsRequest.php(21): Illuminate\\Pipeline\\Pipeline->{closure:{closure:Illuminate\\Pipeline\\Pipeline::carry():184}:185}(Object(Illuminate\\Http\\Request))
#39 C:\\Users\\GeiPis\\Desktop\\IFSP\\2025\\2\\Programacao Dinamica para Web\\projeto-laravel-spopweb\\mvc-cervejas\\vendor\\laravel\\framework\\src\\Illuminate\\Foundation\\Http\\Middleware\\TrimStrings.php(51): Illuminate\\Foundation\\Http\\Middleware\\TransformsRequest->handle(Object(Illuminate\\Http\\Request), Object(Closure))
#40 C:\\Users\\GeiPis\\Desktop\\IFSP\\2025\\2\\Programacao Dinamica para Web\\projeto-laravel-spopweb\\mvc-cervejas\\vendor\\laravel\\framework\\src\\Illuminate\\Pipeline\\Pipeline.php(209): Illuminate\\Foundation\\Http\\Middleware\\TrimStrings->handle(Object(Illuminate\\Http\\Request), Object(Closure))
#41 C:\\Users\\GeiPis\\Desktop\\IFSP\\2025\\2\\Programacao Dinamica para Web\\projeto-laravel-spopweb\\mvc-cervejas\\vendor\\laravel\\framework\\src\\Illuminate\\Http\\Middleware\\ValidatePostSize.php(27): Illuminate\\Pipeline\\Pipeline->{closure:{closure:Illuminate\\Pipeline\\Pipeline::carry():184}:185}(Object(Illuminate\\Http\\Request))
#42 C:\\Users\\GeiPis\\Desktop\\IFSP\\2025\\2\\Programacao Dinamica para Web\\projeto-laravel-spopweb\\mvc-cervejas\\vendor\\laravel\\framework\\src\\Illuminate\\Pipeline\\Pipeline.php(209): Illuminate\\Http\\Middleware\\ValidatePostSize->handle(Object(Illuminate\\Http\\Request), Object(Closure))
#43 C:\\Users\\GeiPis\\Desktop\\IFSP\\2025\\2\\Programacao Dinamica para Web\\projeto-laravel-spopweb\\mvc-cervejas\\vendor\\laravel\\framework\\src\\Illuminate\\Foundation\\Http\\Middleware\\PreventRequestsDuringMaintenance.php(110): Illuminate\\Pipeline\\Pipeline->{closure:{closure:Illuminate\\Pipeline\\Pipeline::carry():184}:185}(Object(Illuminate\\Http\\Request))
#44 C:\\Users\\GeiPis\\Desktop\\IFSP\\2025\\2\\Programacao Dinamica para Web\\projeto-laravel-spopweb\\mvc-cervejas\\vendor\\laravel\\framework\\src\\Illuminate\\Pipeline\\Pipeline.php(209): Illuminate\\Foundation\\Http\\Middleware\\PreventRequestsDuringMaintenance->handle(Object(Illuminate\\Http\\Request), Object(Closure))
#45 C:\\Users\\GeiPis\\Desktop\\IFSP\\2025\\2\\Programacao Dinamica para Web\\projeto-laravel-spopweb\\mvc-cervejas\\vendor\\laravel\\framework\\src\\Illuminate\\Http\\Middleware\\HandleCors.php(49): Illuminate\\Pipeline\\Pipeline->{closure:{closure:Illuminate\\Pipeline\\Pipeline::carry():184}:185}(Object(Illuminate\\Http\\Request))
#46 C:\\Users\\GeiPis\\Desktop\\IFSP\\2025\\2\\Programacao Dinamica para Web\\projeto-laravel-spopweb\\mvc-cervejas\\vendor\\laravel\\framework\\src\\Illuminate\\Pipeline\\Pipeline.php(209): Illuminate\\Http\\Middleware\\HandleCors->handle(Object(Illuminate\\Http\\Request), Object(Closure))
#47 C:\\Users\\GeiPis\\Desktop\\IFSP\\2025\\2\\Programacao Dinamica para Web\\projeto-laravel-spopweb\\mvc-cervejas\\vendor\\laravel\\framework\\src\\Illuminate\\Http\\Middleware\\TrustProxies.php(58): Illuminate\\Pipeline\\Pipeline->{closure:{closure:Illuminate\\Pipeline\\Pipeline::carry():184}:185}(Object(Illuminate\\Http\\Request))
#48 C:\\Users\\GeiPis\\Desktop\\IFSP\\2025\\2\\Programacao Dinamica para Web\\projeto-laravel-spopweb\\mvc-cervejas\\vendor\\laravel\\framework\\src\\Illuminate\\Pipeline\\Pipeline.php(209): Illuminate\\Http\\Middleware\\TrustProxies->handle(Object(Illuminate\\Http\\Request), Object(Closure))
#49 C:\\Users\\GeiPis\\Desktop\\IFSP\\2025\\2\\Programacao Dinamica para Web\\projeto-laravel-spopweb\\mvc-cervejas\\vendor\\laravel\\framework\\src\\Illuminate\\Foundation\\Http\\Middleware\\InvokeDeferredCallbacks.php(22): Illuminate\\Pipeline\\Pipeline->{closure:{closure:Illuminate\\Pipeline\\Pipeline::carry():184}:185}(Object(Illuminate\\Http\\Request))
#50 C:\\Users\\GeiPis\\Desktop\\IFSP\\2025\\2\\Programacao Dinamica para Web\\projeto-laravel-spopweb\\mvc-cervejas\\vendor\\laravel\\framework\\src\\Illuminate\\Pipeline\\Pipeline.php(209): Illuminate\\Foundation\\Http\\Middleware\\InvokeDeferredCallbacks->handle(Object(Illuminate\\Http\\Request), Object(Closure))
#51 C:\\Users\\GeiPis\\Desktop\\IFSP\\2025\\2\\Programacao Dinamica para Web\\projeto-laravel-spopweb\\mvc-cervejas\\vendor\\laravel\\framework\\src\\Illuminate\\Pipeline\\Pipeline.php(127): Illuminate\\Pipeline\\Pipeline->{closure:{closure:Illuminate\\Pipeline\\Pipeline::carry():184}:185}(Object(Illuminate\\Http\\Request))
#52 C:\\Users\\GeiPis\\Desktop\\IFSP\\2025\\2\\Programacao Dinamica para Web\\projeto-laravel-spopweb\\mvc-cervejas\\vendor\\laravel\\framework\\src\\Illuminate\\Foundation\\Http\\Kernel.php(176): Illuminate\\Pipeline\\Pipeline->then(Object(Closure))
#53 C:\\Users\\GeiPis\\Desktop\\IFSP\\2025\\2\\Programacao Dinamica para Web\\projeto-laravel-spopweb\\mvc-cervejas\\vendor\\laravel\\framework\\src\\Illuminate\\Foundation\\Http\\Kernel.php(145): Illuminate\\Foundation\\Http\\Kernel->sendRequestThroughRouter(Object(Illuminate\\Http\\Request))
#54 C:\\Users\\GeiPis\\Desktop\\IFSP\\2025\\2\\Programacao Dinamica para Web\\projeto-laravel-spopweb\\mvc-cervejas\\vendor\\laravel\\framework\\src\\Illuminate\\Foundation\\Application.php(1220): Illuminate\\Foundation\\Http\\Kernel->handle(Object(Illuminate\\Http\\Request))
#55 C:\\Users\\GeiPis\\Desktop\\IFSP\\2025\\2\\Programacao Dinamica para Web\\projeto-laravel-spopweb\\mvc-cervejas\\public\\index.php(17): Illuminate\\Foundation\\Application->handleRequest(Object(Illuminate\\Http\\Request))
#56 C:\\Users\\GeiPis\\Desktop\\IFSP\\2025\\2\\Programacao Dinamica para Web\\projeto-laravel-spopweb\\mvc-cervejas\\vendor\\laravel\\framework\\src\\Illuminate\\Foundation\\resources\\server.php(23): require_once('C:\\\\Users\\\\GeiPis...')
#57 {main}

[previous exception] [object] (Symfony\\Component\\Routing\\Exception\\RouteNotFoundException(code: 0): Route [cervejas.index] not defined. at C:\\Users\\GeiPis\\Desktop\\IFSP\\2025\\2\\Programacao Dinamica para Web\\projeto-laravel-spopweb\\mvc-cervejas\\vendor\\laravel\\framework\\src\\Illuminate\\Routing\\UrlGenerator.php:517)
[stacktrace]
#0 C:\\Users\\GeiPis\\Desktop\\IFSP\\2025\\2\\Programacao Dinamica para Web\\projeto-laravel-spopweb\\mvc-cervejas\\vendor\\laravel\\framework\\src\\Illuminate\\Foundation\\helpers.php(853): Illuminate\\Routing\\UrlGenerator->route('cervejas.index', Array, true)
#1 C:\\Users\\GeiPis\\Desktop\\IFSP\\2025\\2\\Programacao Dinamica para Web\\projeto-laravel-spopweb\\mvc-cervejas\\storage\\framework\\views\\ed99253affb394869f0171bfb7bd1106.php(280): route('cervejas.index')
#2 C:\\Users\\GeiPis\\Desktop\\IFSP\\2025\\2\\Programacao Dinamica para Web\\projeto-laravel-spopweb\\mvc-cervejas\\vendor\\laravel\\framework\\src\\Illuminate\\Filesystem\\Filesystem.php(123): require('C:\\\\Users\\\\GeiPis...')
#3 C:\\Users\\GeiPis\\Desktop\\IFSP\\2025\\2\\Programacao Dinamica para Web\\projeto-laravel-spopweb\\mvc-cervejas\\vendor\\laravel\\framework\\src\\Illuminate\\Filesystem\\Filesystem.php(124): Illuminate\\Filesystem\\Filesystem::{closure:Illuminate\\Filesystem\\Filesystem::getRequire():120}()
#4 C:\\Users\\GeiPis\\Desktop\\IFSP\\2025\\2\\Programacao Dinamica para Web\\projeto-laravel-spopweb\\mvc-cervejas\\vendor\\laravel\\framework\\src\\Illuminate\\View\\Engines\\PhpEngine.php(58): Illuminate\\Filesystem\\Filesystem->getRequire('C:\\\\Users\\\\GeiPis...', Array)
#5 C:\\Users\\GeiPis\\Desktop\\IFSP\\2025\\2\\Programacao Dinamica para Web\\projeto-laravel-spopweb\\mvc-cervejas\\vendor\\laravel\\framework\\src\\Illuminate\\View\\Engines\\CompilerEngine.php(75): Illuminate\\View\\Engines\\PhpEngine->evaluatePath('C:\\\\Users\\\\GeiPis...', Array)
#6 C:\\Users\\GeiPis\\Desktop\\IFSP\\2025\\2\\Programacao Dinamica para Web\\projeto-laravel-spopweb\\mvc-cervejas\\vendor\\laravel\\framework\\src\\Illuminate\\View\\View.php(209): Illuminate\\View\\Engines\\CompilerEngine->get('C:\\\\Users\\\\GeiPis...', Array)
#7 C:\\Users\\GeiPis\\Desktop\\IFSP\\2025\\2\\Programacao Dinamica para Web\\projeto-laravel-spopweb\\mvc-cervejas\\vendor\\laravel\\framework\\src\\Illuminate\\View\\View.php(192): Illuminate\\View\\View->getContents()
#8 C:\\Users\\GeiPis\\Desktop\\IFSP\\2025\\2\\Programacao Dinamica para Web\\projeto-laravel-spopweb\\mvc-cervejas\\vendor\\laravel\\framework\\src\\Illuminate\\View\\View.php(161): Illuminate\\View\\View->renderContents()
#9 C:\\Users\\GeiPis\\Desktop\\IFSP\\2025\\2\\Programacao Dinamica para Web\\projeto-laravel-spopweb\\mvc-cervejas\\vendor\\laravel\\framework\\src\\Illuminate\\Http\\Response.php(79): Illuminate\\View\\View->render()
#10 C:\\Users\\GeiPis\\Desktop\\IFSP\\2025\\2\\Programacao Dinamica para Web\\projeto-laravel-spopweb\\mvc-cervejas\\vendor\\laravel\\framework\\src\\Illuminate\\Http\\Response.php(35): Illuminate\\Http\\Response->setContent(Object(Illuminate\\View\\View))
#11 C:\\Users\\GeiPis\\Desktop\\IFSP\\2025\\2\\Programacao Dinamica para Web\\projeto-laravel-spopweb\\mvc-cervejas\\vendor\\laravel\\framework\\src\\Illuminate\\Routing\\Router.php(920): Illuminate\\Http\\Response->__construct(Object(Illuminate\\View\\View), 200, Array)
#12 C:\\Users\\GeiPis\\Desktop\\IFSP\\2025\\2\\Programacao Dinamica para Web\\projeto-laravel-spopweb\\mvc-cervejas\\vendor\\laravel\\framework\\src\\Illuminate\\Routing\\Router.php(887): Illuminate\\Routing\\Router::toResponse(Object(Illuminate\\Http\\Request), Object(Illuminate\\View\\View))
#13 C:\\Users\\GeiPis\\Desktop\\IFSP\\2025\\2\\Programacao Dinamica para Web\\projeto-laravel-spopweb\\mvc-cervejas\\vendor\\laravel\\framework\\src\\Illuminate\\Routing\\Router.php(807): Illuminate\\Routing\\Router->prepareResponse(Object(Illuminate\\Http\\Request), Object(Illuminate\\View\\View))
#14 C:\\Users\\GeiPis\\Desktop\\IFSP\\2025\\2\\Programacao Dinamica para Web\\projeto-laravel-spopweb\\mvc-cervejas\\vendor\\laravel\\framework\\src\\Illuminate\\Pipeline\\Pipeline.php(170): Illuminate\\Routing\\Router->{closure:Illuminate\\Routing\\Router::runRouteWithinStack():807}(Object(Illuminate\\Http\\Request))
#15 C:\\Users\\GeiPis\\Desktop\\IFSP\\2025\\2\\Programacao Dinamica para Web\\projeto-laravel-spopweb\\mvc-cervejas\\vendor\\laravel\\framework\\src\\Illuminate\\Auth\\Middleware\\EnsureEmailIsVerified.php(41): Illuminate\\Pipeline\\Pipeline->{closure:Illuminate\\Pipeline\\Pipeline::prepareDestination():168}(Object(Illuminate\\Http\\Request))
#16 C:\\Users\\GeiPis\\Desktop\\IFSP\\2025\\2\\Programacao Dinamica para Web\\projeto-laravel-spopweb\\mvc-cervejas\\vendor\\laravel\\framework\\src\\Illuminate\\Pipeline\\Pipeline.php(209): Illuminate\\Auth\\Middleware\\EnsureEmailIsVerified->handle(Object(Illuminate\\Http\\Request), Object(Closure))
#17 C:\\Users\\GeiPis\\Desktop\\IFSP\\2025\\2\\Programacao Dinamica para Web\\projeto-laravel-spopweb\\mvc-cervejas\\vendor\\laravel\\framework\\src\\Illuminate\\Routing\\Middleware\\SubstituteBindings.php(51): Illuminate\\Pipeline\\Pipeline->{closure:{closure:Illuminate\\Pipeline\\Pipeline::carry():184}:185}(Object(Illuminate\\Http\\Request))
#18 C:\\Users\\GeiPis\\Desktop\\IFSP\\2025\\2\\Programacao Dinamica para Web\\projeto-laravel-spopweb\\mvc-cervejas\\vendor\\laravel\\framework\\src\\Illuminate\\Pipeline\\Pipeline.php(209): Illuminate\\Routing\\Middleware\\SubstituteBindings->handle(Object(Illuminate\\Http\\Request), Object(Closure))
#19 C:\\Users\\GeiPis\\Desktop\\IFSP\\2025\\2\\Programacao Dinamica para Web\\projeto-laravel-spopweb\\mvc-cervejas\\vendor\\laravel\\framework\\src\\Illuminate\\Auth\\Middleware\\Authenticate.php(64): Illuminate\\Pipeline\\Pipeline->{closure:{closure:Illuminate\\Pipeline\\Pipeline::carry():184}:185}(Object(Illuminate\\Http\\Request))
#20 C:\\Users\\GeiPis\\Desktop\\IFSP\\2025\\2\\Programacao Dinamica para Web\\projeto-laravel-spopweb\\mvc-cervejas\\vendor\\laravel\\framework\\src\\Illuminate\\Pipeline\\Pipeline.php(209): Illuminate\\Auth\\Middleware\\Authenticate->handle(Object(Illuminate\\Http\\Request), Object(Closure))
#21 C:\\Users\\GeiPis\\Desktop\\IFSP\\2025\\2\\Programacao Dinamica para Web\\projeto-laravel-spopweb\\mvc-cervejas\\vendor\\laravel\\framework\\src\\Illuminate\\Foundation\\Http\\Middleware\\VerifyCsrfToken.php(88): Illuminate\\Pipeline\\Pipeline->{closure:{closure:Illuminate\\Pipeline\\Pipeline::carry():184}:185}(Object(Illuminate\\Http\\Request))
#22 C:\\Users\\GeiPis\\Desktop\\IFSP\\2025\\2\\Programacao Dinamica para Web\\projeto-laravel-spopweb\\mvc-cervejas\\vendor\\laravel\\framework\\src\\Illuminate\\Pipeline\\Pipeline.php(209): Illuminate\\Foundation\\Http\\Middleware\\VerifyCsrfToken->handle(Object(Illuminate\\Http\\Request), Object(Closure))
#23 C:\\Users\\GeiPis\\Desktop\\IFSP\\2025\\2\\Programacao Dinamica para Web\\projeto-laravel-spopweb\\mvc-cervejas\\vendor\\laravel\\framework\\src\\Illuminate\\View\\Middleware\\ShareErrorsFromSession.php(49): Illuminate\\Pipeline\\Pipeline->{closure:{closure:Illuminate\\Pipeline\\Pipeline::carry():184}:185}(Object(Illuminate\\Http\\Request))
#24 C:\\Users\\GeiPis\\Desktop\\IFSP\\2025\\2\\Programacao Dinamica para Web\\projeto-laravel-spopweb\\mvc-cervejas\\vendor\\laravel\\framework\\src\\Illuminate\\Pipeline\\Pipeline.php(209): Illuminate\\View\\Middleware\\ShareErrorsFromSession->handle(Object(Illuminate\\Http\\Request), Object(Closure))
#25 C:\\Users\\GeiPis\\Desktop\\IFSP\\2025\\2\\Programacao Dinamica para Web\\projeto-laravel-spopweb\\mvc-cervejas\\vendor\\laravel\\framework\\src\\Illuminate\\Session\\Middleware\\StartSession.php(121): Illuminate\\Pipeline\\Pipeline->{closure:{closure:Illuminate\\Pipeline\\Pipeline::carry():184}:185}(Object(Illuminate\\Http\\Request))
#26 C:\\Users\\GeiPis\\Desktop\\IFSP\\2025\\2\\Programacao Dinamica para Web\\projeto-laravel-spopweb\\mvc-cervejas\\vendor\\laravel\\framework\\src\\Illuminate\\Session\\Middleware\\StartSession.php(64): Illuminate\\Session\\Middleware\\StartSession->handleStatefulRequest(Object(Illuminate\\Http\\Request), Object(Illuminate\\Session\\Store), Object(Closure))
#27 C:\\Users\\GeiPis\\Desktop\\IFSP\\2025\\2\\Programacao Dinamica para Web\\projeto-laravel-spopweb\\mvc-cervejas\\vendor\\laravel\\framework\\src\\Illuminate\\Pipeline\\Pipeline.php(209): Illuminate\\Session\\Middleware\\StartSession->handle(Object(Illuminate\\Http\\Request), Object(Closure))
#28 C:\\Users\\GeiPis\\Desktop\\IFSP\\2025\\2\\Programacao Dinamica para Web\\projeto-laravel-spopweb\\mvc-cervejas\\vendor\\laravel\\framework\\src\\Illuminate\\Cookie\\Middleware\\AddQueuedCookiesToResponse.php(37): Illuminate\\Pipeline\\Pipeline->{closure:{closure:Illuminate\\Pipeline\\Pipeline::carry():184}:185}(Object(Illuminate\\Http\\Request))
#29 C:\\Users\\GeiPis\\Desktop\\IFSP\\2025\\2\\Programacao Dinamica para Web\\projeto-laravel-spopweb\\mvc-cervejas\\vendor\\laravel\\framework\\src\\Illuminate\\Pipeline\\Pipeline.php(209): Illuminate\\Cookie\\Middleware\\AddQueuedCookiesToResponse->handle(Object(Illuminate\\Http\\Request), Object(Closure))
#30 C:\\Users\\GeiPis\\Desktop\\IFSP\\2025\\2\\Programacao Dinamica para Web\\projeto-laravel-spopweb\\mvc-cervejas\\vendor\\laravel\\framework\\src\\Illuminate\\Cookie\\Middleware\\EncryptCookies.php(75): Illuminate\\Pipeline\\Pipeline->{closure:{closure:Illuminate\\Pipeline\\Pipeline::carry():184}:185}(Object(Illuminate\\Http\\Request))
#31 C:\\Users\\GeiPis\\Desktop\\IFSP\\2025\\2\\Programacao Dinamica para Web\\projeto-laravel-spopweb\\mvc-cervejas\\vendor\\laravel\\framework\\src\\Illuminate\\Pipeline\\Pipeline.php(209): Illuminate\\Cookie\\Middleware\\EncryptCookies->handle(Object(Illuminate\\Http\\Request), Object(Closure))
#32 C:\\Users\\GeiPis\\Desktop\\IFSP\\2025\\2\\Programacao Dinamica para Web\\projeto-laravel-spopweb\\mvc-cervejas\\vendor\\laravel\\framework\\src\\Illuminate\\Pipeline\\Pipeline.php(127): Illuminate\\Pipeline\\Pipeline->{closure:{closure:Illuminate\\Pipeline\\Pipeline::carry():184}:185}(Object(Illuminate\\Http\\Request))
#33 C:\\Users\\GeiPis\\Desktop\\IFSP\\2025\\2\\Programacao Dinamica para Web\\projeto-laravel-spopweb\\mvc-cervejas\\vendor\\laravel\\framework\\src\\Illuminate\\Routing\\Router.php(807): Illuminate\\Pipeline\\Pipeline->then(Object(Closure))
#34 C:\\Users\\GeiPis\\Desktop\\IFSP\\2025\\2\\Programacao Dinamica para Web\\projeto-laravel-spopweb\\mvc-cervejas\\vendor\\laravel\\framework\\src\\Illuminate\\Routing\\Router.php(786): Illuminate\\Routing\\Router->runRouteWithinStack(Object(Illuminate\\Routing\\Route), Object(Illuminate\\Http\\Request))
#35 C:\\Users\\GeiPis\\Desktop\\IFSP\\2025\\2\\Programacao Dinamica para Web\\projeto-laravel-spopweb\\mvc-cervejas\\vendor\\laravel\\framework\\src\\Illuminate\\Routing\\Router.php(750): Illuminate\\Routing\\Router->runRoute(Object(Illuminate\\Http\\Request), Object(Illuminate\\Routing\\Route))
#36 C:\\Users\\GeiPis\\Desktop\\IFSP\\2025\\2\\Programacao Dinamica para Web\\projeto-laravel-spopweb\\mvc-cervejas\\vendor\\laravel\\framework\\src\\Illuminate\\Routing\\Router.php(739): Illuminate\\Routing\\Router->dispatchToRoute(Object(Illuminate\\Http\\Request))
#37 C:\\Users\\GeiPis\\Desktop\\IFSP\\2025\\2\\Programacao Dinamica para Web\\projeto-laravel-spopweb\\mvc-cervejas\\vendor\\laravel\\framework\\src\\Illuminate\\Foundation\\Http\\Kernel.php(201): Illuminate\\Routing\\Router->dispatch(Object(Illuminate\\Http\\Request))
#38 C:\\Users\\GeiPis\\Desktop\\IFSP\\2025\\2\\Programacao Dinamica para Web\\projeto-laravel-spopweb\\mvc-cervejas\\vendor\\laravel\\framework\\src\\Illuminate\\Pipeline\\Pipeline.php(170): Illuminate\\Foundation\\Http\\Kernel->{closure:Illuminate\\Foundation\\Http\\Kernel::dispatchToRouter():198}(Object(Illuminate\\Http\\Request))
#39 C:\\Users\\GeiPis\\Desktop\\IFSP\\2025\\2\\Programacao Dinamica para Web\\projeto-laravel-spopweb\\mvc-cervejas\\vendor\\laravel\\framework\\src\\Illuminate\\Foundation\\Http\\Middleware\\TransformsRequest.php(21): Illuminate\\Pipeline\\Pipeline->{closure:Illuminate\\Pipeline\\Pipeline::prepareDestination():168}(Object(Illuminate\\Http\\Request))
#40 C:\\Users\\GeiPis\\Desktop\\IFSP\\2025\\2\\Programacao Dinamica para Web\\projeto-laravel-spopweb\\mvc-cervejas\\vendor\\laravel\\framework\\src\\Illuminate\\Foundation\\Http\\Middleware\\ConvertEmptyStringsToNull.php(31): Illuminate\\Foundation\\Http\\Middleware\\TransformsRequest->handle(Object(Illuminate\\Http\\Request), Object(Closure))
#41 C:\\Users\\GeiPis\\Desktop\\IFSP\\2025\\2\\Programacao Dinamica para Web\\projeto-laravel-spopweb\\mvc-cervejas\\vendor\\laravel\\framework\\src\\Illuminate\\Pipeline\\Pipeline.php(209): Illuminate\\Foundation\\Http\\Middleware\\ConvertEmptyStringsToNull->handle(Object(Illuminate\\Http\\Request), Object(Closure))
#42 C:\\Users\\GeiPis\\Desktop\\IFSP\\2025\\2\\Programacao Dinamica para Web\\projeto-laravel-spopweb\\mvc-cervejas\\vendor\\laravel\\framework\\src\\Illuminate\\Foundation\\Http\\Middleware\\TransformsRequest.php(21): Illuminate\\Pipeline\\Pipeline->{closure:{closure:Illuminate\\Pipeline\\Pipeline::carry():184}:185}(Object(Illuminate\\Http\\Request))
#43 C:\\Users\\GeiPis\\Desktop\\IFSP\\2025\\2\\Programacao Dinamica para Web\\projeto-laravel-spopweb\\mvc-cervejas\\vendor\\laravel\\framework\\src\\Illuminate\\Foundation\\Http\\Middleware\\TrimStrings.php(51): Illuminate\\Foundation\\Http\\Middleware\\TransformsRequest->handle(Object(Illuminate\\Http\\Request), Object(Closure))
#44 C:\\Users\\GeiPis\\Desktop\\IFSP\\2025\\2\\Programacao Dinamica para Web\\projeto-laravel-spopweb\\mvc-cervejas\\vendor\\laravel\\framework\\src\\Illuminate\\Pipeline\\Pipeline.php(209): Illuminate\\Foundation\\Http\\Middleware\\TrimStrings->handle(Object(Illuminate\\Http\\Request), Object(Closure))
#45 C:\\Users\\GeiPis\\Desktop\\IFSP\\2025\\2\\Programacao Dinamica para Web\\projeto-laravel-spopweb\\mvc-cervejas\\vendor\\laravel\\framework\\src\\Illuminate\\Http\\Middleware\\ValidatePostSize.php(27): Illuminate\\Pipeline\\Pipeline->{closure:{closure:Illuminate\\Pipeline\\Pipeline::carry():184}:185}(Object(Illuminate\\Http\\Request))
#46 C:\\Users\\GeiPis\\Desktop\\IFSP\\2025\\2\\Programacao Dinamica para Web\\projeto-laravel-spopweb\\mvc-cervejas\\vendor\\laravel\\framework\\src\\Illuminate\\Pipeline\\Pipeline.php(209): Illuminate\\Http\\Middleware\\ValidatePostSize->handle(Object(Illuminate\\Http\\Request), Object(Closure))
#47 C:\\Users\\GeiPis\\Desktop\\IFSP\\2025\\2\\Programacao Dinamica para Web\\projeto-laravel-spopweb\\mvc-cervejas\\vendor\\laravel\\framework\\src\\Illuminate\\Foundation\\Http\\Middleware\\PreventRequestsDuringMaintenance.php(110): Illuminate\\Pipeline\\Pipeline->{closure:{closure:Illuminate\\Pipeline\\Pipeline::carry():184}:185}(Object(Illuminate\\Http\\Request))
#48 C:\\Users\\GeiPis\\Desktop\\IFSP\\2025\\2\\Programacao Dinamica para Web\\projeto-laravel-spopweb\\mvc-cervejas\\vendor\\laravel\\framework\\src\\Illuminate\\Pipeline\\Pipeline.php(209): Illuminate\\Foundation\\Http\\Middleware\\PreventRequestsDuringMaintenance->handle(Object(Illuminate\\Http\\Request), Object(Closure))
#49 C:\\Users\\GeiPis\\Desktop\\IFSP\\2025\\2\\Programacao Dinamica para Web\\projeto-laravel-spopweb\\mvc-cervejas\\vendor\\laravel\\framework\\src\\Illuminate\\Http\\Middleware\\HandleCors.php(49): Illuminate\\Pipeline\\Pipeline->{closure:{closure:Illuminate\\Pipeline\\Pipeline::carry():184}:185}(Object(Illuminate\\Http\\Request))
#50 C:\\Users\\GeiPis\\Desktop\\IFSP\\2025\\2\\Programacao Dinamica para Web\\projeto-laravel-spopweb\\mvc-cervejas\\vendor\\laravel\\framework\\src\\Illuminate\\Pipeline\\Pipeline.php(209): Illuminate\\Http\\Middleware\\HandleCors->handle(Object(Illuminate\\Http\\Request), Object(Closure))
#51 C:\\Users\\GeiPis\\Desktop\\IFSP\\2025\\2\\Programacao Dinamica para Web\\projeto-laravel-spopweb\\mvc-cervejas\\vendor\\laravel\\framework\\src\\Illuminate\\Http\\Middleware\\TrustProxies.php(58): Illuminate\\Pipeline\\Pipeline->{closure:{closure:Illuminate\\Pipeline\\Pipeline::carry():184}:185}(Object(Illuminate\\Http\\Request))
#52 C:\\Users\\GeiPis\\Desktop\\IFSP\\2025\\2\\Programacao Dinamica para Web\\projeto-laravel-spopweb\\mvc-cervejas\\vendor\\laravel\\framework\\src\\Illuminate\\Pipeline\\Pipeline.php(209): Illuminate\\Http\\Middleware\\TrustProxies->handle(Object(Illuminate\\Http\\Request), Object(Closure))
#53 C:\\Users\\GeiPis\\Desktop\\IFSP\\2025\\2\\Programacao Dinamica para Web\\projeto-laravel-spopweb\\mvc-cervejas\\vendor\\laravel\\framework\\src\\Illuminate\\Foundation\\Http\\Middleware\\InvokeDeferredCallbacks.php(22): Illuminate\\Pipeline\\Pipeline->{closure:{closure:Illuminate\\Pipeline\\Pipeline::carry():184}:185}(Object(Illuminate\\Http\\Request))
#54 C:\\Users\\GeiPis\\Desktop\\IFSP\\2025\\2\\Programacao Dinamica para Web\\projeto-laravel-spopweb\\mvc-cervejas\\vendor\\laravel\\framework\\src\\Illuminate\\Pipeline\\Pipeline.php(209): Illuminate\\Foundation\\Http\\Middleware\\InvokeDeferredCallbacks->handle(Object(Illuminate\\Http\\Request), Object(Closure))
#55 C:\\Users\\GeiPis\\Desktop\\IFSP\\2025\\2\\Programacao Dinamica para Web\\projeto-laravel-spopweb\\mvc-cervejas\\vendor\\laravel\\framework\\src\\Illuminate\\Pipeline\\Pipeline.php(127): Illuminate\\Pipeline\\Pipeline->{closure:{closure:Illuminate\\Pipeline\\Pipeline::carry():184}:185}(Object(Illuminate\\Http\\Request))
#56 C:\\Users\\GeiPis\\Desktop\\IFSP\\2025\\2\\Programacao Dinamica para Web\\projeto-laravel-spopweb\\mvc-cervejas\\vendor\\laravel\\framework\\src\\Illuminate\\Foundation\\Http\\Kernel.php(176): Illuminate\\Pipeline\\Pipeline->then(Object(Closure))
#57 C:\\Users\\GeiPis\\Desktop\\IFSP\\2025\\2\\Programacao Dinamica para Web\\projeto-laravel-spopweb\\mvc-cervejas\\vendor\\laravel\\framework\\src\\Illuminate\\Foundation\\Http\\Kernel.php(145): Illuminate\\Foundation\\Http\\Kernel->sendRequestThroughRouter(Object(Illuminate\\Http\\Request))
#58 C:\\Users\\GeiPis\\Desktop\\IFSP\\2025\\2\\Programacao Dinamica para Web\\projeto-laravel-spopweb\\mvc-cervejas\\vendor\\laravel\\framework\\src\\Illuminate\\Foundation\\Application.php(1220): Illuminate\\Foundation\\Http\\Kernel->handle(Object(Illuminate\\Http\\Request))
#59 C:\\Users\\GeiPis\\Desktop\\IFSP\\2025\\2\\Programacao Dinamica para Web\\projeto-laravel-spopweb\\mvc-cervejas\\public\\index.php(17): Illuminate\\Foundation\\Application->handleRequest(Object(Illuminate\\Http\\Request))
#60 C:\\Users\\GeiPis\\Desktop\\IFSP\\2025\\2\\Programacao Dinamica para Web\\projeto-laravel-spopweb\\mvc-cervejas\\vendor\\laravel\\framework\\src\\Illuminate\\Foundation\\resources\\server.php(23): require_once('C:\\\\Users\\\\GeiPis...')
#61 {main}
"} 
[2025-11-28 01:30:06] local.ERROR: Route [cervejas.index] not defined. (View: C:\Users\GeiPis\Desktop\IFSP\2025\2\Programacao Dinamica para Web\projeto-laravel-spopweb\mvc-cervejas\resources\views\cadastrar.blade.php) {"userId":1,"exception":"[object] (Illuminate\\View\\ViewException(code: 0): Route [cervejas.index] not defined. (View: C:\\Users\\GeiPis\\Desktop\\IFSP\\2025\\2\\Programacao Dinamica para Web\\projeto-laravel-spopweb\\mvc-cervejas\\resources\\views\\cadastrar.blade.php) at C:\\Users\\GeiPis\\Desktop\\IFSP\\2025\\2\\Programacao Dinamica para Web\\projeto-laravel-spopweb\\mvc-cervejas\\vendor\\laravel\\framework\\src\\Illuminate\\Routing\\UrlGenerator.php:517)
[stacktrace]
#0 C:\\Users\\GeiPis\\Desktop\\IFSP\\2025\\2\\Programacao Dinamica para Web\\projeto-laravel-spopweb\\mvc-cervejas\\vendor\\laravel\\framework\\src\\Illuminate\\View\\Engines\\PhpEngine.php(60): Illuminate\\View\\Engines\\CompilerEngine->handleViewException(Object(Symfony\\Component\\Routing\\Exception\\RouteNotFoundException), 0)
#1 C:\\Users\\GeiPis\\Desktop\\IFSP\\2025\\2\\Programacao Dinamica para Web\\projeto-laravel-spopweb\\mvc-cervejas\\vendor\\laravel\\framework\\src\\Illuminate\\View\\Engines\\CompilerEngine.php(75): Illuminate\\View\\Engines\\PhpEngine->evaluatePath('C:\\\\Users\\\\GeiPis...', Array)
#2 C:\\Users\\GeiPis\\Desktop\\IFSP\\2025\\2\\Programacao Dinamica para Web\\projeto-laravel-spopweb\\mvc-cervejas\\vendor\\laravel\\framework\\src\\Illuminate\\View\\View.php(209): Illuminate\\View\\Engines\\CompilerEngine->get('C:\\\\Users\\\\GeiPis...', Array)
#3 C:\\Users\\GeiPis\\Desktop\\IFSP\\2025\\2\\Programacao Dinamica para Web\\projeto-laravel-spopweb\\mvc-cervejas\\vendor\\laravel\\framework\\src\\Illuminate\\View\\View.php(192): Illuminate\\View\\View->getContents()
#4 C:\\Users\\GeiPis\\Desktop\\IFSP\\2025\\2\\Programacao Dinamica para Web\\projeto-laravel-spopweb\\mvc-cervejas\\vendor\\laravel\\framework\\src\\Illuminate\\View\\View.php(161): Illuminate\\View\\View->renderContents()
#5 C:\\Users\\GeiPis\\Desktop\\IFSP\\2025\\2\\Programacao Dinamica para Web\\projeto-laravel-spopweb\\mvc-cervejas\\vendor\\laravel\\framework\\src\\Illuminate\\Http\\Response.php(79): Illuminate\\View\\View->render()
#6 C:\\Users\\GeiPis\\Desktop\\IFSP\\2025\\2\\Programacao Dinamica para Web\\projeto-laravel-spopweb\\mvc-cervejas\\vendor\\laravel\\framework\\src\\Illuminate\\Http\\Response.php(35): Illuminate\\Http\\Response->setContent(Object(Illuminate\\View\\View))
#7 C:\\Users\\GeiPis\\Desktop\\IFSP\\2025\\2\\Programacao Dinamica para Web\\projeto-laravel-spopweb\\mvc-cervejas\\vendor\\laravel\\framework\\src\\Illuminate\\Routing\\Router.php(920): Illuminate\\Http\\Response->__construct(Object(Illuminate\\View\\View), 200, Array)
#8 C:\\Users\\GeiPis\\Desktop\\IFSP\\2025\\2\\Programacao Dinamica para Web\\projeto-laravel-spopweb\\mvc-cervejas\\vendor\\laravel\\framework\\src\\Illuminate\\Routing\\Router.php(887): Illuminate\\Routing\\Router::toResponse(Object(Illuminate\\Http\\Request), Object(Illuminate\\View\\View))
#9 C:\\Users\\GeiPis\\Desktop\\IFSP\\2025\\2\\Programacao Dinamica para Web\\projeto-laravel-spopweb\\mvc-cervejas\\vendor\\laravel\\framework\\src\\Illuminate\\Routing\\Router.php(807): Illuminate\\Routing\\Router->prepareResponse(Object(Illuminate\\Http\\Request), Object(Illuminate\\View\\View))
#10 C:\\Users\\GeiPis\\Desktop\\IFSP\\2025\\2\\Programacao Dinamica para Web\\projeto-laravel-spopweb\\mvc-cervejas\\vendor\\laravel\\framework\\src\\Illuminate\\Pipeline\\Pipeline.php(170): Illuminate\\Routing\\Router->{closure:Illuminate\\Routing\\Router::runRouteWithinStack():807}(Object(Illuminate\\Http\\Request))
#11 C:\\Users\\GeiPis\\Desktop\\IFSP\\2025\\2\\Programacao Dinamica para Web\\projeto-laravel-spopweb\\mvc-cervejas\\vendor\\laravel\\framework\\src\\Illuminate\\Auth\\Middleware\\EnsureEmailIsVerified.php(41): Illuminate\\Pipeline\\Pipeline->{closure:Illuminate\\Pipeline\\Pipeline::prepareDestination():168}(Object(Illuminate\\Http\\Request))
#12 C:\\Users\\GeiPis\\Desktop\\IFSP\\2025\\2\\Programacao Dinamica para Web\\projeto-laravel-spopweb\\mvc-cervejas\\vendor\\laravel\\framework\\src\\Illuminate\\Pipeline\\Pipeline.php(209): Illuminate\\Auth\\Middleware\\EnsureEmailIsVerified->handle(Object(Illuminate\\Http\\Request), Object(Closure))
#13 C:\\Users\\GeiPis\\Desktop\\IFSP\\2025\\2\\Programacao Dinamica para Web\\projeto-laravel-spopweb\\mvc-cervejas\\vendor\\laravel\\framework\\src\\Illuminate\\Routing\\Middleware\\SubstituteBindings.php(51): Illuminate\\Pipeline\\Pipeline->{closure:{closure:Illuminate\\Pipeline\\Pipeline::carry():184}:185}(Object(Illuminate\\Http\\Request))
#14 C:\\Users\\GeiPis\\Desktop\\IFSP\\2025\\2\\Programacao Dinamica para Web\\projeto-laravel-spopweb\\mvc-cervejas\\vendor\\laravel\\framework\\src\\Illuminate\\Pipeline\\Pipeline.php(209): Illuminate\\Routing\\Middleware\\SubstituteBindings->handle(Object(Illuminate\\Http\\Request), Object(Closure))
#15 C:\\Users\\GeiPis\\Desktop\\IFSP\\2025\\2\\Programacao Dinamica para Web\\projeto-laravel-spopweb\\mvc-cervejas\\vendor\\laravel\\framework\\src\\Illuminate\\Auth\\Middleware\\Authenticate.php(64): Illuminate\\Pipeline\\Pipeline->{closure:{closure:Illuminate\\Pipeline\\Pipeline::carry():184}:185}(Object(Illuminate\\Http\\Request))
#16 C:\\Users\\GeiPis\\Desktop\\IFSP\\2025\\2\\Programacao Dinamica para Web\\projeto-laravel-spopweb\\mvc-cervejas\\vendor\\laravel\\framework\\src\\Illuminate\\Pipeline\\Pipeline.php(209): Illuminate\\Auth\\Middleware\\Authenticate->handle(Object(Illuminate\\Http\\Request), Object(Closure))
#17 C:\\Users\\GeiPis\\Desktop\\IFSP\\2025\\2\\Programacao Dinamica para Web\\projeto-laravel-spopweb\\mvc-cervejas\\vendor\\laravel\\framework\\src\\Illuminate\\Foundation\\Http\\Middleware\\VerifyCsrfToken.php(88): Illuminate\\Pipeline\\Pipeline->{closure:{closure:Illuminate\\Pipeline\\Pipeline::carry():184}:185}(Object(Illuminate\\Http\\Request))
#18 C:\\Users\\GeiPis\\Desktop\\IFSP\\2025\\2\\Programacao Dinamica para Web\\projeto-laravel-spopweb\\mvc-cervejas\\vendor\\laravel\\framework\\src\\Illuminate\\Pipeline\\Pipeline.php(209): Illuminate\\Foundation\\Http\\Middleware\\VerifyCsrfToken->handle(Object(Illuminate\\Http\\Request), Object(Closure))
#19 C:\\Users\\GeiPis\\Desktop\\IFSP\\2025\\2\\Programacao Dinamica para Web\\projeto-laravel-spopweb\\mvc-cervejas\\vendor\\laravel\\framework\\src\\Illuminate\\View\\Middleware\\ShareErrorsFromSession.php(49): Illuminate\\Pipeline\\Pipeline->{closure:{closure:Illuminate\\Pipeline\\Pipeline::carry():184}:185}(Object(Illuminate\\Http\\Request))
#20 C:\\Users\\GeiPis\\Desktop\\IFSP\\2025\\2\\Programacao Dinamica para Web\\projeto-laravel-spopweb\\mvc-cervejas\\vendor\\laravel\\framework\\src\\Illuminate\\Pipeline\\Pipeline.php(209): Illuminate\\View\\Middleware\\ShareErrorsFromSession->handle(Object(Illuminate\\Http\\Request), Object(Closure))
#21 C:\\Users\\GeiPis\\Desktop\\IFSP\\2025\\2\\Programacao Dinamica para Web\\projeto-laravel-spopweb\\mvc-cervejas\\vendor\\laravel\\framework\\src\\Illuminate\\Session\\Middleware\\StartSession.php(121): Illuminate\\Pipeline\\Pipeline->{closure:{closure:Illuminate\\Pipeline\\Pipeline::carry():184}:185}(Object(Illuminate\\Http\\Request))
#22 C:\\Users\\GeiPis\\Desktop\\IFSP\\2025\\2\\Programacao Dinamica para Web\\projeto-laravel-spopweb\\mvc-cervejas\\vendor\\laravel\\framework\\src\\Illuminate\\Session\\Middleware\\StartSession.php(64): Illuminate\\Session\\Middleware\\StartSession->handleStatefulRequest(Object(Illuminate\\Http\\Request), Object(Illuminate\\Session\\Store), Object(Closure))
#23 C:\\Users\\GeiPis\\Desktop\\IFSP\\2025\\2\\Programacao Dinamica para Web\\projeto-laravel-spopweb\\mvc-cervejas\\vendor\\laravel\\framework\\src\\Illuminate\\Pipeline\\Pipeline.php(209): Illuminate\\Session\\Middleware\\StartSession->handle(Object(Illuminate\\Http\\Request), Object(Closure))
#24 C:\\Users\\GeiPis\\Desktop\\IFSP\\2025\\2\\Programacao Dinamica para Web\\projeto-laravel-spopweb\\mvc-cervejas\\vendor\\laravel\\framework\\src\\Illuminate\\Cookie\\Middleware\\AddQueuedCookiesToResponse.php(37): Illuminate\\Pipeline\\Pipeline->{closure:{closure:Illuminate\\Pipeline\\Pipeline::carry():184}:185}(Object(Illuminate\\Http\\Request))
#25 C:\\Users\\GeiPis\\Desktop\\IFSP\\2025\\2\\Programacao Dinamica para Web\\projeto-laravel-spopweb\\mvc-cervejas\\vendor\\laravel\\framework\\src\\Illuminate\\Pipeline\\Pipeline.php(209): Illuminate\\Cookie\\Middleware\\AddQueuedCookiesToResponse->handle(Object(Illuminate\\Http\\Request), Object(Closure))
#26 C:\\Users\\GeiPis\\Desktop\\IFSP\\2025\\2\\Programacao Dinamica para Web\\projeto-laravel-spopweb\\mvc-cervejas\\vendor\\laravel\\framework\\src\\Illuminate\\Cookie\\Middleware\\EncryptCookies.php(75): Illuminate\\Pipeline\\Pipeline->{closure:{closure:Illuminate\\Pipeline\\Pipeline::carry():184}:185}(Object(Illuminate\\Http\\Request))
#27 C:\\Users\\GeiPis\\Desktop\\IFSP\\2025\\2\\Programacao Dinamica para Web\\projeto-laravel-spopweb\\mvc-cervejas\\vendor\\laravel\\framework\\src\\Illuminate\\Pipeline\\Pipeline.php(209): Illuminate\\Cookie\\Middleware\\EncryptCookies->handle(Object(Illuminate\\Http\\Request), Object(Closure))
#28 C:\\Users\\GeiPis\\Desktop\\IFSP\\2025\\2\\Programacao Dinamica para Web\\projeto-laravel-spopweb\\mvc-cervejas\\vendor\\laravel\\framework\\src\\Illuminate\\Pipeline\\Pipeline.php(127): Illuminate\\Pipeline\\Pipeline->{closure:{closure:Illuminate\\Pipeline\\Pipeline::carry():184}:185}(Object(Illuminate\\Http\\Request))
#29 C:\\Users\\GeiPis\\Desktop\\IFSP\\2025\\2\\Programacao Dinamica para Web\\projeto-laravel-spopweb\\mvc-cervejas\\vendor\\laravel\\framework\\src\\Illuminate\\Routing\\Router.php(807): Illuminate\\Pipeline\\Pipeline->then(Object(Closure))
#30 C:\\Users\\GeiPis\\Desktop\\IFSP\\2025\\2\\Programacao Dinamica para Web\\projeto-laravel-spopweb\\mvc-cervejas\\vendor\\laravel\\framework\\src\\Illuminate\\Routing\\Router.php(786): Illuminate\\Routing\\Router->runRouteWithinStack(Object(Illuminate\\Routing\\Route), Object(Illuminate\\Http\\Request))
#31 C:\\Users\\GeiPis\\Desktop\\IFSP\\2025\\2\\Programacao Dinamica para Web\\projeto-laravel-spopweb\\mvc-cervejas\\vendor\\laravel\\framework\\src\\Illuminate\\Routing\\Router.php(750): Illuminate\\Routing\\Router->runRoute(Object(Illuminate\\Http\\Request), Object(Illuminate\\Routing\\Route))
#32 C:\\Users\\GeiPis\\Desktop\\IFSP\\2025\\2\\Programacao Dinamica para Web\\projeto-laravel-spopweb\\mvc-cervejas\\vendor\\laravel\\framework\\src\\Illuminate\\Routing\\Router.php(739): Illuminate\\Routing\\Router->dispatchToRoute(Object(Illuminate\\Http\\Request))
#33 C:\\Users\\GeiPis\\Desktop\\IFSP\\2025\\2\\Programacao Dinamica para Web\\projeto-laravel-spopweb\\mvc-cervejas\\vendor\\laravel\\framework\\src\\Illuminate\\Foundation\\Http\\Kernel.php(201): Illuminate\\Routing\\Router->dispatch(Object(Illuminate\\Http\\Request))
#34 C:\\Users\\GeiPis\\Desktop\\IFSP\\2025\\2\\Programacao Dinamica para Web\\projeto-laravel-spopweb\\mvc-cervejas\\vendor\\laravel\\framework\\src\\Illuminate\\Pipeline\\Pipeline.php(170): Illuminate\\Foundation\\Http\\Kernel->{closure:Illuminate\\Foundation\\Http\\Kernel::dispatchToRouter():198}(Object(Illuminate\\Http\\Request))
#35 C:\\Users\\GeiPis\\Desktop\\IFSP\\2025\\2\\Programacao Dinamica para Web\\projeto-laravel-spopweb\\mvc-cervejas\\vendor\\laravel\\framework\\src\\Illuminate\\Foundation\\Http\\Middleware\\TransformsRequest.php(21): Illuminate\\Pipeline\\Pipeline->{closure:Illuminate\\Pipeline\\Pipeline::prepareDestination():168}(Object(Illuminate\\Http\\Request))
#36 C:\\Users\\GeiPis\\Desktop\\IFSP\\2025\\2\\Programacao Dinamica para Web\\projeto-laravel-spopweb\\mvc-cervejas\\vendor\\laravel\\framework\\src\\Illuminate\\Foundation\\Http\\Middleware\\ConvertEmptyStringsToNull.php(31): Illuminate\\Foundation\\Http\\Middleware\\TransformsRequest->handle(Object(Illuminate\\Http\\Request), Object(Closure))
#37 C:\\Users\\GeiPis\\Desktop\\IFSP\\2025\\2\\Programacao Dinamica para Web\\projeto-laravel-spopweb\\mvc-cervejas\\vendor\\laravel\\framework\\src\\Illuminate\\Pipeline\\Pipeline.php(209): Illuminate\\Foundation\\Http\\Middleware\\ConvertEmptyStringsToNull->handle(Object(Illuminate\\Http\\Request), Object(Closure))
#38 C:\\Users\\GeiPis\\Desktop\\IFSP\\2025\\2\\Programacao Dinamica para Web\\projeto-laravel-spopweb\\mvc-cervejas\\vendor\\laravel\\framework\\src\\Illuminate\\Foundation\\Http\\Middleware\\TransformsRequest.php(21): Illuminate\\Pipeline\\Pipeline->{closure:{closure:Illuminate\\Pipeline\\Pipeline::carry():184}:185}(Object(Illuminate\\Http\\Request))
#39 C:\\Users\\GeiPis\\Desktop\\IFSP\\2025\\2\\Programacao Dinamica para Web\\projeto-laravel-spopweb\\mvc-cervejas\\vendor\\laravel\\framework\\src\\Illuminate\\Foundation\\Http\\Middleware\\TrimStrings.php(51): Illuminate\\Foundation\\Http\\Middleware\\TransformsRequest->handle(Object(Illuminate\\Http\\Request), Object(Closure))
#40 C:\\Users\\GeiPis\\Desktop\\IFSP\\2025\\2\\Programacao Dinamica para Web\\projeto-laravel-spopweb\\mvc-cervejas\\vendor\\laravel\\framework\\src\\Illuminate\\Pipeline\\Pipeline.php(209): Illuminate\\Foundation\\Http\\Middleware\\TrimStrings->handle(Object(Illuminate\\Http\\Request), Object(Closure))
#41 C:\\Users\\GeiPis\\Desktop\\IFSP\\2025\\2\\Programacao Dinamica para Web\\projeto-laravel-spopweb\\mvc-cervejas\\vendor\\laravel\\framework\\src\\Illuminate\\Http\\Middleware\\ValidatePostSize.php(27): Illuminate\\Pipeline\\Pipeline->{closure:{closure:Illuminate\\Pipeline\\Pipeline::carry():184}:185}(Object(Illuminate\\Http\\Request))
#42 C:\\Users\\GeiPis\\Desktop\\IFSP\\2025\\2\\Programacao Dinamica para Web\\projeto-laravel-spopweb\\mvc-cervejas\\vendor\\laravel\\framework\\src\\Illuminate\\Pipeline\\Pipeline.php(209): Illuminate\\Http\\Middleware\\ValidatePostSize->handle(Object(Illuminate\\Http\\Request), Object(Closure))
#43 C:\\Users\\GeiPis\\Desktop\\IFSP\\2025\\2\\Programacao Dinamica para Web\\projeto-laravel-spopweb\\mvc-cervejas\\vendor\\laravel\\framework\\src\\Illuminate\\Foundation\\Http\\Middleware\\PreventRequestsDuringMaintenance.php(110): Illuminate\\Pipeline\\Pipeline->{closure:{closure:Illuminate\\Pipeline\\Pipeline::carry():184}:185}(Object(Illuminate\\Http\\Request))
#44 C:\\Users\\GeiPis\\Desktop\\IFSP\\2025\\2\\Programacao Dinamica para Web\\projeto-laravel-spopweb\\mvc-cervejas\\vendor\\laravel\\framework\\src\\Illuminate\\Pipeline\\Pipeline.php(209): Illuminate\\Foundation\\Http\\Middleware\\PreventRequestsDuringMaintenance->handle(Object(Illuminate\\Http\\Request), Object(Closure))
#45 C:\\Users\\GeiPis\\Desktop\\IFSP\\2025\\2\\Programacao Dinamica para Web\\projeto-laravel-spopweb\\mvc-cervejas\\vendor\\laravel\\framework\\src\\Illuminate\\Http\\Middleware\\HandleCors.php(49): Illuminate\\Pipeline\\Pipeline->{closure:{closure:Illuminate\\Pipeline\\Pipeline::carry():184}:185}(Object(Illuminate\\Http\\Request))
#46 C:\\Users\\GeiPis\\Desktop\\IFSP\\2025\\2\\Programacao Dinamica para Web\\projeto-laravel-spopweb\\mvc-cervejas\\vendor\\laravel\\framework\\src\\Illuminate\\Pipeline\\Pipeline.php(209): Illuminate\\Http\\Middleware\\HandleCors->handle(Object(Illuminate\\Http\\Request), Object(Closure))
#47 C:\\Users\\GeiPis\\Desktop\\IFSP\\2025\\2\\Programacao Dinamica para Web\\projeto-laravel-spopweb\\mvc-cervejas\\vendor\\laravel\\framework\\src\\Illuminate\\Http\\Middleware\\TrustProxies.php(58): Illuminate\\Pipeline\\Pipeline->{closure:{closure:Illuminate\\Pipeline\\Pipeline::carry():184}:185}(Object(Illuminate\\Http\\Request))
#48 C:\\Users\\GeiPis\\Desktop\\IFSP\\2025\\2\\Programacao Dinamica para Web\\projeto-laravel-spopweb\\mvc-cervejas\\vendor\\laravel\\framework\\src\\Illuminate\\Pipeline\\Pipeline.php(209): Illuminate\\Http\\Middleware\\TrustProxies->handle(Object(Illuminate\\Http\\Request), Object(Closure))
#49 C:\\Users\\GeiPis\\Desktop\\IFSP\\2025\\2\\Programacao Dinamica para Web\\projeto-laravel-spopweb\\mvc-cervejas\\vendor\\laravel\\framework\\src\\Illuminate\\Foundation\\Http\\Middleware\\InvokeDeferredCallbacks.php(22): Illuminate\\Pipeline\\Pipeline->{closure:{closure:Illuminate\\Pipeline\\Pipeline::carry():184}:185}(Object(Illuminate\\Http\\Request))
#50 C:\\Users\\GeiPis\\Desktop\\IFSP\\2025\\2\\Programacao Dinamica para Web\\projeto-laravel-spopweb\\mvc-cervejas\\vendor\\laravel\\framework\\src\\Illuminate\\Pipeline\\Pipeline.php(209): Illuminate\\Foundation\\Http\\Middleware\\InvokeDeferredCallbacks->handle(Object(Illuminate\\Http\\Request), Object(Closure))
#51 C:\\Users\\GeiPis\\Desktop\\IFSP\\2025\\2\\Programacao Dinamica para Web\\projeto-laravel-spopweb\\mvc-cervejas\\vendor\\laravel\\framework\\src\\Illuminate\\Pipeline\\Pipeline.php(127): Illuminate\\Pipeline\\Pipeline->{closure:{closure:Illuminate\\Pipeline\\Pipeline::carry():184}:185}(Object(Illuminate\\Http\\Request))
#52 C:\\Users\\GeiPis\\Desktop\\IFSP\\2025\\2\\Programacao Dinamica para Web\\projeto-laravel-spopweb\\mvc-cervejas\\vendor\\laravel\\framework\\src\\Illuminate\\Foundation\\Http\\Kernel.php(176): Illuminate\\Pipeline\\Pipeline->then(Object(Closure))
#53 C:\\Users\\GeiPis\\Desktop\\IFSP\\2025\\2\\Programacao Dinamica para Web\\projeto-laravel-spopweb\\mvc-cervejas\\vendor\\laravel\\framework\\src\\Illuminate\\Foundation\\Http\\Kernel.php(145): Illuminate\\Foundation\\Http\\Kernel->sendRequestThroughRouter(Object(Illuminate\\Http\\Request))
#54 C:\\Users\\GeiPis\\Desktop\\IFSP\\2025\\2\\Programacao Dinamica para Web\\projeto-laravel-spopweb\\mvc-cervejas\\vendor\\laravel\\framework\\src\\Illuminate\\Foundation\\Application.php(1220): Illuminate\\Foundation\\Http\\Kernel->handle(Object(Illuminate\\Http\\Request))
#55 C:\\Users\\GeiPis\\Desktop\\IFSP\\2025\\2\\Programacao Dinamica para Web\\projeto-laravel-spopweb\\mvc-cervejas\\public\\index.php(17): Illuminate\\Foundation\\Application->handleRequest(Object(Illuminate\\Http\\Request))
#56 C:\\Users\\GeiPis\\Desktop\\IFSP\\2025\\2\\Programacao Dinamica para Web\\projeto-laravel-spopweb\\mvc-cervejas\\vendor\\laravel\\framework\\src\\Illuminate\\Foundation\\resources\\server.php(23): require_once('C:\\\\Users\\\\GeiPis...')
#57 {main}

[previous exception] [object] (Symfony\\Component\\Routing\\Exception\\RouteNotFoundException(code: 0): Route [cervejas.index] not defined. at C:\\Users\\GeiPis\\Desktop\\IFSP\\2025\\2\\Programacao Dinamica para Web\\projeto-laravel-spopweb\\mvc-cervejas\\vendor\\laravel\\framework\\src\\Illuminate\\Routing\\UrlGenerator.php:517)
[stacktrace]
#0 C:\\Users\\GeiPis\\Desktop\\IFSP\\2025\\2\\Programacao Dinamica para Web\\projeto-laravel-spopweb\\mvc-cervejas\\vendor\\laravel\\framework\\src\\Illuminate\\Foundation\\helpers.php(853): Illuminate\\Routing\\UrlGenerator->route('cervejas.index', Array, true)
#1 C:\\Users\\GeiPis\\Desktop\\IFSP\\2025\\2\\Programacao Dinamica para Web\\projeto-laravel-spopweb\\mvc-cervejas\\storage\\framework\\views\\ed99253affb394869f0171bfb7bd1106.php(280): route('cervejas.index')
#2 C:\\Users\\GeiPis\\Desktop\\IFSP\\2025\\2\\Programacao Dinamica para Web\\projeto-laravel-spopweb\\mvc-cervejas\\vendor\\laravel\\framework\\src\\Illuminate\\Filesystem\\Filesystem.php(123): require('C:\\\\Users\\\\GeiPis...')
#3 C:\\Users\\GeiPis\\Desktop\\IFSP\\2025\\2\\Programacao Dinamica para Web\\projeto-laravel-spopweb\\mvc-cervejas\\vendor\\laravel\\framework\\src\\Illuminate\\Filesystem\\Filesystem.php(124): Illuminate\\Filesystem\\Filesystem::{closure:Illuminate\\Filesystem\\Filesystem::getRequire():120}()
#4 C:\\Users\\GeiPis\\Desktop\\IFSP\\2025\\2\\Programacao Dinamica para Web\\projeto-laravel-spopweb\\mvc-cervejas\\vendor\\laravel\\framework\\src\\Illuminate\\View\\Engines\\PhpEngine.php(58): Illuminate\\Filesystem\\Filesystem->getRequire('C:\\\\Users\\\\GeiPis...', Array)
#5 C:\\Users\\GeiPis\\Desktop\\IFSP\\2025\\2\\Programacao Dinamica para Web\\projeto-laravel-spopweb\\mvc-cervejas\\vendor\\laravel\\framework\\src\\Illuminate\\View\\Engines\\CompilerEngine.php(75): Illuminate\\View\\Engines\\PhpEngine->evaluatePath('C:\\\\Users\\\\GeiPis...', Array)
#6 C:\\Users\\GeiPis\\Desktop\\IFSP\\2025\\2\\Programacao Dinamica para Web\\projeto-laravel-spopweb\\mvc-cervejas\\vendor\\laravel\\framework\\src\\Illuminate\\View\\View.php(209): Illuminate\\View\\Engines\\CompilerEngine->get('C:\\\\Users\\\\GeiPis...', Array)
#7 C:\\Users\\GeiPis\\Desktop\\IFSP\\2025\\2\\Programacao Dinamica para Web\\projeto-laravel-spopweb\\mvc-cervejas\\vendor\\laravel\\framework\\src\\Illuminate\\View\\View.php(192): Illuminate\\View\\View->getContents()
#8 C:\\Users\\GeiPis\\Desktop\\IFSP\\2025\\2\\Programacao Dinamica para Web\\projeto-laravel-spopweb\\mvc-cervejas\\vendor\\laravel\\framework\\src\\Illuminate\\View\\View.php(161): Illuminate\\View\\View->renderContents()
#9 C:\\Users\\GeiPis\\Desktop\\IFSP\\2025\\2\\Programacao Dinamica para Web\\projeto-laravel-spopweb\\mvc-cervejas\\vendor\\laravel\\framework\\src\\Illuminate\\Http\\Response.php(79): Illuminate\\View\\View->render()
#10 C:\\Users\\GeiPis\\Desktop\\IFSP\\2025\\2\\Programacao Dinamica para Web\\projeto-laravel-spopweb\\mvc-cervejas\\vendor\\laravel\\framework\\src\\Illuminate\\Http\\Response.php(35): Illuminate\\Http\\Response->setContent(Object(Illuminate\\View\\View))
#11 C:\\Users\\GeiPis\\Desktop\\IFSP\\2025\\2\\Programacao Dinamica para Web\\projeto-laravel-spopweb\\mvc-cervejas\\vendor\\laravel\\framework\\src\\Illuminate\\Routing\\Router.php(920): Illuminate\\Http\\Response->__construct(Object(Illuminate\\View\\View), 200, Array)
#12 C:\\Users\\GeiPis\\Desktop\\IFSP\\2025\\2\\Programacao Dinamica para Web\\projeto-laravel-spopweb\\mvc-cervejas\\vendor\\laravel\\framework\\src\\Illuminate\\Routing\\Router.php(887): Illuminate\\Routing\\Router::toResponse(Object(Illuminate\\Http\\Request), Object(Illuminate\\View\\View))
#13 C:\\Users\\GeiPis\\Desktop\\IFSP\\2025\\2\\Programacao Dinamica para Web\\projeto-laravel-spopweb\\mvc-cervejas\\vendor\\laravel\\framework\\src\\Illuminate\\Routing\\Router.php(807): Illuminate\\Routing\\Router->prepareResponse(Object(Illuminate\\Http\\Request), Object(Illuminate\\View\\View))
#14 C:\\Users\\GeiPis\\Desktop\\IFSP\\2025\\2\\Programacao Dinamica para Web\\projeto-laravel-spopweb\\mvc-cervejas\\vendor\\laravel\\framework\\src\\Illuminate\\Pipeline\\Pipeline.php(170): Illuminate\\Routing\\Router->{closure:Illuminate\\Routing\\Router::runRouteWithinStack():807}(Object(Illuminate\\Http\\Request))
#15 C:\\Users\\GeiPis\\Desktop\\IFSP\\2025\\2\\Programacao Dinamica para Web\\projeto-laravel-spopweb\\mvc-cervejas\\vendor\\laravel\\framework\\src\\Illuminate\\Auth\\Middleware\\EnsureEmailIsVerified.php(41): Illuminate\\Pipeline\\Pipeline->{closure:Illuminate\\Pipeline\\Pipeline::prepareDestination():168}(Object(Illuminate\\Http\\Request))
#16 C:\\Users\\GeiPis\\Desktop\\IFSP\\2025\\2\\Programacao Dinamica para Web\\projeto-laravel-spopweb\\mvc-cervejas\\vendor\\laravel\\framework\\src\\Illuminate\\Pipeline\\Pipeline.php(209): Illuminate\\Auth\\Middleware\\EnsureEmailIsVerified->handle(Object(Illuminate\\Http\\Request), Object(Closure))
#17 C:\\Users\\GeiPis\\Desktop\\IFSP\\2025\\2\\Programacao Dinamica para Web\\projeto-laravel-spopweb\\mvc-cervejas\\vendor\\laravel\\framework\\src\\Illuminate\\Routing\\Middleware\\SubstituteBindings.php(51): Illuminate\\Pipeline\\Pipeline->{closure:{closure:Illuminate\\Pipeline\\Pipeline::carry():184}:185}(Object(Illuminate\\Http\\Request))
#18 C:\\Users\\GeiPis\\Desktop\\IFSP\\2025\\2\\Programacao Dinamica para Web\\projeto-laravel-spopweb\\mvc-cervejas\\vendor\\laravel\\framework\\src\\Illuminate\\Pipeline\\Pipeline.php(209): Illuminate\\Routing\\Middleware\\SubstituteBindings->handle(Object(Illuminate\\Http\\Request), Object(Closure))
#19 C:\\Users\\GeiPis\\Desktop\\IFSP\\2025\\2\\Programacao Dinamica para Web\\projeto-laravel-spopweb\\mvc-cervejas\\vendor\\laravel\\framework\\src\\Illuminate\\Auth\\Middleware\\Authenticate.php(64): Illuminate\\Pipeline\\Pipeline->{closure:{closure:Illuminate\\Pipeline\\Pipeline::carry():184}:185}(Object(Illuminate\\Http\\Request))
#20 C:\\Users\\GeiPis\\Desktop\\IFSP\\2025\\2\\Programacao Dinamica para Web\\projeto-laravel-spopweb\\mvc-cervejas\\vendor\\laravel\\framework\\src\\Illuminate\\Pipeline\\Pipeline.php(209): Illuminate\\Auth\\Middleware\\Authenticate->handle(Object(Illuminate\\Http\\Request), Object(Closure))
#21 C:\\Users\\GeiPis\\Desktop\\IFSP\\2025\\2\\Programacao Dinamica para Web\\projeto-laravel-spopweb\\mvc-cervejas\\vendor\\laravel\\framework\\src\\Illuminate\\Foundation\\Http\\Middleware\\VerifyCsrfToken.php(88): Illuminate\\Pipeline\\Pipeline->{closure:{closure:Illuminate\\Pipeline\\Pipeline::carry():184}:185}(Object(Illuminate\\Http\\Request))
#22 C:\\Users\\GeiPis\\Desktop\\IFSP\\2025\\2\\Programacao Dinamica para Web\\projeto-laravel-spopweb\\mvc-cervejas\\vendor\\laravel\\framework\\src\\Illuminate\\Pipeline\\Pipeline.php(209): Illuminate\\Foundation\\Http\\Middleware\\VerifyCsrfToken->handle(Object(Illuminate\\Http\\Request), Object(Closure))
#23 C:\\Users\\GeiPis\\Desktop\\IFSP\\2025\\2\\Programacao Dinamica para Web\\projeto-laravel-spopweb\\mvc-cervejas\\vendor\\laravel\\framework\\src\\Illuminate\\View\\Middleware\\ShareErrorsFromSession.php(49): Illuminate\\Pipeline\\Pipeline->{closure:{closure:Illuminate\\Pipeline\\Pipeline::carry():184}:185}(Object(Illuminate\\Http\\Request))
#24 C:\\Users\\GeiPis\\Desktop\\IFSP\\2025\\2\\Programacao Dinamica para Web\\projeto-laravel-spopweb\\mvc-cervejas\\vendor\\laravel\\framework\\src\\Illuminate\\Pipeline\\Pipeline.php(209): Illuminate\\View\\Middleware\\ShareErrorsFromSession->handle(Object(Illuminate\\Http\\Request), Object(Closure))
#25 C:\\Users\\GeiPis\\Desktop\\IFSP\\2025\\2\\Programacao Dinamica para Web\\projeto-laravel-spopweb\\mvc-cervejas\\vendor\\laravel\\framework\\src\\Illuminate\\Session\\Middleware\\StartSession.php(121): Illuminate\\Pipeline\\Pipeline->{closure:{closure:Illuminate\\Pipeline\\Pipeline::carry():184}:185}(Object(Illuminate\\Http\\Request))
#26 C:\\Users\\GeiPis\\Desktop\\IFSP\\2025\\2\\Programacao Dinamica para Web\\projeto-laravel-spopweb\\mvc-cervejas\\vendor\\laravel\\framework\\src\\Illuminate\\Session\\Middleware\\StartSession.php(64): Illuminate\\Session\\Middleware\\StartSession->handleStatefulRequest(Object(Illuminate\\Http\\Request), Object(Illuminate\\Session\\Store), Object(Closure))
#27 C:\\Users\\GeiPis\\Desktop\\IFSP\\2025\\2\\Programacao Dinamica para Web\\projeto-laravel-spopweb\\mvc-cervejas\\vendor\\laravel\\framework\\src\\Illuminate\\Pipeline\\Pipeline.php(209): Illuminate\\Session\\Middleware\\StartSession->handle(Object(Illuminate\\Http\\Request), Object(Closure))
#28 C:\\Users\\GeiPis\\Desktop\\IFSP\\2025\\2\\Programacao Dinamica para Web\\projeto-laravel-spopweb\\mvc-cervejas\\vendor\\laravel\\framework\\src\\Illuminate\\Cookie\\Middleware\\AddQueuedCookiesToResponse.php(37): Illuminate\\Pipeline\\Pipeline->{closure:{closure:Illuminate\\Pipeline\\Pipeline::carry():184}:185}(Object(Illuminate\\Http\\Request))
#29 C:\\Users\\GeiPis\\Desktop\\IFSP\\2025\\2\\Programacao Dinamica para Web\\projeto-laravel-spopweb\\mvc-cervejas\\vendor\\laravel\\framework\\src\\Illuminate\\Pipeline\\Pipeline.php(209): Illuminate\\Cookie\\Middleware\\AddQueuedCookiesToResponse->handle(Object(Illuminate\\Http\\Request), Object(Closure))
#30 C:\\Users\\GeiPis\\Desktop\\IFSP\\2025\\2\\Programacao Dinamica para Web\\projeto-laravel-spopweb\\mvc-cervejas\\vendor\\laravel\\framework\\src\\Illuminate\\Cookie\\Middleware\\EncryptCookies.php(75): Illuminate\\Pipeline\\Pipeline->{closure:{closure:Illuminate\\Pipeline\\Pipeline::carry():184}:185}(Object(Illuminate\\Http\\Request))
#31 C:\\Users\\GeiPis\\Desktop\\IFSP\\2025\\2\\Programacao Dinamica para Web\\projeto-laravel-spopweb\\mvc-cervejas\\vendor\\laravel\\framework\\src\\Illuminate\\Pipeline\\Pipeline.php(209): Illuminate\\Cookie\\Middleware\\EncryptCookies->handle(Object(Illuminate\\Http\\Request), Object(Closure))
#32 C:\\Users\\GeiPis\\Desktop\\IFSP\\2025\\2\\Programacao Dinamica para Web\\projeto-laravel-spopweb\\mvc-cervejas\\vendor\\laravel\\framework\\src\\Illuminate\\Pipeline\\Pipeline.php(127): Illuminate\\Pipeline\\Pipeline->{closure:{closure:Illuminate\\Pipeline\\Pipeline::carry():184}:185}(Object(Illuminate\\Http\\Request))
#33 C:\\Users\\GeiPis\\Desktop\\IFSP\\2025\\2\\Programacao Dinamica para Web\\projeto-laravel-spopweb\\mvc-cervejas\\vendor\\laravel\\framework\\src\\Illuminate\\Routing\\Router.php(807): Illuminate\\Pipeline\\Pipeline->then(Object(Closure))
#34 C:\\Users\\GeiPis\\Desktop\\IFSP\\2025\\2\\Programacao Dinamica para Web\\projeto-laravel-spopweb\\mvc-cervejas\\vendor\\laravel\\framework\\src\\Illuminate\\Routing\\Router.php(786): Illuminate\\Routing\\Router->runRouteWithinStack(Object(Illuminate\\Routing\\Route), Object(Illuminate\\Http\\Request))
#35 C:\\Users\\GeiPis\\Desktop\\IFSP\\2025\\2\\Programacao Dinamica para Web\\projeto-laravel-spopweb\\mvc-cervejas\\vendor\\laravel\\framework\\src\\Illuminate\\Routing\\Router.php(750): Illuminate\\Routing\\Router->runRoute(Object(Illuminate\\Http\\Request), Object(Illuminate\\Routing\\Route))
#36 C:\\Users\\GeiPis\\Desktop\\IFSP\\2025\\2\\Programacao Dinamica para Web\\projeto-laravel-spopweb\\mvc-cervejas\\vendor\\laravel\\framework\\src\\Illuminate\\Routing\\Router.php(739): Illuminate\\Routing\\Router->dispatchToRoute(Object(Illuminate\\Http\\Request))
#37 C:\\Users\\GeiPis\\Desktop\\IFSP\\2025\\2\\Programacao Dinamica para Web\\projeto-laravel-spopweb\\mvc-cervejas\\vendor\\laravel\\framework\\src\\Illuminate\\Foundation\\Http\\Kernel.php(201): Illuminate\\Routing\\Router->dispatch(Object(Illuminate\\Http\\Request))
#38 C:\\Users\\GeiPis\\Desktop\\IFSP\\2025\\2\\Programacao Dinamica para Web\\projeto-laravel-spopweb\\mvc-cervejas\\vendor\\laravel\\framework\\src\\Illuminate\\Pipeline\\Pipeline.php(170): Illuminate\\Foundation\\Http\\Kernel->{closure:Illuminate\\Foundation\\Http\\Kernel::dispatchToRouter():198}(Object(Illuminate\\Http\\Request))
#39 C:\\Users\\GeiPis\\Desktop\\IFSP\\2025\\2\\Programacao Dinamica para Web\\projeto-laravel-spopweb\\mvc-cervejas\\vendor\\laravel\\framework\\src\\Illuminate\\Foundation\\Http\\Middleware\\TransformsRequest.php(21): Illuminate\\Pipeline\\Pipeline->{closure:Illuminate\\Pipeline\\Pipeline::prepareDestination():168}(Object(Illuminate\\Http\\Request))
#40 C:\\Users\\GeiPis\\Desktop\\IFSP\\2025\\2\\Programacao Dinamica para Web\\projeto-laravel-spopweb\\mvc-cervejas\\vendor\\laravel\\framework\\src\\Illuminate\\Foundation\\Http\\Middleware\\ConvertEmptyStringsToNull.php(31): Illuminate\\Foundation\\Http\\Middleware\\TransformsRequest->handle(Object(Illuminate\\Http\\Request), Object(Closure))
#41 C:\\Users\\GeiPis\\Desktop\\IFSP\\2025\\2\\Programacao Dinamica para Web\\projeto-laravel-spopweb\\mvc-cervejas\\vendor\\laravel\\framework\\src\\Illuminate\\Pipeline\\Pipeline.php(209): Illuminate\\Foundation\\Http\\Middleware\\ConvertEmptyStringsToNull->handle(Object(Illuminate\\Http\\Request), Object(Closure))
#42 C:\\Users\\GeiPis\\Desktop\\IFSP\\2025\\2\\Programacao Dinamica para Web\\projeto-laravel-spopweb\\mvc-cervejas\\vendor\\laravel\\framework\\src\\Illuminate\\Foundation\\Http\\Middleware\\TransformsRequest.php(21): Illuminate\\Pipeline\\Pipeline->{closure:{closure:Illuminate\\Pipeline\\Pipeline::carry():184}:185}(Object(Illuminate\\Http\\Request))
#43 C:\\Users\\GeiPis\\Desktop\\IFSP\\2025\\2\\Programacao Dinamica para Web\\projeto-laravel-spopweb\\mvc-cervejas\\vendor\\laravel\\framework\\src\\Illuminate\\Foundation\\Http\\Middleware\\TrimStrings.php(51): Illuminate\\Foundation\\Http\\Middleware\\TransformsRequest->handle(Object(Illuminate\\Http\\Request), Object(Closure))
#44 C:\\Users\\GeiPis\\Desktop\\IFSP\\2025\\2\\Programacao Dinamica para Web\\projeto-laravel-spopweb\\mvc-cervejas\\vendor\\laravel\\framework\\src\\Illuminate\\Pipeline\\Pipeline.php(209): Illuminate\\Foundation\\Http\\Middleware\\TrimStrings->handle(Object(Illuminate\\Http\\Request), Object(Closure))
#45 C:\\Users\\GeiPis\\Desktop\\IFSP\\2025\\2\\Programacao Dinamica para Web\\projeto-laravel-spopweb\\mvc-cervejas\\vendor\\laravel\\framework\\src\\Illuminate\\Http\\Middleware\\ValidatePostSize.php(27): Illuminate\\Pipeline\\Pipeline->{closure:{closure:Illuminate\\Pipeline\\Pipeline::carry():184}:185}(Object(Illuminate\\Http\\Request))
#46 C:\\Users\\GeiPis\\Desktop\\IFSP\\2025\\2\\Programacao Dinamica para Web\\projeto-laravel-spopweb\\mvc-cervejas\\vendor\\laravel\\framework\\src\\Illuminate\\Pipeline\\Pipeline.php(209): Illuminate\\Http\\Middleware\\ValidatePostSize->handle(Object(Illuminate\\Http\\Request), Object(Closure))
#47 C:\\Users\\GeiPis\\Desktop\\IFSP\\2025\\2\\Programacao Dinamica para Web\\projeto-laravel-spopweb\\mvc-cervejas\\vendor\\laravel\\framework\\src\\Illuminate\\Foundation\\Http\\Middleware\\PreventRequestsDuringMaintenance.php(110): Illuminate\\Pipeline\\Pipeline->{closure:{closure:Illuminate\\Pipeline\\Pipeline::carry():184}:185}(Object(Illuminate\\Http\\Request))
#48 C:\\Users\\GeiPis\\Desktop\\IFSP\\2025\\2\\Programacao Dinamica para Web\\projeto-laravel-spopweb\\mvc-cervejas\\vendor\\laravel\\framework\\src\\Illuminate\\Pipeline\\Pipeline.php(209): Illuminate\\Foundation\\Http\\Middleware\\PreventRequestsDuringMaintenance->handle(Object(Illuminate\\Http\\Request), Object(Closure))
#49 C:\\Users\\GeiPis\\Desktop\\IFSP\\2025\\2\\Programacao Dinamica para Web\\projeto-laravel-spopweb\\mvc-cervejas\\vendor\\laravel\\framework\\src\\Illuminate\\Http\\Middleware\\HandleCors.php(49): Illuminate\\Pipeline\\Pipeline->{closure:{closure:Illuminate\\Pipeline\\Pipeline::carry():184}:185}(Object(Illuminate\\Http\\Request))
#50 C:\\Users\\GeiPis\\Desktop\\IFSP\\2025\\2\\Programacao Dinamica para Web\\projeto-laravel-spopweb\\mvc-cervejas\\vendor\\laravel\\framework\\src\\Illuminate\\Pipeline\\Pipeline.php(209): Illuminate\\Http\\Middleware\\HandleCors->handle(Object(Illuminate\\Http\\Request), Object(Closure))
#51 C:\\Users\\GeiPis\\Desktop\\IFSP\\2025\\2\\Programacao Dinamica para Web\\projeto-laravel-spopweb\\mvc-cervejas\\vendor\\laravel\\framework\\src\\Illuminate\\Http\\Middleware\\TrustProxies.php(58): Illuminate\\Pipeline\\Pipeline->{closure:{closure:Illuminate\\Pipeline\\Pipeline::carry():184}:185}(Object(Illuminate\\Http\\Request))
#52 C:\\Users\\GeiPis\\Desktop\\IFSP\\2025\\2\\Programacao Dinamica para Web\\projeto-laravel-spopweb\\mvc-cervejas\\vendor\\laravel\\framework\\src\\Illuminate\\Pipeline\\Pipeline.php(209): Illuminate\\Http\\Middleware\\TrustProxies->handle(Object(Illuminate\\Http\\Request), Object(Closure))
#53 C:\\Users\\GeiPis\\Desktop\\IFSP\\2025\\2\\Programacao Dinamica para Web\\projeto-laravel-spopweb\\mvc-cervejas\\vendor\\laravel\\framework\\src\\Illuminate\\Foundation\\Http\\Middleware\\InvokeDeferredCallbacks.php(22): Illuminate\\Pipeline\\Pipeline->{closure:{closure:Illuminate\\Pipeline\\Pipeline::carry():184}:185}(Object(Illuminate\\Http\\Request))
#54 C:\\Users\\GeiPis\\Desktop\\IFSP\\2025\\2\\Programacao Dinamica para Web\\projeto-laravel-spopweb\\mvc-cervejas\\vendor\\laravel\\framework\\src\\Illuminate\\Pipeline\\Pipeline.php(209): Illuminate\\Foundation\\Http\\Middleware\\InvokeDeferredCallbacks->handle(Object(Illuminate\\Http\\Request), Object(Closure))
#55 C:\\Users\\GeiPis\\Desktop\\IFSP\\2025\\2\\Programacao Dinamica para Web\\projeto-laravel-spopweb\\mvc-cervejas\\vendor\\laravel\\framework\\src\\Illuminate\\Pipeline\\Pipeline.php(127): Illuminate\\Pipeline\\Pipeline->{closure:{closure:Illuminate\\Pipeline\\Pipeline::carry():184}:185}(Object(Illuminate\\Http\\Request))
#56 C:\\Users\\GeiPis\\Desktop\\IFSP\\2025\\2\\Programacao Dinamica para Web\\projeto-laravel-spopweb\\mvc-cervejas\\vendor\\laravel\\framework\\src\\Illuminate\\Foundation\\Http\\Kernel.php(176): Illuminate\\Pipeline\\Pipeline->then(Object(Closure))
#57 C:\\Users\\GeiPis\\Desktop\\IFSP\\2025\\2\\Programacao Dinamica para Web\\projeto-laravel-spopweb\\mvc-cervejas\\vendor\\laravel\\framework\\src\\Illuminate\\Foundation\\Http\\Kernel.php(145): Illuminate\\Foundation\\Http\\Kernel->sendRequestThroughRouter(Object(Illuminate\\Http\\Request))
#58 C:\\Users\\GeiPis\\Desktop\\IFSP\\2025\\2\\Programacao Dinamica para Web\\projeto-laravel-spopweb\\mvc-cervejas\\vendor\\laravel\\framework\\src\\Illuminate\\Foundation\\Application.php(1220): Illuminate\\Foundation\\Http\\Kernel->handle(Object(Illuminate\\Http\\Request))
#59 C:\\Users\\GeiPis\\Desktop\\IFSP\\2025\\2\\Programacao Dinamica para Web\\projeto-laravel-spopweb\\mvc-cervejas\\public\\index.php(17): Illuminate\\Foundation\\Application->handleRequest(Object(Illuminate\\Http\\Request))
#60 C:\\Users\\GeiPis\\Desktop\\IFSP\\2025\\2\\Programacao Dinamica para Web\\projeto-laravel-spopweb\\mvc-cervejas\\vendor\\laravel\\framework\\src\\Illuminate\\Foundation\\resources\\server.php(23): require_once('C:\\\\Users\\\\GeiPis...')
#61 {main}
"} 
[2025-11-28 01:30:28] local.ERROR: Route [cervejas.index] not defined. (View: C:\Users\GeiPis\Desktop\IFSP\2025\2\Programacao Dinamica para Web\projeto-laravel-spopweb\mvc-cervejas\resources\views\cadastrar.blade.php) {"userId":1,"exception":"[object] (Illuminate\\View\\ViewException(code: 0): Route [cervejas.index] not defined. (View: C:\\Users\\GeiPis\\Desktop\\IFSP\\2025\\2\\Programacao Dinamica para Web\\projeto-laravel-spopweb\\mvc-cervejas\\resources\\views\\cadastrar.blade.php) at C:\\Users\\GeiPis\\Desktop\\IFSP\\2025\\2\\Programacao Dinamica para Web\\projeto-laravel-spopweb\\mvc-cervejas\\vendor\\laravel\\framework\\src\\Illuminate\\Routing\\UrlGenerator.php:517)
[stacktrace]
#0 C:\\Users\\GeiPis\\Desktop\\IFSP\\2025\\2\\Programacao Dinamica para Web\\projeto-laravel-spopweb\\mvc-cervejas\\vendor\\laravel\\framework\\src\\Illuminate\\View\\Engines\\PhpEngine.php(60): Illuminate\\View\\Engines\\CompilerEngine->handleViewException(Object(Symfony\\Component\\Routing\\Exception\\RouteNotFoundException), 0)
#1 C:\\Users\\GeiPis\\Desktop\\IFSP\\2025\\2\\Programacao Dinamica para Web\\projeto-laravel-spopweb\\mvc-cervejas\\vendor\\laravel\\framework\\src\\Illuminate\\View\\Engines\\CompilerEngine.php(75): Illuminate\\View\\Engines\\PhpEngine->evaluatePath('C:\\\\Users\\\\GeiPis...', Array)
#2 C:\\Users\\GeiPis\\Desktop\\IFSP\\2025\\2\\Programacao Dinamica para Web\\projeto-laravel-spopweb\\mvc-cervejas\\vendor\\laravel\\framework\\src\\Illuminate\\View\\View.php(209): Illuminate\\View\\Engines\\CompilerEngine->get('C:\\\\Users\\\\GeiPis...', Array)
#3 C:\\Users\\GeiPis\\Desktop\\IFSP\\2025\\2\\Programacao Dinamica para Web\\projeto-laravel-spopweb\\mvc-cervejas\\vendor\\laravel\\framework\\src\\Illuminate\\View\\View.php(192): Illuminate\\View\\View->getContents()
#4 C:\\Users\\GeiPis\\Desktop\\IFSP\\2025\\2\\Programacao Dinamica para Web\\projeto-laravel-spopweb\\mvc-cervejas\\vendor\\laravel\\framework\\src\\Illuminate\\View\\View.php(161): Illuminate\\View\\View->renderContents()
#5 C:\\Users\\GeiPis\\Desktop\\IFSP\\2025\\2\\Programacao Dinamica para Web\\projeto-laravel-spopweb\\mvc-cervejas\\vendor\\laravel\\framework\\src\\Illuminate\\Http\\Response.php(79): Illuminate\\View\\View->render()
#6 C:\\Users\\GeiPis\\Desktop\\IFSP\\2025\\2\\Programacao Dinamica para Web\\projeto-laravel-spopweb\\mvc-cervejas\\vendor\\laravel\\framework\\src\\Illuminate\\Http\\Response.php(35): Illuminate\\Http\\Response->setContent(Object(Illuminate\\View\\View))
#7 C:\\Users\\GeiPis\\Desktop\\IFSP\\2025\\2\\Programacao Dinamica para Web\\projeto-laravel-spopweb\\mvc-cervejas\\vendor\\laravel\\framework\\src\\Illuminate\\Routing\\Router.php(920): Illuminate\\Http\\Response->__construct(Object(Illuminate\\View\\View), 200, Array)
#8 C:\\Users\\GeiPis\\Desktop\\IFSP\\2025\\2\\Programacao Dinamica para Web\\projeto-laravel-spopweb\\mvc-cervejas\\vendor\\laravel\\framework\\src\\Illuminate\\Routing\\Router.php(887): Illuminate\\Routing\\Router::toResponse(Object(Illuminate\\Http\\Request), Object(Illuminate\\View\\View))
#9 C:\\Users\\GeiPis\\Desktop\\IFSP\\2025\\2\\Programacao Dinamica para Web\\projeto-laravel-spopweb\\mvc-cervejas\\vendor\\laravel\\framework\\src\\Illuminate\\Routing\\Router.php(807): Illuminate\\Routing\\Router->prepareResponse(Object(Illuminate\\Http\\Request), Object(Illuminate\\View\\View))
#10 C:\\Users\\GeiPis\\Desktop\\IFSP\\2025\\2\\Programacao Dinamica para Web\\projeto-laravel-spopweb\\mvc-cervejas\\vendor\\laravel\\framework\\src\\Illuminate\\Pipeline\\Pipeline.php(170): Illuminate\\Routing\\Router->{closure:Illuminate\\Routing\\Router::runRouteWithinStack():807}(Object(Illuminate\\Http\\Request))
#11 C:\\Users\\GeiPis\\Desktop\\IFSP\\2025\\2\\Programacao Dinamica para Web\\projeto-laravel-spopweb\\mvc-cervejas\\vendor\\laravel\\framework\\src\\Illuminate\\Auth\\Middleware\\EnsureEmailIsVerified.php(41): Illuminate\\Pipeline\\Pipeline->{closure:Illuminate\\Pipeline\\Pipeline::prepareDestination():168}(Object(Illuminate\\Http\\Request))
#12 C:\\Users\\GeiPis\\Desktop\\IFSP\\2025\\2\\Programacao Dinamica para Web\\projeto-laravel-spopweb\\mvc-cervejas\\vendor\\laravel\\framework\\src\\Illuminate\\Pipeline\\Pipeline.php(209): Illuminate\\Auth\\Middleware\\EnsureEmailIsVerified->handle(Object(Illuminate\\Http\\Request), Object(Closure))
#13 C:\\Users\\GeiPis\\Desktop\\IFSP\\2025\\2\\Programacao Dinamica para Web\\projeto-laravel-spopweb\\mvc-cervejas\\vendor\\laravel\\framework\\src\\Illuminate\\Routing\\Middleware\\SubstituteBindings.php(51): Illuminate\\Pipeline\\Pipeline->{closure:{closure:Illuminate\\Pipeline\\Pipeline::carry():184}:185}(Object(Illuminate\\Http\\Request))
#14 C:\\Users\\GeiPis\\Desktop\\IFSP\\2025\\2\\Programacao Dinamica para Web\\projeto-laravel-spopweb\\mvc-cervejas\\vendor\\laravel\\framework\\src\\Illuminate\\Pipeline\\Pipeline.php(209): Illuminate\\Routing\\Middleware\\SubstituteBindings->handle(Object(Illuminate\\Http\\Request), Object(Closure))
#15 C:\\Users\\GeiPis\\Desktop\\IFSP\\2025\\2\\Programacao Dinamica para Web\\projeto-laravel-spopweb\\mvc-cervejas\\vendor\\laravel\\framework\\src\\Illuminate\\Auth\\Middleware\\Authenticate.php(64): Illuminate\\Pipeline\\Pipeline->{closure:{closure:Illuminate\\Pipeline\\Pipeline::carry():184}:185}(Object(Illuminate\\Http\\Request))
#16 C:\\Users\\GeiPis\\Desktop\\IFSP\\2025\\2\\Programacao Dinamica para Web\\projeto-laravel-spopweb\\mvc-cervejas\\vendor\\laravel\\framework\\src\\Illuminate\\Pipeline\\Pipeline.php(209): Illuminate\\Auth\\Middleware\\Authenticate->handle(Object(Illuminate\\Http\\Request), Object(Closure))
#17 C:\\Users\\GeiPis\\Desktop\\IFSP\\2025\\2\\Programacao Dinamica para Web\\projeto-laravel-spopweb\\mvc-cervejas\\vendor\\laravel\\framework\\src\\Illuminate\\Foundation\\Http\\Middleware\\VerifyCsrfToken.php(88): Illuminate\\Pipeline\\Pipeline->{closure:{closure:Illuminate\\Pipeline\\Pipeline::carry():184}:185}(Object(Illuminate\\Http\\Request))
#18 C:\\Users\\GeiPis\\Desktop\\IFSP\\2025\\2\\Programacao Dinamica para Web\\projeto-laravel-spopweb\\mvc-cervejas\\vendor\\laravel\\framework\\src\\Illuminate\\Pipeline\\Pipeline.php(209): Illuminate\\Foundation\\Http\\Middleware\\VerifyCsrfToken->handle(Object(Illuminate\\Http\\Request), Object(Closure))
#19 C:\\Users\\GeiPis\\Desktop\\IFSP\\2025\\2\\Programacao Dinamica para Web\\projeto-laravel-spopweb\\mvc-cervejas\\vendor\\laravel\\framework\\src\\Illuminate\\View\\Middleware\\ShareErrorsFromSession.php(49): Illuminate\\Pipeline\\Pipeline->{closure:{closure:Illuminate\\Pipeline\\Pipeline::carry():184}:185}(Object(Illuminate\\Http\\Request))
#20 C:\\Users\\GeiPis\\Desktop\\IFSP\\2025\\2\\Programacao Dinamica para Web\\projeto-laravel-spopweb\\mvc-cervejas\\vendor\\laravel\\framework\\src\\Illuminate\\Pipeline\\Pipeline.php(209): Illuminate\\View\\Middleware\\ShareErrorsFromSession->handle(Object(Illuminate\\Http\\Request), Object(Closure))
#21 C:\\Users\\GeiPis\\Desktop\\IFSP\\2025\\2\\Programacao Dinamica para Web\\projeto-laravel-spopweb\\mvc-cervejas\\vendor\\laravel\\framework\\src\\Illuminate\\Session\\Middleware\\StartSession.php(121): Illuminate\\Pipeline\\Pipeline->{closure:{closure:Illuminate\\Pipeline\\Pipeline::carry():184}:185}(Object(Illuminate\\Http\\Request))
#22 C:\\Users\\GeiPis\\Desktop\\IFSP\\2025\\2\\Programacao Dinamica para Web\\projeto-laravel-spopweb\\mvc-cervejas\\vendor\\laravel\\framework\\src\\Illuminate\\Session\\Middleware\\StartSession.php(64): Illuminate\\Session\\Middleware\\StartSession->handleStatefulRequest(Object(Illuminate\\Http\\Request), Object(Illuminate\\Session\\Store), Object(Closure))
#23 C:\\Users\\GeiPis\\Desktop\\IFSP\\2025\\2\\Programacao Dinamica para Web\\projeto-laravel-spopweb\\mvc-cervejas\\vendor\\laravel\\framework\\src\\Illuminate\\Pipeline\\Pipeline.php(209): Illuminate\\Session\\Middleware\\StartSession->handle(Object(Illuminate\\Http\\Request), Object(Closure))
#24 C:\\Users\\GeiPis\\Desktop\\IFSP\\2025\\2\\Programacao Dinamica para Web\\projeto-laravel-spopweb\\mvc-cervejas\\vendor\\laravel\\framework\\src\\Illuminate\\Cookie\\Middleware\\AddQueuedCookiesToResponse.php(37): Illuminate\\Pipeline\\Pipeline->{closure:{closure:Illuminate\\Pipeline\\Pipeline::carry():184}:185}(Object(Illuminate\\Http\\Request))
#25 C:\\Users\\GeiPis\\Desktop\\IFSP\\2025\\2\\Programacao Dinamica para Web\\projeto-laravel-spopweb\\mvc-cervejas\\vendor\\laravel\\framework\\src\\Illuminate\\Pipeline\\Pipeline.php(209): Illuminate\\Cookie\\Middleware\\AddQueuedCookiesToResponse->handle(Object(Illuminate\\Http\\Request), Object(Closure))
#26 C:\\Users\\GeiPis\\Desktop\\IFSP\\2025\\2\\Programacao Dinamica para Web\\projeto-laravel-spopweb\\mvc-cervejas\\vendor\\laravel\\framework\\src\\Illuminate\\Cookie\\Middleware\\EncryptCookies.php(75): Illuminate\\Pipeline\\Pipeline->{closure:{closure:Illuminate\\Pipeline\\Pipeline::carry():184}:185}(Object(Illuminate\\Http\\Request))
#27 C:\\Users\\GeiPis\\Desktop\\IFSP\\2025\\2\\Programacao Dinamica para Web\\projeto-laravel-spopweb\\mvc-cervejas\\vendor\\laravel\\framework\\src\\Illuminate\\Pipeline\\Pipeline.php(209): Illuminate\\Cookie\\Middleware\\EncryptCookies->handle(Object(Illuminate\\Http\\Request), Object(Closure))
#28 C:\\Users\\GeiPis\\Desktop\\IFSP\\2025\\2\\Programacao Dinamica para Web\\projeto-laravel-spopweb\\mvc-cervejas\\vendor\\laravel\\framework\\src\\Illuminate\\Pipeline\\Pipeline.php(127): Illuminate\\Pipeline\\Pipeline->{closure:{closure:Illuminate\\Pipeline\\Pipeline::carry():184}:185}(Object(Illuminate\\Http\\Request))
#29 C:\\Users\\GeiPis\\Desktop\\IFSP\\2025\\2\\Programacao Dinamica para Web\\projeto-laravel-spopweb\\mvc-cervejas\\vendor\\laravel\\framework\\src\\Illuminate\\Routing\\Router.php(807): Illuminate\\Pipeline\\Pipeline->then(Object(Closure))
#30 C:\\Users\\GeiPis\\Desktop\\IFSP\\2025\\2\\Programacao Dinamica para Web\\projeto-laravel-spopweb\\mvc-cervejas\\vendor\\laravel\\framework\\src\\Illuminate\\Routing\\Router.php(786): Illuminate\\Routing\\Router->runRouteWithinStack(Object(Illuminate\\Routing\\Route), Object(Illuminate\\Http\\Request))
#31 C:\\Users\\GeiPis\\Desktop\\IFSP\\2025\\2\\Programacao Dinamica para Web\\projeto-laravel-spopweb\\mvc-cervejas\\vendor\\laravel\\framework\\src\\Illuminate\\Routing\\Router.php(750): Illuminate\\Routing\\Router->runRoute(Object(Illuminate\\Http\\Request), Object(Illuminate\\Routing\\Route))
#32 C:\\Users\\GeiPis\\Desktop\\IFSP\\2025\\2\\Programacao Dinamica para Web\\projeto-laravel-spopweb\\mvc-cervejas\\vendor\\laravel\\framework\\src\\Illuminate\\Routing\\Router.php(739): Illuminate\\Routing\\Router->dispatchToRoute(Object(Illuminate\\Http\\Request))
#33 C:\\Users\\GeiPis\\Desktop\\IFSP\\2025\\2\\Programacao Dinamica para Web\\projeto-laravel-spopweb\\mvc-cervejas\\vendor\\laravel\\framework\\src\\Illuminate\\Foundation\\Http\\Kernel.php(201): Illuminate\\Routing\\Router->dispatch(Object(Illuminate\\Http\\Request))
#34 C:\\Users\\GeiPis\\Desktop\\IFSP\\2025\\2\\Programacao Dinamica para Web\\projeto-laravel-spopweb\\mvc-cervejas\\vendor\\laravel\\framework\\src\\Illuminate\\Pipeline\\Pipeline.php(170): Illuminate\\Foundation\\Http\\Kernel->{closure:Illuminate\\Foundation\\Http\\Kernel::dispatchToRouter():198}(Object(Illuminate\\Http\\Request))
#35 C:\\Users\\GeiPis\\Desktop\\IFSP\\2025\\2\\Programacao Dinamica para Web\\projeto-laravel-spopweb\\mvc-cervejas\\vendor\\laravel\\framework\\src\\Illuminate\\Foundation\\Http\\Middleware\\TransformsRequest.php(21): Illuminate\\Pipeline\\Pipeline->{closure:Illuminate\\Pipeline\\Pipeline::prepareDestination():168}(Object(Illuminate\\Http\\Request))
#36 C:\\Users\\GeiPis\\Desktop\\IFSP\\2025\\2\\Programacao Dinamica para Web\\projeto-laravel-spopweb\\mvc-cervejas\\vendor\\laravel\\framework\\src\\Illuminate\\Foundation\\Http\\Middleware\\ConvertEmptyStringsToNull.php(31): Illuminate\\Foundation\\Http\\Middleware\\TransformsRequest->handle(Object(Illuminate\\Http\\Request), Object(Closure))
#37 C:\\Users\\GeiPis\\Desktop\\IFSP\\2025\\2\\Programacao Dinamica para Web\\projeto-laravel-spopweb\\mvc-cervejas\\vendor\\laravel\\framework\\src\\Illuminate\\Pipeline\\Pipeline.php(209): Illuminate\\Foundation\\Http\\Middleware\\ConvertEmptyStringsToNull->handle(Object(Illuminate\\Http\\Request), Object(Closure))
#38 C:\\Users\\GeiPis\\Desktop\\IFSP\\2025\\2\\Programacao Dinamica para Web\\projeto-laravel-spopweb\\mvc-cervejas\\vendor\\laravel\\framework\\src\\Illuminate\\Foundation\\Http\\Middleware\\TransformsRequest.php(21): Illuminate\\Pipeline\\Pipeline->{closure:{closure:Illuminate\\Pipeline\\Pipeline::carry():184}:185}(Object(Illuminate\\Http\\Request))
#39 C:\\Users\\GeiPis\\Desktop\\IFSP\\2025\\2\\Programacao Dinamica para Web\\projeto-laravel-spopweb\\mvc-cervejas\\vendor\\laravel\\framework\\src\\Illuminate\\Foundation\\Http\\Middleware\\TrimStrings.php(51): Illuminate\\Foundation\\Http\\Middleware\\TransformsRequest->handle(Object(Illuminate\\Http\\Request), Object(Closure))
#40 C:\\Users\\GeiPis\\Desktop\\IFSP\\2025\\2\\Programacao Dinamica para Web\\projeto-laravel-spopweb\\mvc-cervejas\\vendor\\laravel\\framework\\src\\Illuminate\\Pipeline\\Pipeline.php(209): Illuminate\\Foundation\\Http\\Middleware\\TrimStrings->handle(Object(Illuminate\\Http\\Request), Object(Closure))
#41 C:\\Users\\GeiPis\\Desktop\\IFSP\\2025\\2\\Programacao Dinamica para Web\\projeto-laravel-spopweb\\mvc-cervejas\\vendor\\laravel\\framework\\src\\Illuminate\\Http\\Middleware\\ValidatePostSize.php(27): Illuminate\\Pipeline\\Pipeline->{closure:{closure:Illuminate\\Pipeline\\Pipeline::carry():184}:185}(Object(Illuminate\\Http\\Request))
#42 C:\\Users\\GeiPis\\Desktop\\IFSP\\2025\\2\\Programacao Dinamica para Web\\projeto-laravel-spopweb\\mvc-cervejas\\vendor\\laravel\\framework\\src\\Illuminate\\Pipeline\\Pipeline.php(209): Illuminate\\Http\\Middleware\\ValidatePostSize->handle(Object(Illuminate\\Http\\Request), Object(Closure))
#43 C:\\Users\\GeiPis\\Desktop\\IFSP\\2025\\2\\Programacao Dinamica para Web\\projeto-laravel-spopweb\\mvc-cervejas\\vendor\\laravel\\framework\\src\\Illuminate\\Foundation\\Http\\Middleware\\PreventRequestsDuringMaintenance.php(110): Illuminate\\Pipeline\\Pipeline->{closure:{closure:Illuminate\\Pipeline\\Pipeline::carry():184}:185}(Object(Illuminate\\Http\\Request))
#44 C:\\Users\\GeiPis\\Desktop\\IFSP\\2025\\2\\Programacao Dinamica para Web\\projeto-laravel-spopweb\\mvc-cervejas\\vendor\\laravel\\framework\\src\\Illuminate\\Pipeline\\Pipeline.php(209): Illuminate\\Foundation\\Http\\Middleware\\PreventRequestsDuringMaintenance->handle(Object(Illuminate\\Http\\Request), Object(Closure))
#45 C:\\Users\\GeiPis\\Desktop\\IFSP\\2025\\2\\Programacao Dinamica para Web\\projeto-laravel-spopweb\\mvc-cervejas\\vendor\\laravel\\framework\\src\\Illuminate\\Http\\Middleware\\HandleCors.php(49): Illuminate\\Pipeline\\Pipeline->{closure:{closure:Illuminate\\Pipeline\\Pipeline::carry():184}:185}(Object(Illuminate\\Http\\Request))
#46 C:\\Users\\GeiPis\\Desktop\\IFSP\\2025\\2\\Programacao Dinamica para Web\\projeto-laravel-spopweb\\mvc-cervejas\\vendor\\laravel\\framework\\src\\Illuminate\\Pipeline\\Pipeline.php(209): Illuminate\\Http\\Middleware\\HandleCors->handle(Object(Illuminate\\Http\\Request), Object(Closure))
#47 C:\\Users\\GeiPis\\Desktop\\IFSP\\2025\\2\\Programacao Dinamica para Web\\projeto-laravel-spopweb\\mvc-cervejas\\vendor\\laravel\\framework\\src\\Illuminate\\Http\\Middleware\\TrustProxies.php(58): Illuminate\\Pipeline\\Pipeline->{closure:{closure:Illuminate\\Pipeline\\Pipeline::carry():184}:185}(Object(Illuminate\\Http\\Request))
#48 C:\\Users\\GeiPis\\Desktop\\IFSP\\2025\\2\\Programacao Dinamica para Web\\projeto-laravel-spopweb\\mvc-cervejas\\vendor\\laravel\\framework\\src\\Illuminate\\Pipeline\\Pipeline.php(209): Illuminate\\Http\\Middleware\\TrustProxies->handle(Object(Illuminate\\Http\\Request), Object(Closure))
#49 C:\\Users\\GeiPis\\Desktop\\IFSP\\2025\\2\\Programacao Dinamica para Web\\projeto-laravel-spopweb\\mvc-cervejas\\vendor\\laravel\\framework\\src\\Illuminate\\Foundation\\Http\\Middleware\\InvokeDeferredCallbacks.php(22): Illuminate\\Pipeline\\Pipeline->{closure:{closure:Illuminate\\Pipeline\\Pipeline::carry():184}:185}(Object(Illuminate\\Http\\Request))
#50 C:\\Users\\GeiPis\\Desktop\\IFSP\\2025\\2\\Programacao Dinamica para Web\\projeto-laravel-spopweb\\mvc-cervejas\\vendor\\laravel\\framework\\src\\Illuminate\\Pipeline\\Pipeline.php(209): Illuminate\\Foundation\\Http\\Middleware\\InvokeDeferredCallbacks->handle(Object(Illuminate\\Http\\Request), Object(Closure))
#51 C:\\Users\\GeiPis\\Desktop\\IFSP\\2025\\2\\Programacao Dinamica para Web\\projeto-laravel-spopweb\\mvc-cervejas\\vendor\\laravel\\framework\\src\\Illuminate\\Pipeline\\Pipeline.php(127): Illuminate\\Pipeline\\Pipeline->{closure:{closure:Illuminate\\Pipeline\\Pipeline::carry():184}:185}(Object(Illuminate\\Http\\Request))
#52 C:\\Users\\GeiPis\\Desktop\\IFSP\\2025\\2\\Programacao Dinamica para Web\\projeto-laravel-spopweb\\mvc-cervejas\\vendor\\laravel\\framework\\src\\Illuminate\\Foundation\\Http\\Kernel.php(176): Illuminate\\Pipeline\\Pipeline->then(Object(Closure))
#53 C:\\Users\\GeiPis\\Desktop\\IFSP\\2025\\2\\Programacao Dinamica para Web\\projeto-laravel-spopweb\\mvc-cervejas\\vendor\\laravel\\framework\\src\\Illuminate\\Foundation\\Http\\Kernel.php(145): Illuminate\\Foundation\\Http\\Kernel->sendRequestThroughRouter(Object(Illuminate\\Http\\Request))
#54 C:\\Users\\GeiPis\\Desktop\\IFSP\\2025\\2\\Programacao Dinamica para Web\\projeto-laravel-spopweb\\mvc-cervejas\\vendor\\laravel\\framework\\src\\Illuminate\\Foundation\\Application.php(1220): Illuminate\\Foundation\\Http\\Kernel->handle(Object(Illuminate\\Http\\Request))
#55 C:\\Users\\GeiPis\\Desktop\\IFSP\\2025\\2\\Programacao Dinamica para Web\\projeto-laravel-spopweb\\mvc-cervejas\\public\\index.php(17): Illuminate\\Foundation\\Application->handleRequest(Object(Illuminate\\Http\\Request))
#56 C:\\Users\\GeiPis\\Desktop\\IFSP\\2025\\2\\Programacao Dinamica para Web\\projeto-laravel-spopweb\\mvc-cervejas\\vendor\\laravel\\framework\\src\\Illuminate\\Foundation\\resources\\server.php(23): require_once('C:\\\\Users\\\\GeiPis...')
#57 {main}

[previous exception] [object] (Symfony\\Component\\Routing\\Exception\\RouteNotFoundException(code: 0): Route [cervejas.index] not defined. at C:\\Users\\GeiPis\\Desktop\\IFSP\\2025\\2\\Programacao Dinamica para Web\\projeto-laravel-spopweb\\mvc-cervejas\\vendor\\laravel\\framework\\src\\Illuminate\\Routing\\UrlGenerator.php:517)
[stacktrace]
#0 C:\\Users\\GeiPis\\Desktop\\IFSP\\2025\\2\\Programacao Dinamica para Web\\projeto-laravel-spopweb\\mvc-cervejas\\vendor\\laravel\\framework\\src\\Illuminate\\Foundation\\helpers.php(853): Illuminate\\Routing\\UrlGenerator->route('cervejas.index', Array, true)
#1 C:\\Users\\GeiPis\\Desktop\\IFSP\\2025\\2\\Programacao Dinamica para Web\\projeto-laravel-spopweb\\mvc-cervejas\\storage\\framework\\views\\ed99253affb394869f0171bfb7bd1106.php(280): route('cervejas.index')
#2 C:\\Users\\GeiPis\\Desktop\\IFSP\\2025\\2\\Programacao Dinamica para Web\\projeto-laravel-spopweb\\mvc-cervejas\\vendor\\laravel\\framework\\src\\Illuminate\\Filesystem\\Filesystem.php(123): require('C:\\\\Users\\\\GeiPis...')
#3 C:\\Users\\GeiPis\\Desktop\\IFSP\\2025\\2\\Programacao Dinamica para Web\\projeto-laravel-spopweb\\mvc-cervejas\\vendor\\laravel\\framework\\src\\Illuminate\\Filesystem\\Filesystem.php(124): Illuminate\\Filesystem\\Filesystem::{closure:Illuminate\\Filesystem\\Filesystem::getRequire():120}()
#4 C:\\Users\\GeiPis\\Desktop\\IFSP\\2025\\2\\Programacao Dinamica para Web\\projeto-laravel-spopweb\\mvc-cervejas\\vendor\\laravel\\framework\\src\\Illuminate\\View\\Engines\\PhpEngine.php(58): Illuminate\\Filesystem\\Filesystem->getRequire('C:\\\\Users\\\\GeiPis...', Array)
#5 C:\\Users\\GeiPis\\Desktop\\IFSP\\2025\\2\\Programacao Dinamica para Web\\projeto-laravel-spopweb\\mvc-cervejas\\vendor\\laravel\\framework\\src\\Illuminate\\View\\Engines\\CompilerEngine.php(75): Illuminate\\View\\Engines\\PhpEngine->evaluatePath('C:\\\\Users\\\\GeiPis...', Array)
#6 C:\\Users\\GeiPis\\Desktop\\IFSP\\2025\\2\\Programacao Dinamica para Web\\projeto-laravel-spopweb\\mvc-cervejas\\vendor\\laravel\\framework\\src\\Illuminate\\View\\View.php(209): Illuminate\\View\\Engines\\CompilerEngine->get('C:\\\\Users\\\\GeiPis...', Array)
#7 C:\\Users\\GeiPis\\Desktop\\IFSP\\2025\\2\\Programacao Dinamica para Web\\projeto-laravel-spopweb\\mvc-cervejas\\vendor\\laravel\\framework\\src\\Illuminate\\View\\View.php(192): Illuminate\\View\\View->getContents()
#8 C:\\Users\\GeiPis\\Desktop\\IFSP\\2025\\2\\Programacao Dinamica para Web\\projeto-laravel-spopweb\\mvc-cervejas\\vendor\\laravel\\framework\\src\\Illuminate\\View\\View.php(161): Illuminate\\View\\View->renderContents()
#9 C:\\Users\\GeiPis\\Desktop\\IFSP\\2025\\2\\Programacao Dinamica para Web\\projeto-laravel-spopweb\\mvc-cervejas\\vendor\\laravel\\framework\\src\\Illuminate\\Http\\Response.php(79): Illuminate\\View\\View->render()
#10 C:\\Users\\GeiPis\\Desktop\\IFSP\\2025\\2\\Programacao Dinamica para Web\\projeto-laravel-spopweb\\mvc-cervejas\\vendor\\laravel\\framework\\src\\Illuminate\\Http\\Response.php(35): Illuminate\\Http\\Response->setContent(Object(Illuminate\\View\\View))
#11 C:\\Users\\GeiPis\\Desktop\\IFSP\\2025\\2\\Programacao Dinamica para Web\\projeto-laravel-spopweb\\mvc-cervejas\\vendor\\laravel\\framework\\src\\Illuminate\\Routing\\Router.php(920): Illuminate\\Http\\Response->__construct(Object(Illuminate\\View\\View), 200, Array)
#12 C:\\Users\\GeiPis\\Desktop\\IFSP\\2025\\2\\Programacao Dinamica para Web\\projeto-laravel-spopweb\\mvc-cervejas\\vendor\\laravel\\framework\\src\\Illuminate\\Routing\\Router.php(887): Illuminate\\Routing\\Router::toResponse(Object(Illuminate\\Http\\Request), Object(Illuminate\\View\\View))
#13 C:\\Users\\GeiPis\\Desktop\\IFSP\\2025\\2\\Programacao Dinamica para Web\\projeto-laravel-spopweb\\mvc-cervejas\\vendor\\laravel\\framework\\src\\Illuminate\\Routing\\Router.php(807): Illuminate\\Routing\\Router->prepareResponse(Object(Illuminate\\Http\\Request), Object(Illuminate\\View\\View))
#14 C:\\Users\\GeiPis\\Desktop\\IFSP\\2025\\2\\Programacao Dinamica para Web\\projeto-laravel-spopweb\\mvc-cervejas\\vendor\\laravel\\framework\\src\\Illuminate\\Pipeline\\Pipeline.php(170): Illuminate\\Routing\\Router->{closure:Illuminate\\Routing\\Router::runRouteWithinStack():807}(Object(Illuminate\\Http\\Request))
#15 C:\\Users\\GeiPis\\Desktop\\IFSP\\2025\\2\\Programacao Dinamica para Web\\projeto-laravel-spopweb\\mvc-cervejas\\vendor\\laravel\\framework\\src\\Illuminate\\Auth\\Middleware\\EnsureEmailIsVerified.php(41): Illuminate\\Pipeline\\Pipeline->{closure:Illuminate\\Pipeline\\Pipeline::prepareDestination():168}(Object(Illuminate\\Http\\Request))
#16 C:\\Users\\GeiPis\\Desktop\\IFSP\\2025\\2\\Programacao Dinamica para Web\\projeto-laravel-spopweb\\mvc-cervejas\\vendor\\laravel\\framework\\src\\Illuminate\\Pipeline\\Pipeline.php(209): Illuminate\\Auth\\Middleware\\EnsureEmailIsVerified->handle(Object(Illuminate\\Http\\Request), Object(Closure))
#17 C:\\Users\\GeiPis\\Desktop\\IFSP\\2025\\2\\Programacao Dinamica para Web\\projeto-laravel-spopweb\\mvc-cervejas\\vendor\\laravel\\framework\\src\\Illuminate\\Routing\\Middleware\\SubstituteBindings.php(51): Illuminate\\Pipeline\\Pipeline->{closure:{closure:Illuminate\\Pipeline\\Pipeline::carry():184}:185}(Object(Illuminate\\Http\\Request))
#18 C:\\Users\\GeiPis\\Desktop\\IFSP\\2025\\2\\Programacao Dinamica para Web\\projeto-laravel-spopweb\\mvc-cervejas\\vendor\\laravel\\framework\\src\\Illuminate\\Pipeline\\Pipeline.php(209): Illuminate\\Routing\\Middleware\\SubstituteBindings->handle(Object(Illuminate\\Http\\Request), Object(Closure))
#19 C:\\Users\\GeiPis\\Desktop\\IFSP\\2025\\2\\Programacao Dinamica para Web\\projeto-laravel-spopweb\\mvc-cervejas\\vendor\\laravel\\framework\\src\\Illuminate\\Auth\\Middleware\\Authenticate.php(64): Illuminate\\Pipeline\\Pipeline->{closure:{closure:Illuminate\\Pipeline\\Pipeline::carry():184}:185}(Object(Illuminate\\Http\\Request))
#20 C:\\Users\\GeiPis\\Desktop\\IFSP\\2025\\2\\Programacao Dinamica para Web\\projeto-laravel-spopweb\\mvc-cervejas\\vendor\\laravel\\framework\\src\\Illuminate\\Pipeline\\Pipeline.php(209): Illuminate\\Auth\\Middleware\\Authenticate->handle(Object(Illuminate\\Http\\Request), Object(Closure))
#21 C:\\Users\\GeiPis\\Desktop\\IFSP\\2025\\2\\Programacao Dinamica para Web\\projeto-laravel-spopweb\\mvc-cervejas\\vendor\\laravel\\framework\\src\\Illuminate\\Foundation\\Http\\Middleware\\VerifyCsrfToken.php(88): Illuminate\\Pipeline\\Pipeline->{closure:{closure:Illuminate\\Pipeline\\Pipeline::carry():184}:185}(Object(Illuminate\\Http\\Request))
#22 C:\\Users\\GeiPis\\Desktop\\IFSP\\2025\\2\\Programacao Dinamica para Web\\projeto-laravel-spopweb\\mvc-cervejas\\vendor\\laravel\\framework\\src\\Illuminate\\Pipeline\\Pipeline.php(209): Illuminate\\Foundation\\Http\\Middleware\\VerifyCsrfToken->handle(Object(Illuminate\\Http\\Request), Object(Closure))
#23 C:\\Users\\GeiPis\\Desktop\\IFSP\\2025\\2\\Programacao Dinamica para Web\\projeto-laravel-spopweb\\mvc-cervejas\\vendor\\laravel\\framework\\src\\Illuminate\\View\\Middleware\\ShareErrorsFromSession.php(49): Illuminate\\Pipeline\\Pipeline->{closure:{closure:Illuminate\\Pipeline\\Pipeline::carry():184}:185}(Object(Illuminate\\Http\\Request))
#24 C:\\Users\\GeiPis\\Desktop\\IFSP\\2025\\2\\Programacao Dinamica para Web\\projeto-laravel-spopweb\\mvc-cervejas\\vendor\\laravel\\framework\\src\\Illuminate\\Pipeline\\Pipeline.php(209): Illuminate\\View\\Middleware\\ShareErrorsFromSession->handle(Object(Illuminate\\Http\\Request), Object(Closure))
#25 C:\\Users\\GeiPis\\Desktop\\IFSP\\2025\\2\\Programacao Dinamica para Web\\projeto-laravel-spopweb\\mvc-cervejas\\vendor\\laravel\\framework\\src\\Illuminate\\Session\\Middleware\\StartSession.php(121): Illuminate\\Pipeline\\Pipeline->{closure:{closure:Illuminate\\Pipeline\\Pipeline::carry():184}:185}(Object(Illuminate\\Http\\Request))
#26 C:\\Users\\GeiPis\\Desktop\\IFSP\\2025\\2\\Programacao Dinamica para Web\\projeto-laravel-spopweb\\mvc-cervejas\\vendor\\laravel\\framework\\src\\Illuminate\\Session\\Middleware\\StartSession.php(64): Illuminate\\Session\\Middleware\\StartSession->handleStatefulRequest(Object(Illuminate\\Http\\Request), Object(Illuminate\\Session\\Store), Object(Closure))
#27 C:\\Users\\GeiPis\\Desktop\\IFSP\\2025\\2\\Programacao Dinamica para Web\\projeto-laravel-spopweb\\mvc-cervejas\\vendor\\laravel\\framework\\src\\Illuminate\\Pipeline\\Pipeline.php(209): Illuminate\\Session\\Middleware\\StartSession->handle(Object(Illuminate\\Http\\Request), Object(Closure))
#28 C:\\Users\\GeiPis\\Desktop\\IFSP\\2025\\2\\Programacao Dinamica para Web\\projeto-laravel-spopweb\\mvc-cervejas\\vendor\\laravel\\framework\\src\\Illuminate\\Cookie\\Middleware\\AddQueuedCookiesToResponse.php(37): Illuminate\\Pipeline\\Pipeline->{closure:{closure:Illuminate\\Pipeline\\Pipeline::carry():184}:185}(Object(Illuminate\\Http\\Request))
#29 C:\\Users\\GeiPis\\Desktop\\IFSP\\2025\\2\\Programacao Dinamica para Web\\projeto-laravel-spopweb\\mvc-cervejas\\vendor\\laravel\\framework\\src\\Illuminate\\Pipeline\\Pipeline.php(209): Illuminate\\Cookie\\Middleware\\AddQueuedCookiesToResponse->handle(Object(Illuminate\\Http\\Request), Object(Closure))
#30 C:\\Users\\GeiPis\\Desktop\\IFSP\\2025\\2\\Programacao Dinamica para Web\\projeto-laravel-spopweb\\mvc-cervejas\\vendor\\laravel\\framework\\src\\Illuminate\\Cookie\\Middleware\\EncryptCookies.php(75): Illuminate\\Pipeline\\Pipeline->{closure:{closure:Illuminate\\Pipeline\\Pipeline::carry():184}:185}(Object(Illuminate\\Http\\Request))
#31 C:\\Users\\GeiPis\\Desktop\\IFSP\\2025\\2\\Programacao Dinamica para Web\\projeto-laravel-spopweb\\mvc-cervejas\\vendor\\laravel\\framework\\src\\Illuminate\\Pipeline\\Pipeline.php(209): Illuminate\\Cookie\\Middleware\\EncryptCookies->handle(Object(Illuminate\\Http\\Request), Object(Closure))
#32 C:\\Users\\GeiPis\\Desktop\\IFSP\\2025\\2\\Programacao Dinamica para Web\\projeto-laravel-spopweb\\mvc-cervejas\\vendor\\laravel\\framework\\src\\Illuminate\\Pipeline\\Pipeline.php(127): Illuminate\\Pipeline\\Pipeline->{closure:{closure:Illuminate\\Pipeline\\Pipeline::carry():184}:185}(Object(Illuminate\\Http\\Request))
#33 C:\\Users\\GeiPis\\Desktop\\IFSP\\2025\\2\\Programacao Dinamica para Web\\projeto-laravel-spopweb\\mvc-cervejas\\vendor\\laravel\\framework\\src\\Illuminate\\Routing\\Router.php(807): Illuminate\\Pipeline\\Pipeline->then(Object(Closure))
#34 C:\\Users\\GeiPis\\Desktop\\IFSP\\2025\\2\\Programacao Dinamica para Web\\projeto-laravel-spopweb\\mvc-cervejas\\vendor\\laravel\\framework\\src\\Illuminate\\Routing\\Router.php(786): Illuminate\\Routing\\Router->runRouteWithinStack(Object(Illuminate\\Routing\\Route), Object(Illuminate\\Http\\Request))
#35 C:\\Users\\GeiPis\\Desktop\\IFSP\\2025\\2\\Programacao Dinamica para Web\\projeto-laravel-spopweb\\mvc-cervejas\\vendor\\laravel\\framework\\src\\Illuminate\\Routing\\Router.php(750): Illuminate\\Routing\\Router->runRoute(Object(Illuminate\\Http\\Request), Object(Illuminate\\Routing\\Route))
#36 C:\\Users\\GeiPis\\Desktop\\IFSP\\2025\\2\\Programacao Dinamica para Web\\projeto-laravel-spopweb\\mvc-cervejas\\vendor\\laravel\\framework\\src\\Illuminate\\Routing\\Router.php(739): Illuminate\\Routing\\Router->dispatchToRoute(Object(Illuminate\\Http\\Request))
#37 C:\\Users\\GeiPis\\Desktop\\IFSP\\2025\\2\\Programacao Dinamica para Web\\projeto-laravel-spopweb\\mvc-cervejas\\vendor\\laravel\\framework\\src\\Illuminate\\Foundation\\Http\\Kernel.php(201): Illuminate\\Routing\\Router->dispatch(Object(Illuminate\\Http\\Request))
#38 C:\\Users\\GeiPis\\Desktop\\IFSP\\2025\\2\\Programacao Dinamica para Web\\projeto-laravel-spopweb\\mvc-cervejas\\vendor\\laravel\\framework\\src\\Illuminate\\Pipeline\\Pipeline.php(170): Illuminate\\Foundation\\Http\\Kernel->{closure:Illuminate\\Foundation\\Http\\Kernel::dispatchToRouter():198}(Object(Illuminate\\Http\\Request))
#39 C:\\Users\\GeiPis\\Desktop\\IFSP\\2025\\2\\Programacao Dinamica para Web\\projeto-laravel-spopweb\\mvc-cervejas\\vendor\\laravel\\framework\\src\\Illuminate\\Foundation\\Http\\Middleware\\TransformsRequest.php(21): Illuminate\\Pipeline\\Pipeline->{closure:Illuminate\\Pipeline\\Pipeline::prepareDestination():168}(Object(Illuminate\\Http\\Request))
#40 C:\\Users\\GeiPis\\Desktop\\IFSP\\2025\\2\\Programacao Dinamica para Web\\projeto-laravel-spopweb\\mvc-cervejas\\vendor\\laravel\\framework\\src\\Illuminate\\Foundation\\Http\\Middleware\\ConvertEmptyStringsToNull.php(31): Illuminate\\Foundation\\Http\\Middleware\\TransformsRequest->handle(Object(Illuminate\\Http\\Request), Object(Closure))
#41 C:\\Users\\GeiPis\\Desktop\\IFSP\\2025\\2\\Programacao Dinamica para Web\\projeto-laravel-spopweb\\mvc-cervejas\\vendor\\laravel\\framework\\src\\Illuminate\\Pipeline\\Pipeline.php(209): Illuminate\\Foundation\\Http\\Middleware\\ConvertEmptyStringsToNull->handle(Object(Illuminate\\Http\\Request), Object(Closure))
#42 C:\\Users\\GeiPis\\Desktop\\IFSP\\2025\\2\\Programacao Dinamica para Web\\projeto-laravel-spopweb\\mvc-cervejas\\vendor\\laravel\\framework\\src\\Illuminate\\Foundation\\Http\\Middleware\\TransformsRequest.php(21): Illuminate\\Pipeline\\Pipeline->{closure:{closure:Illuminate\\Pipeline\\Pipeline::carry():184}:185}(Object(Illuminate\\Http\\Request))
#43 C:\\Users\\GeiPis\\Desktop\\IFSP\\2025\\2\\Programacao Dinamica para Web\\projeto-laravel-spopweb\\mvc-cervejas\\vendor\\laravel\\framework\\src\\Illuminate\\Foundation\\Http\\Middleware\\TrimStrings.php(51): Illuminate\\Foundation\\Http\\Middleware\\TransformsRequest->handle(Object(Illuminate\\Http\\Request), Object(Closure))
#44 C:\\Users\\GeiPis\\Desktop\\IFSP\\2025\\2\\Programacao Dinamica para Web\\projeto-laravel-spopweb\\mvc-cervejas\\vendor\\laravel\\framework\\src\\Illuminate\\Pipeline\\Pipeline.php(209): Illuminate\\Foundation\\Http\\Middleware\\TrimStrings->handle(Object(Illuminate\\Http\\Request), Object(Closure))
#45 C:\\Users\\GeiPis\\Desktop\\IFSP\\2025\\2\\Programacao Dinamica para Web\\projeto-laravel-spopweb\\mvc-cervejas\\vendor\\laravel\\framework\\src\\Illuminate\\Http\\Middleware\\ValidatePostSize.php(27): Illuminate\\Pipeline\\Pipeline->{closure:{closure:Illuminate\\Pipeline\\Pipeline::carry():184}:185}(Object(Illuminate\\Http\\Request))
#46 C:\\Users\\GeiPis\\Desktop\\IFSP\\2025\\2\\Programacao Dinamica para Web\\projeto-laravel-spopweb\\mvc-cervejas\\vendor\\laravel\\framework\\src\\Illuminate\\Pipeline\\Pipeline.php(209): Illuminate\\Http\\Middleware\\ValidatePostSize->handle(Object(Illuminate\\Http\\Request), Object(Closure))
#47 C:\\Users\\GeiPis\\Desktop\\IFSP\\2025\\2\\Programacao Dinamica para Web\\projeto-laravel-spopweb\\mvc-cervejas\\vendor\\laravel\\framework\\src\\Illuminate\\Foundation\\Http\\Middleware\\PreventRequestsDuringMaintenance.php(110): Illuminate\\Pipeline\\Pipeline->{closure:{closure:Illuminate\\Pipeline\\Pipeline::carry():184}:185}(Object(Illuminate\\Http\\Request))
#48 C:\\Users\\GeiPis\\Desktop\\IFSP\\2025\\2\\Programacao Dinamica para Web\\projeto-laravel-spopweb\\mvc-cervejas\\vendor\\laravel\\framework\\src\\Illuminate\\Pipeline\\Pipeline.php(209): Illuminate\\Foundation\\Http\\Middleware\\PreventRequestsDuringMaintenance->handle(Object(Illuminate\\Http\\Request), Object(Closure))
#49 C:\\Users\\GeiPis\\Desktop\\IFSP\\2025\\2\\Programacao Dinamica para Web\\projeto-laravel-spopweb\\mvc-cervejas\\vendor\\laravel\\framework\\src\\Illuminate\\Http\\Middleware\\HandleCors.php(49): Illuminate\\Pipeline\\Pipeline->{closure:{closure:Illuminate\\Pipeline\\Pipeline::carry():184}:185}(Object(Illuminate\\Http\\Request))
#50 C:\\Users\\GeiPis\\Desktop\\IFSP\\2025\\2\\Programacao Dinamica para Web\\projeto-laravel-spopweb\\mvc-cervejas\\vendor\\laravel\\framework\\src\\Illuminate\\Pipeline\\Pipeline.php(209): Illuminate\\Http\\Middleware\\HandleCors->handle(Object(Illuminate\\Http\\Request), Object(Closure))
#51 C:\\Users\\GeiPis\\Desktop\\IFSP\\2025\\2\\Programacao Dinamica para Web\\projeto-laravel-spopweb\\mvc-cervejas\\vendor\\laravel\\framework\\src\\Illuminate\\Http\\Middleware\\TrustProxies.php(58): Illuminate\\Pipeline\\Pipeline->{closure:{closure:Illuminate\\Pipeline\\Pipeline::carry():184}:185}(Object(Illuminate\\Http\\Request))
#52 C:\\Users\\GeiPis\\Desktop\\IFSP\\2025\\2\\Programacao Dinamica para Web\\projeto-laravel-spopweb\\mvc-cervejas\\vendor\\laravel\\framework\\src\\Illuminate\\Pipeline\\Pipeline.php(209): Illuminate\\Http\\Middleware\\TrustProxies->handle(Object(Illuminate\\Http\\Request), Object(Closure))
#53 C:\\Users\\GeiPis\\Desktop\\IFSP\\2025\\2\\Programacao Dinamica para Web\\projeto-laravel-spopweb\\mvc-cervejas\\vendor\\laravel\\framework\\src\\Illuminate\\Foundation\\Http\\Middleware\\InvokeDeferredCallbacks.php(22): Illuminate\\Pipeline\\Pipeline->{closure:{closure:Illuminate\\Pipeline\\Pipeline::carry():184}:185}(Object(Illuminate\\Http\\Request))
#54 C:\\Users\\GeiPis\\Desktop\\IFSP\\2025\\2\\Programacao Dinamica para Web\\projeto-laravel-spopweb\\mvc-cervejas\\vendor\\laravel\\framework\\src\\Illuminate\\Pipeline\\Pipeline.php(209): Illuminate\\Foundation\\Http\\Middleware\\InvokeDeferredCallbacks->handle(Object(Illuminate\\Http\\Request), Object(Closure))
#55 C:\\Users\\GeiPis\\Desktop\\IFSP\\2025\\2\\Programacao Dinamica para Web\\projeto-laravel-spopweb\\mvc-cervejas\\vendor\\laravel\\framework\\src\\Illuminate\\Pipeline\\Pipeline.php(127): Illuminate\\Pipeline\\Pipeline->{closure:{closure:Illuminate\\Pipeline\\Pipeline::carry():184}:185}(Object(Illuminate\\Http\\Request))
#56 C:\\Users\\GeiPis\\Desktop\\IFSP\\2025\\2\\Programacao Dinamica para Web\\projeto-laravel-spopweb\\mvc-cervejas\\vendor\\laravel\\framework\\src\\Illuminate\\Foundation\\Http\\Kernel.php(176): Illuminate\\Pipeline\\Pipeline->then(Object(Closure))
#57 C:\\Users\\GeiPis\\Desktop\\IFSP\\2025\\2\\Programacao Dinamica para Web\\projeto-laravel-spopweb\\mvc-cervejas\\vendor\\laravel\\framework\\src\\Illuminate\\Foundation\\Http\\Kernel.php(145): Illuminate\\Foundation\\Http\\Kernel->sendRequestThroughRouter(Object(Illuminate\\Http\\Request))
#58 C:\\Users\\GeiPis\\Desktop\\IFSP\\2025\\2\\Programacao Dinamica para Web\\projeto-laravel-spopweb\\mvc-cervejas\\vendor\\laravel\\framework\\src\\Illuminate\\Foundation\\Application.php(1220): Illuminate\\Foundation\\Http\\Kernel->handle(Object(Illuminate\\Http\\Request))
#59 C:\\Users\\GeiPis\\Desktop\\IFSP\\2025\\2\\Programacao Dinamica para Web\\projeto-laravel-spopweb\\mvc-cervejas\\public\\index.php(17): Illuminate\\Foundation\\Application->handleRequest(Object(Illuminate\\Http\\Request))
#60 C:\\Users\\GeiPis\\Desktop\\IFSP\\2025\\2\\Programacao Dinamica para Web\\projeto-laravel-spopweb\\mvc-cervejas\\vendor\\laravel\\framework\\src\\Illuminate\\Foundation\\resources\\server.php(23): require_once('C:\\\\Users\\\\GeiPis...')
#61 {main}
"} 
[2025-11-28 01:31:03] local.ERROR: Route [cervejas.index] not defined. (View: C:\Users\GeiPis\Desktop\IFSP\2025\2\Programacao Dinamica para Web\projeto-laravel-spopweb\mvc-cervejas\resources\views\cadastrar.blade.php) {"userId":1,"exception":"[object] (Illuminate\\View\\ViewException(code: 0): Route [cervejas.index] not defined. (View: C:\\Users\\GeiPis\\Desktop\\IFSP\\2025\\2\\Programacao Dinamica para Web\\projeto-laravel-spopweb\\mvc-cervejas\\resources\\views\\cadastrar.blade.php) at C:\\Users\\GeiPis\\Desktop\\IFSP\\2025\\2\\Programacao Dinamica para Web\\projeto-laravel-spopweb\\mvc-cervejas\\vendor\\laravel\\framework\\src\\Illuminate\\Routing\\UrlGenerator.php:517)
[stacktrace]
#0 C:\\Users\\GeiPis\\Desktop\\IFSP\\2025\\2\\Programacao Dinamica para Web\\projeto-laravel-spopweb\\mvc-cervejas\\vendor\\laravel\\framework\\src\\Illuminate\\View\\Engines\\PhpEngine.php(60): Illuminate\\View\\Engines\\CompilerEngine->handleViewException(Object(Symfony\\Component\\Routing\\Exception\\RouteNotFoundException), 0)
#1 C:\\Users\\GeiPis\\Desktop\\IFSP\\2025\\2\\Programacao Dinamica para Web\\projeto-laravel-spopweb\\mvc-cervejas\\vendor\\laravel\\framework\\src\\Illuminate\\View\\Engines\\CompilerEngine.php(75): Illuminate\\View\\Engines\\PhpEngine->evaluatePath('C:\\\\Users\\\\GeiPis...', Array)
#2 C:\\Users\\GeiPis\\Desktop\\IFSP\\2025\\2\\Programacao Dinamica para Web\\projeto-laravel-spopweb\\mvc-cervejas\\vendor\\laravel\\framework\\src\\Illuminate\\View\\View.php(209): Illuminate\\View\\Engines\\CompilerEngine->get('C:\\\\Users\\\\GeiPis...', Array)
#3 C:\\Users\\GeiPis\\Desktop\\IFSP\\2025\\2\\Programacao Dinamica para Web\\projeto-laravel-spopweb\\mvc-cervejas\\vendor\\laravel\\framework\\src\\Illuminate\\View\\View.php(192): Illuminate\\View\\View->getContents()
#4 C:\\Users\\GeiPis\\Desktop\\IFSP\\2025\\2\\Programacao Dinamica para Web\\projeto-laravel-spopweb\\mvc-cervejas\\vendor\\laravel\\framework\\src\\Illuminate\\View\\View.php(161): Illuminate\\View\\View->renderContents()
#5 C:\\Users\\GeiPis\\Desktop\\IFSP\\2025\\2\\Programacao Dinamica para Web\\projeto-laravel-spopweb\\mvc-cervejas\\vendor\\laravel\\framework\\src\\Illuminate\\Http\\Response.php(79): Illuminate\\View\\View->render()
#6 C:\\Users\\GeiPis\\Desktop\\IFSP\\2025\\2\\Programacao Dinamica para Web\\projeto-laravel-spopweb\\mvc-cervejas\\vendor\\laravel\\framework\\src\\Illuminate\\Http\\Response.php(35): Illuminate\\Http\\Response->setContent(Object(Illuminate\\View\\View))
#7 C:\\Users\\GeiPis\\Desktop\\IFSP\\2025\\2\\Programacao Dinamica para Web\\projeto-laravel-spopweb\\mvc-cervejas\\vendor\\laravel\\framework\\src\\Illuminate\\Routing\\Router.php(920): Illuminate\\Http\\Response->__construct(Object(Illuminate\\View\\View), 200, Array)
#8 C:\\Users\\GeiPis\\Desktop\\IFSP\\2025\\2\\Programacao Dinamica para Web\\projeto-laravel-spopweb\\mvc-cervejas\\vendor\\laravel\\framework\\src\\Illuminate\\Routing\\Router.php(887): Illuminate\\Routing\\Router::toResponse(Object(Illuminate\\Http\\Request), Object(Illuminate\\View\\View))
#9 C:\\Users\\GeiPis\\Desktop\\IFSP\\2025\\2\\Programacao Dinamica para Web\\projeto-laravel-spopweb\\mvc-cervejas\\vendor\\laravel\\framework\\src\\Illuminate\\Routing\\Router.php(807): Illuminate\\Routing\\Router->prepareResponse(Object(Illuminate\\Http\\Request), Object(Illuminate\\View\\View))
#10 C:\\Users\\GeiPis\\Desktop\\IFSP\\2025\\2\\Programacao Dinamica para Web\\projeto-laravel-spopweb\\mvc-cervejas\\vendor\\laravel\\framework\\src\\Illuminate\\Pipeline\\Pipeline.php(170): Illuminate\\Routing\\Router->{closure:Illuminate\\Routing\\Router::runRouteWithinStack():807}(Object(Illuminate\\Http\\Request))
#11 C:\\Users\\GeiPis\\Desktop\\IFSP\\2025\\2\\Programacao Dinamica para Web\\projeto-laravel-spopweb\\mvc-cervejas\\vendor\\laravel\\framework\\src\\Illuminate\\Auth\\Middleware\\EnsureEmailIsVerified.php(41): Illuminate\\Pipeline\\Pipeline->{closure:Illuminate\\Pipeline\\Pipeline::prepareDestination():168}(Object(Illuminate\\Http\\Request))
#12 C:\\Users\\GeiPis\\Desktop\\IFSP\\2025\\2\\Programacao Dinamica para Web\\projeto-laravel-spopweb\\mvc-cervejas\\vendor\\laravel\\framework\\src\\Illuminate\\Pipeline\\Pipeline.php(209): Illuminate\\Auth\\Middleware\\EnsureEmailIsVerified->handle(Object(Illuminate\\Http\\Request), Object(Closure))
#13 C:\\Users\\GeiPis\\Desktop\\IFSP\\2025\\2\\Programacao Dinamica para Web\\projeto-laravel-spopweb\\mvc-cervejas\\vendor\\laravel\\framework\\src\\Illuminate\\Routing\\Middleware\\SubstituteBindings.php(51): Illuminate\\Pipeline\\Pipeline->{closure:{closure:Illuminate\\Pipeline\\Pipeline::carry():184}:185}(Object(Illuminate\\Http\\Request))
#14 C:\\Users\\GeiPis\\Desktop\\IFSP\\2025\\2\\Programacao Dinamica para Web\\projeto-laravel-spopweb\\mvc-cervejas\\vendor\\laravel\\framework\\src\\Illuminate\\Pipeline\\Pipeline.php(209): Illuminate\\Routing\\Middleware\\SubstituteBindings->handle(Object(Illuminate\\Http\\Request), Object(Closure))
#15 C:\\Users\\GeiPis\\Desktop\\IFSP\\2025\\2\\Programacao Dinamica para Web\\projeto-laravel-spopweb\\mvc-cervejas\\vendor\\laravel\\framework\\src\\Illuminate\\Auth\\Middleware\\Authenticate.php(64): Illuminate\\Pipeline\\Pipeline->{closure:{closure:Illuminate\\Pipeline\\Pipeline::carry():184}:185}(Object(Illuminate\\Http\\Request))
#16 C:\\Users\\GeiPis\\Desktop\\IFSP\\2025\\2\\Programacao Dinamica para Web\\projeto-laravel-spopweb\\mvc-cervejas\\vendor\\laravel\\framework\\src\\Illuminate\\Pipeline\\Pipeline.php(209): Illuminate\\Auth\\Middleware\\Authenticate->handle(Object(Illuminate\\Http\\Request), Object(Closure))
#17 C:\\Users\\GeiPis\\Desktop\\IFSP\\2025\\2\\Programacao Dinamica para Web\\projeto-laravel-spopweb\\mvc-cervejas\\vendor\\laravel\\framework\\src\\Illuminate\\Foundation\\Http\\Middleware\\VerifyCsrfToken.php(88): Illuminate\\Pipeline\\Pipeline->{closure:{closure:Illuminate\\Pipeline\\Pipeline::carry():184}:185}(Object(Illuminate\\Http\\Request))
#18 C:\\Users\\GeiPis\\Desktop\\IFSP\\2025\\2\\Programacao Dinamica para Web\\projeto-laravel-spopweb\\mvc-cervejas\\vendor\\laravel\\framework\\src\\Illuminate\\Pipeline\\Pipeline.php(209): Illuminate\\Foundation\\Http\\Middleware\\VerifyCsrfToken->handle(Object(Illuminate\\Http\\Request), Object(Closure))
#19 C:\\Users\\GeiPis\\Desktop\\IFSP\\2025\\2\\Programacao Dinamica para Web\\projeto-laravel-spopweb\\mvc-cervejas\\vendor\\laravel\\framework\\src\\Illuminate\\View\\Middleware\\ShareErrorsFromSession.php(49): Illuminate\\Pipeline\\Pipeline->{closure:{closure:Illuminate\\Pipeline\\Pipeline::carry():184}:185}(Object(Illuminate\\Http\\Request))
#20 C:\\Users\\GeiPis\\Desktop\\IFSP\\2025\\2\\Programacao Dinamica para Web\\projeto-laravel-spopweb\\mvc-cervejas\\vendor\\laravel\\framework\\src\\Illuminate\\Pipeline\\Pipeline.php(209): Illuminate\\View\\Middleware\\ShareErrorsFromSession->handle(Object(Illuminate\\Http\\Request), Object(Closure))
#21 C:\\Users\\GeiPis\\Desktop\\IFSP\\2025\\2\\Programacao Dinamica para Web\\projeto-laravel-spopweb\\mvc-cervejas\\vendor\\laravel\\framework\\src\\Illuminate\\Session\\Middleware\\StartSession.php(121): Illuminate\\Pipeline\\Pipeline->{closure:{closure:Illuminate\\Pipeline\\Pipeline::carry():184}:185}(Object(Illuminate\\Http\\Request))
#22 C:\\Users\\GeiPis\\Desktop\\IFSP\\2025\\2\\Programacao Dinamica para Web\\projeto-laravel-spopweb\\mvc-cervejas\\vendor\\laravel\\framework\\src\\Illuminate\\Session\\Middleware\\StartSession.php(64): Illuminate\\Session\\Middleware\\StartSession->handleStatefulRequest(Object(Illuminate\\Http\\Request), Object(Illuminate\\Session\\Store), Object(Closure))
#23 C:\\Users\\GeiPis\\Desktop\\IFSP\\2025\\2\\Programacao Dinamica para Web\\projeto-laravel-spopweb\\mvc-cervejas\\vendor\\laravel\\framework\\src\\Illuminate\\Pipeline\\Pipeline.php(209): Illuminate\\Session\\Middleware\\StartSession->handle(Object(Illuminate\\Http\\Request), Object(Closure))
#24 C:\\Users\\GeiPis\\Desktop\\IFSP\\2025\\2\\Programacao Dinamica para Web\\projeto-laravel-spopweb\\mvc-cervejas\\vendor\\laravel\\framework\\src\\Illuminate\\Cookie\\Middleware\\AddQueuedCookiesToResponse.php(37): Illuminate\\Pipeline\\Pipeline->{closure:{closure:Illuminate\\Pipeline\\Pipeline::carry():184}:185}(Object(Illuminate\\Http\\Request))
#25 C:\\Users\\GeiPis\\Desktop\\IFSP\\2025\\2\\Programacao Dinamica para Web\\projeto-laravel-spopweb\\mvc-cervejas\\vendor\\laravel\\framework\\src\\Illuminate\\Pipeline\\Pipeline.php(209): Illuminate\\Cookie\\Middleware\\AddQueuedCookiesToResponse->handle(Object(Illuminate\\Http\\Request), Object(Closure))
#26 C:\\Users\\GeiPis\\Desktop\\IFSP\\2025\\2\\Programacao Dinamica para Web\\projeto-laravel-spopweb\\mvc-cervejas\\vendor\\laravel\\framework\\src\\Illuminate\\Cookie\\Middleware\\EncryptCookies.php(75): Illuminate\\Pipeline\\Pipeline->{closure:{closure:Illuminate\\Pipeline\\Pipeline::carry():184}:185}(Object(Illuminate\\Http\\Request))
#27 C:\\Users\\GeiPis\\Desktop\\IFSP\\2025\\2\\Programacao Dinamica para Web\\projeto-laravel-spopweb\\mvc-cervejas\\vendor\\laravel\\framework\\src\\Illuminate\\Pipeline\\Pipeline.php(209): Illuminate\\Cookie\\Middleware\\EncryptCookies->handle(Object(Illuminate\\Http\\Request), Object(Closure))
#28 C:\\Users\\GeiPis\\Desktop\\IFSP\\2025\\2\\Programacao Dinamica para Web\\projeto-laravel-spopweb\\mvc-cervejas\\vendor\\laravel\\framework\\src\\Illuminate\\Pipeline\\Pipeline.php(127): Illuminate\\Pipeline\\Pipeline->{closure:{closure:Illuminate\\Pipeline\\Pipeline::carry():184}:185}(Object(Illuminate\\Http\\Request))
#29 C:\\Users\\GeiPis\\Desktop\\IFSP\\2025\\2\\Programacao Dinamica para Web\\projeto-laravel-spopweb\\mvc-cervejas\\vendor\\laravel\\framework\\src\\Illuminate\\Routing\\Router.php(807): Illuminate\\Pipeline\\Pipeline->then(Object(Closure))
#30 C:\\Users\\GeiPis\\Desktop\\IFSP\\2025\\2\\Programacao Dinamica para Web\\projeto-laravel-spopweb\\mvc-cervejas\\vendor\\laravel\\framework\\src\\Illuminate\\Routing\\Router.php(786): Illuminate\\Routing\\Router->runRouteWithinStack(Object(Illuminate\\Routing\\Route), Object(Illuminate\\Http\\Request))
#31 C:\\Users\\GeiPis\\Desktop\\IFSP\\2025\\2\\Programacao Dinamica para Web\\projeto-laravel-spopweb\\mvc-cervejas\\vendor\\laravel\\framework\\src\\Illuminate\\Routing\\Router.php(750): Illuminate\\Routing\\Router->runRoute(Object(Illuminate\\Http\\Request), Object(Illuminate\\Routing\\Route))
#32 C:\\Users\\GeiPis\\Desktop\\IFSP\\2025\\2\\Programacao Dinamica para Web\\projeto-laravel-spopweb\\mvc-cervejas\\vendor\\laravel\\framework\\src\\Illuminate\\Routing\\Router.php(739): Illuminate\\Routing\\Router->dispatchToRoute(Object(Illuminate\\Http\\Request))
#33 C:\\Users\\GeiPis\\Desktop\\IFSP\\2025\\2\\Programacao Dinamica para Web\\projeto-laravel-spopweb\\mvc-cervejas\\vendor\\laravel\\framework\\src\\Illuminate\\Foundation\\Http\\Kernel.php(201): Illuminate\\Routing\\Router->dispatch(Object(Illuminate\\Http\\Request))
#34 C:\\Users\\GeiPis\\Desktop\\IFSP\\2025\\2\\Programacao Dinamica para Web\\projeto-laravel-spopweb\\mvc-cervejas\\vendor\\laravel\\framework\\src\\Illuminate\\Pipeline\\Pipeline.php(170): Illuminate\\Foundation\\Http\\Kernel->{closure:Illuminate\\Foundation\\Http\\Kernel::dispatchToRouter():198}(Object(Illuminate\\Http\\Request))
#35 C:\\Users\\GeiPis\\Desktop\\IFSP\\2025\\2\\Programacao Dinamica para Web\\projeto-laravel-spopweb\\mvc-cervejas\\vendor\\laravel\\framework\\src\\Illuminate\\Foundation\\Http\\Middleware\\TransformsRequest.php(21): Illuminate\\Pipeline\\Pipeline->{closure:Illuminate\\Pipeline\\Pipeline::prepareDestination():168}(Object(Illuminate\\Http\\Request))
#36 C:\\Users\\GeiPis\\Desktop\\IFSP\\2025\\2\\Programacao Dinamica para Web\\projeto-laravel-spopweb\\mvc-cervejas\\vendor\\laravel\\framework\\src\\Illuminate\\Foundation\\Http\\Middleware\\ConvertEmptyStringsToNull.php(31): Illuminate\\Foundation\\Http\\Middleware\\TransformsRequest->handle(Object(Illuminate\\Http\\Request), Object(Closure))
#37 C:\\Users\\GeiPis\\Desktop\\IFSP\\2025\\2\\Programacao Dinamica para Web\\projeto-laravel-spopweb\\mvc-cervejas\\vendor\\laravel\\framework\\src\\Illuminate\\Pipeline\\Pipeline.php(209): Illuminate\\Foundation\\Http\\Middleware\\ConvertEmptyStringsToNull->handle(Object(Illuminate\\Http\\Request), Object(Closure))
#38 C:\\Users\\GeiPis\\Desktop\\IFSP\\2025\\2\\Programacao Dinamica para Web\\projeto-laravel-spopweb\\mvc-cervejas\\vendor\\laravel\\framework\\src\\Illuminate\\Foundation\\Http\\Middleware\\TransformsRequest.php(21): Illuminate\\Pipeline\\Pipeline->{closure:{closure:Illuminate\\Pipeline\\Pipeline::carry():184}:185}(Object(Illuminate\\Http\\Request))
#39 C:\\Users\\GeiPis\\Desktop\\IFSP\\2025\\2\\Programacao Dinamica para Web\\projeto-laravel-spopweb\\mvc-cervejas\\vendor\\laravel\\framework\\src\\Illuminate\\Foundation\\Http\\Middleware\\TrimStrings.php(51): Illuminate\\Foundation\\Http\\Middleware\\TransformsRequest->handle(Object(Illuminate\\Http\\Request), Object(Closure))
#40 C:\\Users\\GeiPis\\Desktop\\IFSP\\2025\\2\\Programacao Dinamica para Web\\projeto-laravel-spopweb\\mvc-cervejas\\vendor\\laravel\\framework\\src\\Illuminate\\Pipeline\\Pipeline.php(209): Illuminate\\Foundation\\Http\\Middleware\\TrimStrings->handle(Object(Illuminate\\Http\\Request), Object(Closure))
#41 C:\\Users\\GeiPis\\Desktop\\IFSP\\2025\\2\\Programacao Dinamica para Web\\projeto-laravel-spopweb\\mvc-cervejas\\vendor\\laravel\\framework\\src\\Illuminate\\Http\\Middleware\\ValidatePostSize.php(27): Illuminate\\Pipeline\\Pipeline->{closure:{closure:Illuminate\\Pipeline\\Pipeline::carry():184}:185}(Object(Illuminate\\Http\\Request))
#42 C:\\Users\\GeiPis\\Desktop\\IFSP\\2025\\2\\Programacao Dinamica para Web\\projeto-laravel-spopweb\\mvc-cervejas\\vendor\\laravel\\framework\\src\\Illuminate\\Pipeline\\Pipeline.php(209): Illuminate\\Http\\Middleware\\ValidatePostSize->handle(Object(Illuminate\\Http\\Request), Object(Closure))
#43 C:\\Users\\GeiPis\\Desktop\\IFSP\\2025\\2\\Programacao Dinamica para Web\\projeto-laravel-spopweb\\mvc-cervejas\\vendor\\laravel\\framework\\src\\Illuminate\\Foundation\\Http\\Middleware\\PreventRequestsDuringMaintenance.php(110): Illuminate\\Pipeline\\Pipeline->{closure:{closure:Illuminate\\Pipeline\\Pipeline::carry():184}:185}(Object(Illuminate\\Http\\Request))
#44 C:\\Users\\GeiPis\\Desktop\\IFSP\\2025\\2\\Programacao Dinamica para Web\\projeto-laravel-spopweb\\mvc-cervejas\\vendor\\laravel\\framework\\src\\Illuminate\\Pipeline\\Pipeline.php(209): Illuminate\\Foundation\\Http\\Middleware\\PreventRequestsDuringMaintenance->handle(Object(Illuminate\\Http\\Request), Object(Closure))
#45 C:\\Users\\GeiPis\\Desktop\\IFSP\\2025\\2\\Programacao Dinamica para Web\\projeto-laravel-spopweb\\mvc-cervejas\\vendor\\laravel\\framework\\src\\Illuminate\\Http\\Middleware\\HandleCors.php(49): Illuminate\\Pipeline\\Pipeline->{closure:{closure:Illuminate\\Pipeline\\Pipeline::carry():184}:185}(Object(Illuminate\\Http\\Request))
#46 C:\\Users\\GeiPis\\Desktop\\IFSP\\2025\\2\\Programacao Dinamica para Web\\projeto-laravel-spopweb\\mvc-cervejas\\vendor\\laravel\\framework\\src\\Illuminate\\Pipeline\\Pipeline.php(209): Illuminate\\Http\\Middleware\\HandleCors->handle(Object(Illuminate\\Http\\Request), Object(Closure))
#47 C:\\Users\\GeiPis\\Desktop\\IFSP\\2025\\2\\Programacao Dinamica para Web\\projeto-laravel-spopweb\\mvc-cervejas\\vendor\\laravel\\framework\\src\\Illuminate\\Http\\Middleware\\TrustProxies.php(58): Illuminate\\Pipeline\\Pipeline->{closure:{closure:Illuminate\\Pipeline\\Pipeline::carry():184}:185}(Object(Illuminate\\Http\\Request))
#48 C:\\Users\\GeiPis\\Desktop\\IFSP\\2025\\2\\Programacao Dinamica para Web\\projeto-laravel-spopweb\\mvc-cervejas\\vendor\\laravel\\framework\\src\\Illuminate\\Pipeline\\Pipeline.php(209): Illuminate\\Http\\Middleware\\TrustProxies->handle(Object(Illuminate\\Http\\Request), Object(Closure))
#49 C:\\Users\\GeiPis\\Desktop\\IFSP\\2025\\2\\Programacao Dinamica para Web\\projeto-laravel-spopweb\\mvc-cervejas\\vendor\\laravel\\framework\\src\\Illuminate\\Foundation\\Http\\Middleware\\InvokeDeferredCallbacks.php(22): Illuminate\\Pipeline\\Pipeline->{closure:{closure:Illuminate\\Pipeline\\Pipeline::carry():184}:185}(Object(Illuminate\\Http\\Request))
#50 C:\\Users\\GeiPis\\Desktop\\IFSP\\2025\\2\\Programacao Dinamica para Web\\projeto-laravel-spopweb\\mvc-cervejas\\vendor\\laravel\\framework\\src\\Illuminate\\Pipeline\\Pipeline.php(209): Illuminate\\Foundation\\Http\\Middleware\\InvokeDeferredCallbacks->handle(Object(Illuminate\\Http\\Request), Object(Closure))
#51 C:\\Users\\GeiPis\\Desktop\\IFSP\\2025\\2\\Programacao Dinamica para Web\\projeto-laravel-spopweb\\mvc-cervejas\\vendor\\laravel\\framework\\src\\Illuminate\\Pipeline\\Pipeline.php(127): Illuminate\\Pipeline\\Pipeline->{closure:{closure:Illuminate\\Pipeline\\Pipeline::carry():184}:185}(Object(Illuminate\\Http\\Request))
#52 C:\\Users\\GeiPis\\Desktop\\IFSP\\2025\\2\\Programacao Dinamica para Web\\projeto-laravel-spopweb\\mvc-cervejas\\vendor\\laravel\\framework\\src\\Illuminate\\Foundation\\Http\\Kernel.php(176): Illuminate\\Pipeline\\Pipeline->then(Object(Closure))
#53 C:\\Users\\GeiPis\\Desktop\\IFSP\\2025\\2\\Programacao Dinamica para Web\\projeto-laravel-spopweb\\mvc-cervejas\\vendor\\laravel\\framework\\src\\Illuminate\\Foundation\\Http\\Kernel.php(145): Illuminate\\Foundation\\Http\\Kernel->sendRequestThroughRouter(Object(Illuminate\\Http\\Request))
#54 C:\\Users\\GeiPis\\Desktop\\IFSP\\2025\\2\\Programacao Dinamica para Web\\projeto-laravel-spopweb\\mvc-cervejas\\vendor\\laravel\\framework\\src\\Illuminate\\Foundation\\Application.php(1220): Illuminate\\Foundation\\Http\\Kernel->handle(Object(Illuminate\\Http\\Request))
#55 C:\\Users\\GeiPis\\Desktop\\IFSP\\2025\\2\\Programacao Dinamica para Web\\projeto-laravel-spopweb\\mvc-cervejas\\public\\index.php(17): Illuminate\\Foundation\\Application->handleRequest(Object(Illuminate\\Http\\Request))
#56 C:\\Users\\GeiPis\\Desktop\\IFSP\\2025\\2\\Programacao Dinamica para Web\\projeto-laravel-spopweb\\mvc-cervejas\\vendor\\laravel\\framework\\src\\Illuminate\\Foundation\\resources\\server.php(23): require_once('C:\\\\Users\\\\GeiPis...')
#57 {main}

[previous exception] [object] (Symfony\\Component\\Routing\\Exception\\RouteNotFoundException(code: 0): Route [cervejas.index] not defined. at C:\\Users\\GeiPis\\Desktop\\IFSP\\2025\\2\\Programacao Dinamica para Web\\projeto-laravel-spopweb\\mvc-cervejas\\vendor\\laravel\\framework\\src\\Illuminate\\Routing\\UrlGenerator.php:517)
[stacktrace]
#0 C:\\Users\\GeiPis\\Desktop\\IFSP\\2025\\2\\Programacao Dinamica para Web\\projeto-laravel-spopweb\\mvc-cervejas\\vendor\\laravel\\framework\\src\\Illuminate\\Foundation\\helpers.php(853): Illuminate\\Routing\\UrlGenerator->route('cervejas.index', Array, true)
#1 C:\\Users\\GeiPis\\Desktop\\IFSP\\2025\\2\\Programacao Dinamica para Web\\projeto-laravel-spopweb\\mvc-cervejas\\storage\\framework\\views\\ed99253affb394869f0171bfb7bd1106.php(280): route('cervejas.index')
#2 C:\\Users\\GeiPis\\Desktop\\IFSP\\2025\\2\\Programacao Dinamica para Web\\projeto-laravel-spopweb\\mvc-cervejas\\vendor\\laravel\\framework\\src\\Illuminate\\Filesystem\\Filesystem.php(123): require('C:\\\\Users\\\\GeiPis...')
#3 C:\\Users\\GeiPis\\Desktop\\IFSP\\2025\\2\\Programacao Dinamica para Web\\projeto-laravel-spopweb\\mvc-cervejas\\vendor\\laravel\\framework\\src\\Illuminate\\Filesystem\\Filesystem.php(124): Illuminate\\Filesystem\\Filesystem::{closure:Illuminate\\Filesystem\\Filesystem::getRequire():120}()
#4 C:\\Users\\GeiPis\\Desktop\\IFSP\\2025\\2\\Programacao Dinamica para Web\\projeto-laravel-spopweb\\mvc-cervejas\\vendor\\laravel\\framework\\src\\Illuminate\\View\\Engines\\PhpEngine.php(58): Illuminate\\Filesystem\\Filesystem->getRequire('C:\\\\Users\\\\GeiPis...', Array)
#5 C:\\Users\\GeiPis\\Desktop\\IFSP\\2025\\2\\Programacao Dinamica para Web\\projeto-laravel-spopweb\\mvc-cervejas\\vendor\\laravel\\framework\\src\\Illuminate\\View\\Engines\\CompilerEngine.php(75): Illuminate\\View\\Engines\\PhpEngine->evaluatePath('C:\\\\Users\\\\GeiPis...', Array)
#6 C:\\Users\\GeiPis\\Desktop\\IFSP\\2025\\2\\Programacao Dinamica para Web\\projeto-laravel-spopweb\\mvc-cervejas\\vendor\\laravel\\framework\\src\\Illuminate\\View\\View.php(209): Illuminate\\View\\Engines\\CompilerEngine->get('C:\\\\Users\\\\GeiPis...', Array)
#7 C:\\Users\\GeiPis\\Desktop\\IFSP\\2025\\2\\Programacao Dinamica para Web\\projeto-laravel-spopweb\\mvc-cervejas\\vendor\\laravel\\framework\\src\\Illuminate\\View\\View.php(192): Illuminate\\View\\View->getContents()
#8 C:\\Users\\GeiPis\\Desktop\\IFSP\\2025\\2\\Programacao Dinamica para Web\\projeto-laravel-spopweb\\mvc-cervejas\\vendor\\laravel\\framework\\src\\Illuminate\\View\\View.php(161): Illuminate\\View\\View->renderContents()
#9 C:\\Users\\GeiPis\\Desktop\\IFSP\\2025\\2\\Programacao Dinamica para Web\\projeto-laravel-spopweb\\mvc-cervejas\\vendor\\laravel\\framework\\src\\Illuminate\\Http\\Response.php(79): Illuminate\\View\\View->render()
#10 C:\\Users\\GeiPis\\Desktop\\IFSP\\2025\\2\\Programacao Dinamica para Web\\projeto-laravel-spopweb\\mvc-cervejas\\vendor\\laravel\\framework\\src\\Illuminate\\Http\\Response.php(35): Illuminate\\Http\\Response->setContent(Object(Illuminate\\View\\View))
#11 C:\\Users\\GeiPis\\Desktop\\IFSP\\2025\\2\\Programacao Dinamica para Web\\projeto-laravel-spopweb\\mvc-cervejas\\vendor\\laravel\\framework\\src\\Illuminate\\Routing\\Router.php(920): Illuminate\\Http\\Response->__construct(Object(Illuminate\\View\\View), 200, Array)
#12 C:\\Users\\GeiPis\\Desktop\\IFSP\\2025\\2\\Programacao Dinamica para Web\\projeto-laravel-spopweb\\mvc-cervejas\\vendor\\laravel\\framework\\src\\Illuminate\\Routing\\Router.php(887): Illuminate\\Routing\\Router::toResponse(Object(Illuminate\\Http\\Request), Object(Illuminate\\View\\View))
#13 C:\\Users\\GeiPis\\Desktop\\IFSP\\2025\\2\\Programacao Dinamica para Web\\projeto-laravel-spopweb\\mvc-cervejas\\vendor\\laravel\\framework\\src\\Illuminate\\Routing\\Router.php(807): Illuminate\\Routing\\Router->prepareResponse(Object(Illuminate\\Http\\Request), Object(Illuminate\\View\\View))
#14 C:\\Users\\GeiPis\\Desktop\\IFSP\\2025\\2\\Programacao Dinamica para Web\\projeto-laravel-spopweb\\mvc-cervejas\\vendor\\laravel\\framework\\src\\Illuminate\\Pipeline\\Pipeline.php(170): Illuminate\\Routing\\Router->{closure:Illuminate\\Routing\\Router::runRouteWithinStack():807}(Object(Illuminate\\Http\\Request))
#15 C:\\Users\\GeiPis\\Desktop\\IFSP\\2025\\2\\Programacao Dinamica para Web\\projeto-laravel-spopweb\\mvc-cervejas\\vendor\\laravel\\framework\\src\\Illuminate\\Auth\\Middleware\\EnsureEmailIsVerified.php(41): Illuminate\\Pipeline\\Pipeline->{closure:Illuminate\\Pipeline\\Pipeline::prepareDestination():168}(Object(Illuminate\\Http\\Request))
#16 C:\\Users\\GeiPis\\Desktop\\IFSP\\2025\\2\\Programacao Dinamica para Web\\projeto-laravel-spopweb\\mvc-cervejas\\vendor\\laravel\\framework\\src\\Illuminate\\Pipeline\\Pipeline.php(209): Illuminate\\Auth\\Middleware\\EnsureEmailIsVerified->handle(Object(Illuminate\\Http\\Request), Object(Closure))
#17 C:\\Users\\GeiPis\\Desktop\\IFSP\\2025\\2\\Programacao Dinamica para Web\\projeto-laravel-spopweb\\mvc-cervejas\\vendor\\laravel\\framework\\src\\Illuminate\\Routing\\Middleware\\SubstituteBindings.php(51): Illuminate\\Pipeline\\Pipeline->{closure:{closure:Illuminate\\Pipeline\\Pipeline::carry():184}:185}(Object(Illuminate\\Http\\Request))
#18 C:\\Users\\GeiPis\\Desktop\\IFSP\\2025\\2\\Programacao Dinamica para Web\\projeto-laravel-spopweb\\mvc-cervejas\\vendor\\laravel\\framework\\src\\Illuminate\\Pipeline\\Pipeline.php(209): Illuminate\\Routing\\Middleware\\SubstituteBindings->handle(Object(Illuminate\\Http\\Request), Object(Closure))
#19 C:\\Users\\GeiPis\\Desktop\\IFSP\\2025\\2\\Programacao Dinamica para Web\\projeto-laravel-spopweb\\mvc-cervejas\\vendor\\laravel\\framework\\src\\Illuminate\\Auth\\Middleware\\Authenticate.php(64): Illuminate\\Pipeline\\Pipeline->{closure:{closure:Illuminate\\Pipeline\\Pipeline::carry():184}:185}(Object(Illuminate\\Http\\Request))
#20 C:\\Users\\GeiPis\\Desktop\\IFSP\\2025\\2\\Programacao Dinamica para Web\\projeto-laravel-spopweb\\mvc-cervejas\\vendor\\laravel\\framework\\src\\Illuminate\\Pipeline\\Pipeline.php(209): Illuminate\\Auth\\Middleware\\Authenticate->handle(Object(Illuminate\\Http\\Request), Object(Closure))
#21 C:\\Users\\GeiPis\\Desktop\\IFSP\\2025\\2\\Programacao Dinamica para Web\\projeto-laravel-spopweb\\mvc-cervejas\\vendor\\laravel\\framework\\src\\Illuminate\\Foundation\\Http\\Middleware\\VerifyCsrfToken.php(88): Illuminate\\Pipeline\\Pipeline->{closure:{closure:Illuminate\\Pipeline\\Pipeline::carry():184}:185}(Object(Illuminate\\Http\\Request))
#22 C:\\Users\\GeiPis\\Desktop\\IFSP\\2025\\2\\Programacao Dinamica para Web\\projeto-laravel-spopweb\\mvc-cervejas\\vendor\\laravel\\framework\\src\\Illuminate\\Pipeline\\Pipeline.php(209): Illuminate\\Foundation\\Http\\Middleware\\VerifyCsrfToken->handle(Object(Illuminate\\Http\\Request), Object(Closure))
#23 C:\\Users\\GeiPis\\Desktop\\IFSP\\2025\\2\\Programacao Dinamica para Web\\projeto-laravel-spopweb\\mvc-cervejas\\vendor\\laravel\\framework\\src\\Illuminate\\View\\Middleware\\ShareErrorsFromSession.php(49): Illuminate\\Pipeline\\Pipeline->{closure:{closure:Illuminate\\Pipeline\\Pipeline::carry():184}:185}(Object(Illuminate\\Http\\Request))
#24 C:\\Users\\GeiPis\\Desktop\\IFSP\\2025\\2\\Programacao Dinamica para Web\\projeto-laravel-spopweb\\mvc-cervejas\\vendor\\laravel\\framework\\src\\Illuminate\\Pipeline\\Pipeline.php(209): Illuminate\\View\\Middleware\\ShareErrorsFromSession->handle(Object(Illuminate\\Http\\Request), Object(Closure))
#25 C:\\Users\\GeiPis\\Desktop\\IFSP\\2025\\2\\Programacao Dinamica para Web\\projeto-laravel-spopweb\\mvc-cervejas\\vendor\\laravel\\framework\\src\\Illuminate\\Session\\Middleware\\StartSession.php(121): Illuminate\\Pipeline\\Pipeline->{closure:{closure:Illuminate\\Pipeline\\Pipeline::carry():184}:185}(Object(Illuminate\\Http\\Request))
#26 C:\\Users\\GeiPis\\Desktop\\IFSP\\2025\\2\\Programacao Dinamica para Web\\projeto-laravel-spopweb\\mvc-cervejas\\vendor\\laravel\\framework\\src\\Illuminate\\Session\\Middleware\\StartSession.php(64): Illuminate\\Session\\Middleware\\StartSession->handleStatefulRequest(Object(Illuminate\\Http\\Request), Object(Illuminate\\Session\\Store), Object(Closure))
#27 C:\\Users\\GeiPis\\Desktop\\IFSP\\2025\\2\\Programacao Dinamica para Web\\projeto-laravel-spopweb\\mvc-cervejas\\vendor\\laravel\\framework\\src\\Illuminate\\Pipeline\\Pipeline.php(209): Illuminate\\Session\\Middleware\\StartSession->handle(Object(Illuminate\\Http\\Request), Object(Closure))
#28 C:\\Users\\GeiPis\\Desktop\\IFSP\\2025\\2\\Programacao Dinamica para Web\\projeto-laravel-spopweb\\mvc-cervejas\\vendor\\laravel\\framework\\src\\Illuminate\\Cookie\\Middleware\\AddQueuedCookiesToResponse.php(37): Illuminate\\Pipeline\\Pipeline->{closure:{closure:Illuminate\\Pipeline\\Pipeline::carry():184}:185}(Object(Illuminate\\Http\\Request))
#29 C:\\Users\\GeiPis\\Desktop\\IFSP\\2025\\2\\Programacao Dinamica para Web\\projeto-laravel-spopweb\\mvc-cervejas\\vendor\\laravel\\framework\\src\\Illuminate\\Pipeline\\Pipeline.php(209): Illuminate\\Cookie\\Middleware\\AddQueuedCookiesToResponse->handle(Object(Illuminate\\Http\\Request), Object(Closure))
#30 C:\\Users\\GeiPis\\Desktop\\IFSP\\2025\\2\\Programacao Dinamica para Web\\projeto-laravel-spopweb\\mvc-cervejas\\vendor\\laravel\\framework\\src\\Illuminate\\Cookie\\Middleware\\EncryptCookies.php(75): Illuminate\\Pipeline\\Pipeline->{closure:{closure:Illuminate\\Pipeline\\Pipeline::carry():184}:185}(Object(Illuminate\\Http\\Request))
#31 C:\\Users\\GeiPis\\Desktop\\IFSP\\2025\\2\\Programacao Dinamica para Web\\projeto-laravel-spopweb\\mvc-cervejas\\vendor\\laravel\\framework\\src\\Illuminate\\Pipeline\\Pipeline.php(209): Illuminate\\Cookie\\Middleware\\EncryptCookies->handle(Object(Illuminate\\Http\\Request), Object(Closure))
#32 C:\\Users\\GeiPis\\Desktop\\IFSP\\2025\\2\\Programacao Dinamica para Web\\projeto-laravel-spopweb\\mvc-cervejas\\vendor\\laravel\\framework\\src\\Illuminate\\Pipeline\\Pipeline.php(127): Illuminate\\Pipeline\\Pipeline->{closure:{closure:Illuminate\\Pipeline\\Pipeline::carry():184}:185}(Object(Illuminate\\Http\\Request))
#33 C:\\Users\\GeiPis\\Desktop\\IFSP\\2025\\2\\Programacao Dinamica para Web\\projeto-laravel-spopweb\\mvc-cervejas\\vendor\\laravel\\framework\\src\\Illuminate\\Routing\\Router.php(807): Illuminate\\Pipeline\\Pipeline->then(Object(Closure))
#34 C:\\Users\\GeiPis\\Desktop\\IFSP\\2025\\2\\Programacao Dinamica para Web\\projeto-laravel-spopweb\\mvc-cervejas\\vendor\\laravel\\framework\\src\\Illuminate\\Routing\\Router.php(786): Illuminate\\Routing\\Router->runRouteWithinStack(Object(Illuminate\\Routing\\Route), Object(Illuminate\\Http\\Request))
#35 C:\\Users\\GeiPis\\Desktop\\IFSP\\2025\\2\\Programacao Dinamica para Web\\projeto-laravel-spopweb\\mvc-cervejas\\vendor\\laravel\\framework\\src\\Illuminate\\Routing\\Router.php(750): Illuminate\\Routing\\Router->runRoute(Object(Illuminate\\Http\\Request), Object(Illuminate\\Routing\\Route))
#36 C:\\Users\\GeiPis\\Desktop\\IFSP\\2025\\2\\Programacao Dinamica para Web\\projeto-laravel-spopweb\\mvc-cervejas\\vendor\\laravel\\framework\\src\\Illuminate\\Routing\\Router.php(739): Illuminate\\Routing\\Router->dispatchToRoute(Object(Illuminate\\Http\\Request))
#37 C:\\Users\\GeiPis\\Desktop\\IFSP\\2025\\2\\Programacao Dinamica para Web\\projeto-laravel-spopweb\\mvc-cervejas\\vendor\\laravel\\framework\\src\\Illuminate\\Foundation\\Http\\Kernel.php(201): Illuminate\\Routing\\Router->dispatch(Object(Illuminate\\Http\\Request))
#38 C:\\Users\\GeiPis\\Desktop\\IFSP\\2025\\2\\Programacao Dinamica para Web\\projeto-laravel-spopweb\\mvc-cervejas\\vendor\\laravel\\framework\\src\\Illuminate\\Pipeline\\Pipeline.php(170): Illuminate\\Foundation\\Http\\Kernel->{closure:Illuminate\\Foundation\\Http\\Kernel::dispatchToRouter():198}(Object(Illuminate\\Http\\Request))
#39 C:\\Users\\GeiPis\\Desktop\\IFSP\\2025\\2\\Programacao Dinamica para Web\\projeto-laravel-spopweb\\mvc-cervejas\\vendor\\laravel\\framework\\src\\Illuminate\\Foundation\\Http\\Middleware\\TransformsRequest.php(21): Illuminate\\Pipeline\\Pipeline->{closure:Illuminate\\Pipeline\\Pipeline::prepareDestination():168}(Object(Illuminate\\Http\\Request))
#40 C:\\Users\\GeiPis\\Desktop\\IFSP\\2025\\2\\Programacao Dinamica para Web\\projeto-laravel-spopweb\\mvc-cervejas\\vendor\\laravel\\framework\\src\\Illuminate\\Foundation\\Http\\Middleware\\ConvertEmptyStringsToNull.php(31): Illuminate\\Foundation\\Http\\Middleware\\TransformsRequest->handle(Object(Illuminate\\Http\\Request), Object(Closure))
#41 C:\\Users\\GeiPis\\Desktop\\IFSP\\2025\\2\\Programacao Dinamica para Web\\projeto-laravel-spopweb\\mvc-cervejas\\vendor\\laravel\\framework\\src\\Illuminate\\Pipeline\\Pipeline.php(209): Illuminate\\Foundation\\Http\\Middleware\\ConvertEmptyStringsToNull->handle(Object(Illuminate\\Http\\Request), Object(Closure))
#42 C:\\Users\\GeiPis\\Desktop\\IFSP\\2025\\2\\Programacao Dinamica para Web\\projeto-laravel-spopweb\\mvc-cervejas\\vendor\\laravel\\framework\\src\\Illuminate\\Foundation\\Http\\Middleware\\TransformsRequest.php(21): Illuminate\\Pipeline\\Pipeline->{closure:{closure:Illuminate\\Pipeline\\Pipeline::carry():184}:185}(Object(Illuminate\\Http\\Request))
#43 C:\\Users\\GeiPis\\Desktop\\IFSP\\2025\\2\\Programacao Dinamica para Web\\projeto-laravel-spopweb\\mvc-cervejas\\vendor\\laravel\\framework\\src\\Illuminate\\Foundation\\Http\\Middleware\\TrimStrings.php(51): Illuminate\\Foundation\\Http\\Middleware\\TransformsRequest->handle(Object(Illuminate\\Http\\Request), Object(Closure))
#44 C:\\Users\\GeiPis\\Desktop\\IFSP\\2025\\2\\Programacao Dinamica para Web\\projeto-laravel-spopweb\\mvc-cervejas\\vendor\\laravel\\framework\\src\\Illuminate\\Pipeline\\Pipeline.php(209): Illuminate\\Foundation\\Http\\Middleware\\TrimStrings->handle(Object(Illuminate\\Http\\Request), Object(Closure))
#45 C:\\Users\\GeiPis\\Desktop\\IFSP\\2025\\2\\Programacao Dinamica para Web\\projeto-laravel-spopweb\\mvc-cervejas\\vendor\\laravel\\framework\\src\\Illuminate\\Http\\Middleware\\ValidatePostSize.php(27): Illuminate\\Pipeline\\Pipeline->{closure:{closure:Illuminate\\Pipeline\\Pipeline::carry():184}:185}(Object(Illuminate\\Http\\Request))
#46 C:\\Users\\GeiPis\\Desktop\\IFSP\\2025\\2\\Programacao Dinamica para Web\\projeto-laravel-spopweb\\mvc-cervejas\\vendor\\laravel\\framework\\src\\Illuminate\\Pipeline\\Pipeline.php(209): Illuminate\\Http\\Middleware\\ValidatePostSize->handle(Object(Illuminate\\Http\\Request), Object(Closure))
#47 C:\\Users\\GeiPis\\Desktop\\IFSP\\2025\\2\\Programacao Dinamica para Web\\projeto-laravel-spopweb\\mvc-cervejas\\vendor\\laravel\\framework\\src\\Illuminate\\Foundation\\Http\\Middleware\\PreventRequestsDuringMaintenance.php(110): Illuminate\\Pipeline\\Pipeline->{closure:{closure:Illuminate\\Pipeline\\Pipeline::carry():184}:185}(Object(Illuminate\\Http\\Request))
#48 C:\\Users\\GeiPis\\Desktop\\IFSP\\2025\\2\\Programacao Dinamica para Web\\projeto-laravel-spopweb\\mvc-cervejas\\vendor\\laravel\\framework\\src\\Illuminate\\Pipeline\\Pipeline.php(209): Illuminate\\Foundation\\Http\\Middleware\\PreventRequestsDuringMaintenance->handle(Object(Illuminate\\Http\\Request), Object(Closure))
#49 C:\\Users\\GeiPis\\Desktop\\IFSP\\2025\\2\\Programacao Dinamica para Web\\projeto-laravel-spopweb\\mvc-cervejas\\vendor\\laravel\\framework\\src\\Illuminate\\Http\\Middleware\\HandleCors.php(49): Illuminate\\Pipeline\\Pipeline->{closure:{closure:Illuminate\\Pipeline\\Pipeline::carry():184}:185}(Object(Illuminate\\Http\\Request))
#50 C:\\Users\\GeiPis\\Desktop\\IFSP\\2025\\2\\Programacao Dinamica para Web\\projeto-laravel-spopweb\\mvc-cervejas\\vendor\\laravel\\framework\\src\\Illuminate\\Pipeline\\Pipeline.php(209): Illuminate\\Http\\Middleware\\HandleCors->handle(Object(Illuminate\\Http\\Request), Object(Closure))
#51 C:\\Users\\GeiPis\\Desktop\\IFSP\\2025\\2\\Programacao Dinamica para Web\\projeto-laravel-spopweb\\mvc-cervejas\\vendor\\laravel\\framework\\src\\Illuminate\\Http\\Middleware\\TrustProxies.php(58): Illuminate\\Pipeline\\Pipeline->{closure:{closure:Illuminate\\Pipeline\\Pipeline::carry():184}:185}(Object(Illuminate\\Http\\Request))
#52 C:\\Users\\GeiPis\\Desktop\\IFSP\\2025\\2\\Programacao Dinamica para Web\\projeto-laravel-spopweb\\mvc-cervejas\\vendor\\laravel\\framework\\src\\Illuminate\\Pipeline\\Pipeline.php(209): Illuminate\\Http\\Middleware\\TrustProxies->handle(Object(Illuminate\\Http\\Request), Object(Closure))
#53 C:\\Users\\GeiPis\\Desktop\\IFSP\\2025\\2\\Programacao Dinamica para Web\\projeto-laravel-spopweb\\mvc-cervejas\\vendor\\laravel\\framework\\src\\Illuminate\\Foundation\\Http\\Middleware\\InvokeDeferredCallbacks.php(22): Illuminate\\Pipeline\\Pipeline->{closure:{closure:Illuminate\\Pipeline\\Pipeline::carry():184}:185}(Object(Illuminate\\Http\\Request))
#54 C:\\Users\\GeiPis\\Desktop\\IFSP\\2025\\2\\Programacao Dinamica para Web\\projeto-laravel-spopweb\\mvc-cervejas\\vendor\\laravel\\framework\\src\\Illuminate\\Pipeline\\Pipeline.php(209): Illuminate\\Foundation\\Http\\Middleware\\InvokeDeferredCallbacks->handle(Object(Illuminate\\Http\\Request), Object(Closure))
#55 C:\\Users\\GeiPis\\Desktop\\IFSP\\2025\\2\\Programacao Dinamica para Web\\projeto-laravel-spopweb\\mvc-cervejas\\vendor\\laravel\\framework\\src\\Illuminate\\Pipeline\\Pipeline.php(127): Illuminate\\Pipeline\\Pipeline->{closure:{closure:Illuminate\\Pipeline\\Pipeline::carry():184}:185}(Object(Illuminate\\Http\\Request))
#56 C:\\Users\\GeiPis\\Desktop\\IFSP\\2025\\2\\Programacao Dinamica para Web\\projeto-laravel-spopweb\\mvc-cervejas\\vendor\\laravel\\framework\\src\\Illuminate\\Foundation\\Http\\Kernel.php(176): Illuminate\\Pipeline\\Pipeline->then(Object(Closure))
#57 C:\\Users\\GeiPis\\Desktop\\IFSP\\2025\\2\\Programacao Dinamica para Web\\projeto-laravel-spopweb\\mvc-cervejas\\vendor\\laravel\\framework\\src\\Illuminate\\Foundation\\Http\\Kernel.php(145): Illuminate\\Foundation\\Http\\Kernel->sendRequestThroughRouter(Object(Illuminate\\Http\\Request))
#58 C:\\Users\\GeiPis\\Desktop\\IFSP\\2025\\2\\Programacao Dinamica para Web\\projeto-laravel-spopweb\\mvc-cervejas\\vendor\\laravel\\framework\\src\\Illuminate\\Foundation\\Application.php(1220): Illuminate\\Foundation\\Http\\Kernel->handle(Object(Illuminate\\Http\\Request))
#59 C:\\Users\\GeiPis\\Desktop\\IFSP\\2025\\2\\Programacao Dinamica para Web\\projeto-laravel-spopweb\\mvc-cervejas\\public\\index.php(17): Illuminate\\Foundation\\Application->handleRequest(Object(Illuminate\\Http\\Request))
#60 C:\\Users\\GeiPis\\Desktop\\IFSP\\2025\\2\\Programacao Dinamica para Web\\projeto-laravel-spopweb\\mvc-cervejas\\vendor\\laravel\\framework\\src\\Illuminate\\Foundation\\resources\\server.php(23): require_once('C:\\\\Users\\\\GeiPis...')
#61 {main}
"} 
[2025-11-28 01:31:24] local.ERROR: Route [cervejas.index] not defined. (View: C:\Users\GeiPis\Desktop\IFSP\2025\2\Programacao Dinamica para Web\projeto-laravel-spopweb\mvc-cervejas\resources\views\cadastrar.blade.php) {"userId":1,"exception":"[object] (Illuminate\\View\\ViewException(code: 0): Route [cervejas.index] not defined. (View: C:\\Users\\GeiPis\\Desktop\\IFSP\\2025\\2\\Programacao Dinamica para Web\\projeto-laravel-spopweb\\mvc-cervejas\\resources\\views\\cadastrar.blade.php) at C:\\Users\\GeiPis\\Desktop\\IFSP\\2025\\2\\Programacao Dinamica para Web\\projeto-laravel-spopweb\\mvc-cervejas\\vendor\\laravel\\framework\\src\\Illuminate\\Routing\\UrlGenerator.php:517)
[stacktrace]
#0 C:\\Users\\GeiPis\\Desktop\\IFSP\\2025\\2\\Programacao Dinamica para Web\\projeto-laravel-spopweb\\mvc-cervejas\\vendor\\laravel\\framework\\src\\Illuminate\\View\\Engines\\PhpEngine.php(60): Illuminate\\View\\Engines\\CompilerEngine->handleViewException(Object(Symfony\\Component\\Routing\\Exception\\RouteNotFoundException), 0)
#1 C:\\Users\\GeiPis\\Desktop\\IFSP\\2025\\2\\Programacao Dinamica para Web\\projeto-laravel-spopweb\\mvc-cervejas\\vendor\\laravel\\framework\\src\\Illuminate\\View\\Engines\\CompilerEngine.php(75): Illuminate\\View\\Engines\\PhpEngine->evaluatePath('C:\\\\Users\\\\GeiPis...', Array)
#2 C:\\Users\\GeiPis\\Desktop\\IFSP\\2025\\2\\Programacao Dinamica para Web\\projeto-laravel-spopweb\\mvc-cervejas\\vendor\\laravel\\framework\\src\\Illuminate\\View\\View.php(209): Illuminate\\View\\Engines\\CompilerEngine->get('C:\\\\Users\\\\GeiPis...', Array)
#3 C:\\Users\\GeiPis\\Desktop\\IFSP\\2025\\2\\Programacao Dinamica para Web\\projeto-laravel-spopweb\\mvc-cervejas\\vendor\\laravel\\framework\\src\\Illuminate\\View\\View.php(192): Illuminate\\View\\View->getContents()
#4 C:\\Users\\GeiPis\\Desktop\\IFSP\\2025\\2\\Programacao Dinamica para Web\\projeto-laravel-spopweb\\mvc-cervejas\\vendor\\laravel\\framework\\src\\Illuminate\\View\\View.php(161): Illuminate\\View\\View->renderContents()
#5 C:\\Users\\GeiPis\\Desktop\\IFSP\\2025\\2\\Programacao Dinamica para Web\\projeto-laravel-spopweb\\mvc-cervejas\\vendor\\laravel\\framework\\src\\Illuminate\\Http\\Response.php(79): Illuminate\\View\\View->render()
#6 C:\\Users\\GeiPis\\Desktop\\IFSP\\2025\\2\\Programacao Dinamica para Web\\projeto-laravel-spopweb\\mvc-cervejas\\vendor\\laravel\\framework\\src\\Illuminate\\Http\\Response.php(35): Illuminate\\Http\\Response->setContent(Object(Illuminate\\View\\View))
#7 C:\\Users\\GeiPis\\Desktop\\IFSP\\2025\\2\\Programacao Dinamica para Web\\projeto-laravel-spopweb\\mvc-cervejas\\vendor\\laravel\\framework\\src\\Illuminate\\Routing\\Router.php(920): Illuminate\\Http\\Response->__construct(Object(Illuminate\\View\\View), 200, Array)
#8 C:\\Users\\GeiPis\\Desktop\\IFSP\\2025\\2\\Programacao Dinamica para Web\\projeto-laravel-spopweb\\mvc-cervejas\\vendor\\laravel\\framework\\src\\Illuminate\\Routing\\Router.php(887): Illuminate\\Routing\\Router::toResponse(Object(Illuminate\\Http\\Request), Object(Illuminate\\View\\View))
#9 C:\\Users\\GeiPis\\Desktop\\IFSP\\2025\\2\\Programacao Dinamica para Web\\projeto-laravel-spopweb\\mvc-cervejas\\vendor\\laravel\\framework\\src\\Illuminate\\Routing\\Router.php(807): Illuminate\\Routing\\Router->prepareResponse(Object(Illuminate\\Http\\Request), Object(Illuminate\\View\\View))
#10 C:\\Users\\GeiPis\\Desktop\\IFSP\\2025\\2\\Programacao Dinamica para Web\\projeto-laravel-spopweb\\mvc-cervejas\\vendor\\laravel\\framework\\src\\Illuminate\\Pipeline\\Pipeline.php(170): Illuminate\\Routing\\Router->{closure:Illuminate\\Routing\\Router::runRouteWithinStack():807}(Object(Illuminate\\Http\\Request))
#11 C:\\Users\\GeiPis\\Desktop\\IFSP\\2025\\2\\Programacao Dinamica para Web\\projeto-laravel-spopweb\\mvc-cervejas\\vendor\\laravel\\framework\\src\\Illuminate\\Auth\\Middleware\\EnsureEmailIsVerified.php(41): Illuminate\\Pipeline\\Pipeline->{closure:Illuminate\\Pipeline\\Pipeline::prepareDestination():168}(Object(Illuminate\\Http\\Request))
#12 C:\\Users\\GeiPis\\Desktop\\IFSP\\2025\\2\\Programacao Dinamica para Web\\projeto-laravel-spopweb\\mvc-cervejas\\vendor\\laravel\\framework\\src\\Illuminate\\Pipeline\\Pipeline.php(209): Illuminate\\Auth\\Middleware\\EnsureEmailIsVerified->handle(Object(Illuminate\\Http\\Request), Object(Closure))
#13 C:\\Users\\GeiPis\\Desktop\\IFSP\\2025\\2\\Programacao Dinamica para Web\\projeto-laravel-spopweb\\mvc-cervejas\\vendor\\laravel\\framework\\src\\Illuminate\\Routing\\Middleware\\SubstituteBindings.php(51): Illuminate\\Pipeline\\Pipeline->{closure:{closure:Illuminate\\Pipeline\\Pipeline::carry():184}:185}(Object(Illuminate\\Http\\Request))
#14 C:\\Users\\GeiPis\\Desktop\\IFSP\\2025\\2\\Programacao Dinamica para Web\\projeto-laravel-spopweb\\mvc-cervejas\\vendor\\laravel\\framework\\src\\Illuminate\\Pipeline\\Pipeline.php(209): Illuminate\\Routing\\Middleware\\SubstituteBindings->handle(Object(Illuminate\\Http\\Request), Object(Closure))
#15 C:\\Users\\GeiPis\\Desktop\\IFSP\\2025\\2\\Programacao Dinamica para Web\\projeto-laravel-spopweb\\mvc-cervejas\\vendor\\laravel\\framework\\src\\Illuminate\\Auth\\Middleware\\Authenticate.php(64): Illuminate\\Pipeline\\Pipeline->{closure:{closure:Illuminate\\Pipeline\\Pipeline::carry():184}:185}(Object(Illuminate\\Http\\Request))
#16 C:\\Users\\GeiPis\\Desktop\\IFSP\\2025\\2\\Programacao Dinamica para Web\\projeto-laravel-spopweb\\mvc-cervejas\\vendor\\laravel\\framework\\src\\Illuminate\\Pipeline\\Pipeline.php(209): Illuminate\\Auth\\Middleware\\Authenticate->handle(Object(Illuminate\\Http\\Request), Object(Closure))
#17 C:\\Users\\GeiPis\\Desktop\\IFSP\\2025\\2\\Programacao Dinamica para Web\\projeto-laravel-spopweb\\mvc-cervejas\\vendor\\laravel\\framework\\src\\Illuminate\\Foundation\\Http\\Middleware\\VerifyCsrfToken.php(88): Illuminate\\Pipeline\\Pipeline->{closure:{closure:Illuminate\\Pipeline\\Pipeline::carry():184}:185}(Object(Illuminate\\Http\\Request))
#18 C:\\Users\\GeiPis\\Desktop\\IFSP\\2025\\2\\Programacao Dinamica para Web\\projeto-laravel-spopweb\\mvc-cervejas\\vendor\\laravel\\framework\\src\\Illuminate\\Pipeline\\Pipeline.php(209): Illuminate\\Foundation\\Http\\Middleware\\VerifyCsrfToken->handle(Object(Illuminate\\Http\\Request), Object(Closure))
#19 C:\\Users\\GeiPis\\Desktop\\IFSP\\2025\\2\\Programacao Dinamica para Web\\projeto-laravel-spopweb\\mvc-cervejas\\vendor\\laravel\\framework\\src\\Illuminate\\View\\Middleware\\ShareErrorsFromSession.php(49): Illuminate\\Pipeline\\Pipeline->{closure:{closure:Illuminate\\Pipeline\\Pipeline::carry():184}:185}(Object(Illuminate\\Http\\Request))
#20 C:\\Users\\GeiPis\\Desktop\\IFSP\\2025\\2\\Programacao Dinamica para Web\\projeto-laravel-spopweb\\mvc-cervejas\\vendor\\laravel\\framework\\src\\Illuminate\\Pipeline\\Pipeline.php(209): Illuminate\\View\\Middleware\\ShareErrorsFromSession->handle(Object(Illuminate\\Http\\Request), Object(Closure))
#21 C:\\Users\\GeiPis\\Desktop\\IFSP\\2025\\2\\Programacao Dinamica para Web\\projeto-laravel-spopweb\\mvc-cervejas\\vendor\\laravel\\framework\\src\\Illuminate\\Session\\Middleware\\StartSession.php(121): Illuminate\\Pipeline\\Pipeline->{closure:{closure:Illuminate\\Pipeline\\Pipeline::carry():184}:185}(Object(Illuminate\\Http\\Request))
#22 C:\\Users\\GeiPis\\Desktop\\IFSP\\2025\\2\\Programacao Dinamica para Web\\projeto-laravel-spopweb\\mvc-cervejas\\vendor\\laravel\\framework\\src\\Illuminate\\Session\\Middleware\\StartSession.php(64): Illuminate\\Session\\Middleware\\StartSession->handleStatefulRequest(Object(Illuminate\\Http\\Request), Object(Illuminate\\Session\\Store), Object(Closure))
#23 C:\\Users\\GeiPis\\Desktop\\IFSP\\2025\\2\\Programacao Dinamica para Web\\projeto-laravel-spopweb\\mvc-cervejas\\vendor\\laravel\\framework\\src\\Illuminate\\Pipeline\\Pipeline.php(209): Illuminate\\Session\\Middleware\\StartSession->handle(Object(Illuminate\\Http\\Request), Object(Closure))
#24 C:\\Users\\GeiPis\\Desktop\\IFSP\\2025\\2\\Programacao Dinamica para Web\\projeto-laravel-spopweb\\mvc-cervejas\\vendor\\laravel\\framework\\src\\Illuminate\\Cookie\\Middleware\\AddQueuedCookiesToResponse.php(37): Illuminate\\Pipeline\\Pipeline->{closure:{closure:Illuminate\\Pipeline\\Pipeline::carry():184}:185}(Object(Illuminate\\Http\\Request))
#25 C:\\Users\\GeiPis\\Desktop\\IFSP\\2025\\2\\Programacao Dinamica para Web\\projeto-laravel-spopweb\\mvc-cervejas\\vendor\\laravel\\framework\\src\\Illuminate\\Pipeline\\Pipeline.php(209): Illuminate\\Cookie\\Middleware\\AddQueuedCookiesToResponse->handle(Object(Illuminate\\Http\\Request), Object(Closure))
#26 C:\\Users\\GeiPis\\Desktop\\IFSP\\2025\\2\\Programacao Dinamica para Web\\projeto-laravel-spopweb\\mvc-cervejas\\vendor\\laravel\\framework\\src\\Illuminate\\Cookie\\Middleware\\EncryptCookies.php(75): Illuminate\\Pipeline\\Pipeline->{closure:{closure:Illuminate\\Pipeline\\Pipeline::carry():184}:185}(Object(Illuminate\\Http\\Request))
#27 C:\\Users\\GeiPis\\Desktop\\IFSP\\2025\\2\\Programacao Dinamica para Web\\projeto-laravel-spopweb\\mvc-cervejas\\vendor\\laravel\\framework\\src\\Illuminate\\Pipeline\\Pipeline.php(209): Illuminate\\Cookie\\Middleware\\EncryptCookies->handle(Object(Illuminate\\Http\\Request), Object(Closure))
#28 C:\\Users\\GeiPis\\Desktop\\IFSP\\2025\\2\\Programacao Dinamica para Web\\projeto-laravel-spopweb\\mvc-cervejas\\vendor\\laravel\\framework\\src\\Illuminate\\Pipeline\\Pipeline.php(127): Illuminate\\Pipeline\\Pipeline->{closure:{closure:Illuminate\\Pipeline\\Pipeline::carry():184}:185}(Object(Illuminate\\Http\\Request))
#29 C:\\Users\\GeiPis\\Desktop\\IFSP\\2025\\2\\Programacao Dinamica para Web\\projeto-laravel-spopweb\\mvc-cervejas\\vendor\\laravel\\framework\\src\\Illuminate\\Routing\\Router.php(807): Illuminate\\Pipeline\\Pipeline->then(Object(Closure))
#30 C:\\Users\\GeiPis\\Desktop\\IFSP\\2025\\2\\Programacao Dinamica para Web\\projeto-laravel-spopweb\\mvc-cervejas\\vendor\\laravel\\framework\\src\\Illuminate\\Routing\\Router.php(786): Illuminate\\Routing\\Router->runRouteWithinStack(Object(Illuminate\\Routing\\Route), Object(Illuminate\\Http\\Request))
#31 C:\\Users\\GeiPis\\Desktop\\IFSP\\2025\\2\\Programacao Dinamica para Web\\projeto-laravel-spopweb\\mvc-cervejas\\vendor\\laravel\\framework\\src\\Illuminate\\Routing\\Router.php(750): Illuminate\\Routing\\Router->runRoute(Object(Illuminate\\Http\\Request), Object(Illuminate\\Routing\\Route))
#32 C:\\Users\\GeiPis\\Desktop\\IFSP\\2025\\2\\Programacao Dinamica para Web\\projeto-laravel-spopweb\\mvc-cervejas\\vendor\\laravel\\framework\\src\\Illuminate\\Routing\\Router.php(739): Illuminate\\Routing\\Router->dispatchToRoute(Object(Illuminate\\Http\\Request))
#33 C:\\Users\\GeiPis\\Desktop\\IFSP\\2025\\2\\Programacao Dinamica para Web\\projeto-laravel-spopweb\\mvc-cervejas\\vendor\\laravel\\framework\\src\\Illuminate\\Foundation\\Http\\Kernel.php(201): Illuminate\\Routing\\Router->dispatch(Object(Illuminate\\Http\\Request))
#34 C:\\Users\\GeiPis\\Desktop\\IFSP\\2025\\2\\Programacao Dinamica para Web\\projeto-laravel-spopweb\\mvc-cervejas\\vendor\\laravel\\framework\\src\\Illuminate\\Pipeline\\Pipeline.php(170): Illuminate\\Foundation\\Http\\Kernel->{closure:Illuminate\\Foundation\\Http\\Kernel::dispatchToRouter():198}(Object(Illuminate\\Http\\Request))
#35 C:\\Users\\GeiPis\\Desktop\\IFSP\\2025\\2\\Programacao Dinamica para Web\\projeto-laravel-spopweb\\mvc-cervejas\\vendor\\laravel\\framework\\src\\Illuminate\\Foundation\\Http\\Middleware\\TransformsRequest.php(21): Illuminate\\Pipeline\\Pipeline->{closure:Illuminate\\Pipeline\\Pipeline::prepareDestination():168}(Object(Illuminate\\Http\\Request))
#36 C:\\Users\\GeiPis\\Desktop\\IFSP\\2025\\2\\Programacao Dinamica para Web\\projeto-laravel-spopweb\\mvc-cervejas\\vendor\\laravel\\framework\\src\\Illuminate\\Foundation\\Http\\Middleware\\ConvertEmptyStringsToNull.php(31): Illuminate\\Foundation\\Http\\Middleware\\TransformsRequest->handle(Object(Illuminate\\Http\\Request), Object(Closure))
#37 C:\\Users\\GeiPis\\Desktop\\IFSP\\2025\\2\\Programacao Dinamica para Web\\projeto-laravel-spopweb\\mvc-cervejas\\vendor\\laravel\\framework\\src\\Illuminate\\Pipeline\\Pipeline.php(209): Illuminate\\Foundation\\Http\\Middleware\\ConvertEmptyStringsToNull->handle(Object(Illuminate\\Http\\Request), Object(Closure))
#38 C:\\Users\\GeiPis\\Desktop\\IFSP\\2025\\2\\Programacao Dinamica para Web\\projeto-laravel-spopweb\\mvc-cervejas\\vendor\\laravel\\framework\\src\\Illuminate\\Foundation\\Http\\Middleware\\TransformsRequest.php(21): Illuminate\\Pipeline\\Pipeline->{closure:{closure:Illuminate\\Pipeline\\Pipeline::carry():184}:185}(Object(Illuminate\\Http\\Request))
#39 C:\\Users\\GeiPis\\Desktop\\IFSP\\2025\\2\\Programacao Dinamica para Web\\projeto-laravel-spopweb\\mvc-cervejas\\vendor\\laravel\\framework\\src\\Illuminate\\Foundation\\Http\\Middleware\\TrimStrings.php(51): Illuminate\\Foundation\\Http\\Middleware\\TransformsRequest->handle(Object(Illuminate\\Http\\Request), Object(Closure))
#40 C:\\Users\\GeiPis\\Desktop\\IFSP\\2025\\2\\Programacao Dinamica para Web\\projeto-laravel-spopweb\\mvc-cervejas\\vendor\\laravel\\framework\\src\\Illuminate\\Pipeline\\Pipeline.php(209): Illuminate\\Foundation\\Http\\Middleware\\TrimStrings->handle(Object(Illuminate\\Http\\Request), Object(Closure))
#41 C:\\Users\\GeiPis\\Desktop\\IFSP\\2025\\2\\Programacao Dinamica para Web\\projeto-laravel-spopweb\\mvc-cervejas\\vendor\\laravel\\framework\\src\\Illuminate\\Http\\Middleware\\ValidatePostSize.php(27): Illuminate\\Pipeline\\Pipeline->{closure:{closure:Illuminate\\Pipeline\\Pipeline::carry():184}:185}(Object(Illuminate\\Http\\Request))
#42 C:\\Users\\GeiPis\\Desktop\\IFSP\\2025\\2\\Programacao Dinamica para Web\\projeto-laravel-spopweb\\mvc-cervejas\\vendor\\laravel\\framework\\src\\Illuminate\\Pipeline\\Pipeline.php(209): Illuminate\\Http\\Middleware\\ValidatePostSize->handle(Object(Illuminate\\Http\\Request), Object(Closure))
#43 C:\\Users\\GeiPis\\Desktop\\IFSP\\2025\\2\\Programacao Dinamica para Web\\projeto-laravel-spopweb\\mvc-cervejas\\vendor\\laravel\\framework\\src\\Illuminate\\Foundation\\Http\\Middleware\\PreventRequestsDuringMaintenance.php(110): Illuminate\\Pipeline\\Pipeline->{closure:{closure:Illuminate\\Pipeline\\Pipeline::carry():184}:185}(Object(Illuminate\\Http\\Request))
#44 C:\\Users\\GeiPis\\Desktop\\IFSP\\2025\\2\\Programacao Dinamica para Web\\projeto-laravel-spopweb\\mvc-cervejas\\vendor\\laravel\\framework\\src\\Illuminate\\Pipeline\\Pipeline.php(209): Illuminate\\Foundation\\Http\\Middleware\\PreventRequestsDuringMaintenance->handle(Object(Illuminate\\Http\\Request), Object(Closure))
#45 C:\\Users\\GeiPis\\Desktop\\IFSP\\2025\\2\\Programacao Dinamica para Web\\projeto-laravel-spopweb\\mvc-cervejas\\vendor\\laravel\\framework\\src\\Illuminate\\Http\\Middleware\\HandleCors.php(49): Illuminate\\Pipeline\\Pipeline->{closure:{closure:Illuminate\\Pipeline\\Pipeline::carry():184}:185}(Object(Illuminate\\Http\\Request))
#46 C:\\Users\\GeiPis\\Desktop\\IFSP\\2025\\2\\Programacao Dinamica para Web\\projeto-laravel-spopweb\\mvc-cervejas\\vendor\\laravel\\framework\\src\\Illuminate\\Pipeline\\Pipeline.php(209): Illuminate\\Http\\Middleware\\HandleCors->handle(Object(Illuminate\\Http\\Request), Object(Closure))
#47 C:\\Users\\GeiPis\\Desktop\\IFSP\\2025\\2\\Programacao Dinamica para Web\\projeto-laravel-spopweb\\mvc-cervejas\\vendor\\laravel\\framework\\src\\Illuminate\\Http\\Middleware\\TrustProxies.php(58): Illuminate\\Pipeline\\Pipeline->{closure:{closure:Illuminate\\Pipeline\\Pipeline::carry():184}:185}(Object(Illuminate\\Http\\Request))
#48 C:\\Users\\GeiPis\\Desktop\\IFSP\\2025\\2\\Programacao Dinamica para Web\\projeto-laravel-spopweb\\mvc-cervejas\\vendor\\laravel\\framework\\src\\Illuminate\\Pipeline\\Pipeline.php(209): Illuminate\\Http\\Middleware\\TrustProxies->handle(Object(Illuminate\\Http\\Request), Object(Closure))
#49 C:\\Users\\GeiPis\\Desktop\\IFSP\\2025\\2\\Programacao Dinamica para Web\\projeto-laravel-spopweb\\mvc-cervejas\\vendor\\laravel\\framework\\src\\Illuminate\\Foundation\\Http\\Middleware\\InvokeDeferredCallbacks.php(22): Illuminate\\Pipeline\\Pipeline->{closure:{closure:Illuminate\\Pipeline\\Pipeline::carry():184}:185}(Object(Illuminate\\Http\\Request))
#50 C:\\Users\\GeiPis\\Desktop\\IFSP\\2025\\2\\Programacao Dinamica para Web\\projeto-laravel-spopweb\\mvc-cervejas\\vendor\\laravel\\framework\\src\\Illuminate\\Pipeline\\Pipeline.php(209): Illuminate\\Foundation\\Http\\Middleware\\InvokeDeferredCallbacks->handle(Object(Illuminate\\Http\\Request), Object(Closure))
#51 C:\\Users\\GeiPis\\Desktop\\IFSP\\2025\\2\\Programacao Dinamica para Web\\projeto-laravel-spopweb\\mvc-cervejas\\vendor\\laravel\\framework\\src\\Illuminate\\Pipeline\\Pipeline.php(127): Illuminate\\Pipeline\\Pipeline->{closure:{closure:Illuminate\\Pipeline\\Pipeline::carry():184}:185}(Object(Illuminate\\Http\\Request))
#52 C:\\Users\\GeiPis\\Desktop\\IFSP\\2025\\2\\Programacao Dinamica para Web\\projeto-laravel-spopweb\\mvc-cervejas\\vendor\\laravel\\framework\\src\\Illuminate\\Foundation\\Http\\Kernel.php(176): Illuminate\\Pipeline\\Pipeline->then(Object(Closure))
#53 C:\\Users\\GeiPis\\Desktop\\IFSP\\2025\\2\\Programacao Dinamica para Web\\projeto-laravel-spopweb\\mvc-cervejas\\vendor\\laravel\\framework\\src\\Illuminate\\Foundation\\Http\\Kernel.php(145): Illuminate\\Foundation\\Http\\Kernel->sendRequestThroughRouter(Object(Illuminate\\Http\\Request))
#54 C:\\Users\\GeiPis\\Desktop\\IFSP\\2025\\2\\Programacao Dinamica para Web\\projeto-laravel-spopweb\\mvc-cervejas\\vendor\\laravel\\framework\\src\\Illuminate\\Foundation\\Application.php(1220): Illuminate\\Foundation\\Http\\Kernel->handle(Object(Illuminate\\Http\\Request))
#55 C:\\Users\\GeiPis\\Desktop\\IFSP\\2025\\2\\Programacao Dinamica para Web\\projeto-laravel-spopweb\\mvc-cervejas\\public\\index.php(17): Illuminate\\Foundation\\Application->handleRequest(Object(Illuminate\\Http\\Request))
#56 C:\\Users\\GeiPis\\Desktop\\IFSP\\2025\\2\\Programacao Dinamica para Web\\projeto-laravel-spopweb\\mvc-cervejas\\vendor\\laravel\\framework\\src\\Illuminate\\Foundation\\resources\\server.php(23): require_once('C:\\\\Users\\\\GeiPis...')
#57 {main}

[previous exception] [object] (Symfony\\Component\\Routing\\Exception\\RouteNotFoundException(code: 0): Route [cervejas.index] not defined. at C:\\Users\\GeiPis\\Desktop\\IFSP\\2025\\2\\Programacao Dinamica para Web\\projeto-laravel-spopweb\\mvc-cervejas\\vendor\\laravel\\framework\\src\\Illuminate\\Routing\\UrlGenerator.php:517)
[stacktrace]
#0 C:\\Users\\GeiPis\\Desktop\\IFSP\\2025\\2\\Programacao Dinamica para Web\\projeto-laravel-spopweb\\mvc-cervejas\\vendor\\laravel\\framework\\src\\Illuminate\\Foundation\\helpers.php(853): Illuminate\\Routing\\UrlGenerator->route('cervejas.index', Array, true)
#1 C:\\Users\\GeiPis\\Desktop\\IFSP\\2025\\2\\Programacao Dinamica para Web\\projeto-laravel-spopweb\\mvc-cervejas\\storage\\framework\\views\\ed99253affb394869f0171bfb7bd1106.php(280): route('cervejas.index')
#2 C:\\Users\\GeiPis\\Desktop\\IFSP\\2025\\2\\Programacao Dinamica para Web\\projeto-laravel-spopweb\\mvc-cervejas\\vendor\\laravel\\framework\\src\\Illuminate\\Filesystem\\Filesystem.php(123): require('C:\\\\Users\\\\GeiPis...')
#3 C:\\Users\\GeiPis\\Desktop\\IFSP\\2025\\2\\Programacao Dinamica para Web\\projeto-laravel-spopweb\\mvc-cervejas\\vendor\\laravel\\framework\\src\\Illuminate\\Filesystem\\Filesystem.php(124): Illuminate\\Filesystem\\Filesystem::{closure:Illuminate\\Filesystem\\Filesystem::getRequire():120}()
#4 C:\\Users\\GeiPis\\Desktop\\IFSP\\2025\\2\\Programacao Dinamica para Web\\projeto-laravel-spopweb\\mvc-cervejas\\vendor\\laravel\\framework\\src\\Illuminate\\View\\Engines\\PhpEngine.php(58): Illuminate\\Filesystem\\Filesystem->getRequire('C:\\\\Users\\\\GeiPis...', Array)
#5 C:\\Users\\GeiPis\\Desktop\\IFSP\\2025\\2\\Programacao Dinamica para Web\\projeto-laravel-spopweb\\mvc-cervejas\\vendor\\laravel\\framework\\src\\Illuminate\\View\\Engines\\CompilerEngine.php(75): Illuminate\\View\\Engines\\PhpEngine->evaluatePath('C:\\\\Users\\\\GeiPis...', Array)
#6 C:\\Users\\GeiPis\\Desktop\\IFSP\\2025\\2\\Programacao Dinamica para Web\\projeto-laravel-spopweb\\mvc-cervejas\\vendor\\laravel\\framework\\src\\Illuminate\\View\\View.php(209): Illuminate\\View\\Engines\\CompilerEngine->get('C:\\\\Users\\\\GeiPis...', Array)
#7 C:\\Users\\GeiPis\\Desktop\\IFSP\\2025\\2\\Programacao Dinamica para Web\\projeto-laravel-spopweb\\mvc-cervejas\\vendor\\laravel\\framework\\src\\Illuminate\\View\\View.php(192): Illuminate\\View\\View->getContents()
#8 C:\\Users\\GeiPis\\Desktop\\IFSP\\2025\\2\\Programacao Dinamica para Web\\projeto-laravel-spopweb\\mvc-cervejas\\vendor\\laravel\\framework\\src\\Illuminate\\View\\View.php(161): Illuminate\\View\\View->renderContents()
#9 C:\\Users\\GeiPis\\Desktop\\IFSP\\2025\\2\\Programacao Dinamica para Web\\projeto-laravel-spopweb\\mvc-cervejas\\vendor\\laravel\\framework\\src\\Illuminate\\Http\\Response.php(79): Illuminate\\View\\View->render()
#10 C:\\Users\\GeiPis\\Desktop\\IFSP\\2025\\2\\Programacao Dinamica para Web\\projeto-laravel-spopweb\\mvc-cervejas\\vendor\\laravel\\framework\\src\\Illuminate\\Http\\Response.php(35): Illuminate\\Http\\Response->setContent(Object(Illuminate\\View\\View))
#11 C:\\Users\\GeiPis\\Desktop\\IFSP\\2025\\2\\Programacao Dinamica para Web\\projeto-laravel-spopweb\\mvc-cervejas\\vendor\\laravel\\framework\\src\\Illuminate\\Routing\\Router.php(920): Illuminate\\Http\\Response->__construct(Object(Illuminate\\View\\View), 200, Array)
#12 C:\\Users\\GeiPis\\Desktop\\IFSP\\2025\\2\\Programacao Dinamica para Web\\projeto-laravel-spopweb\\mvc-cervejas\\vendor\\laravel\\framework\\src\\Illuminate\\Routing\\Router.php(887): Illuminate\\Routing\\Router::toResponse(Object(Illuminate\\Http\\Request), Object(Illuminate\\View\\View))
#13 C:\\Users\\GeiPis\\Desktop\\IFSP\\2025\\2\\Programacao Dinamica para Web\\projeto-laravel-spopweb\\mvc-cervejas\\vendor\\laravel\\framework\\src\\Illuminate\\Routing\\Router.php(807): Illuminate\\Routing\\Router->prepareResponse(Object(Illuminate\\Http\\Request), Object(Illuminate\\View\\View))
#14 C:\\Users\\GeiPis\\Desktop\\IFSP\\2025\\2\\Programacao Dinamica para Web\\projeto-laravel-spopweb\\mvc-cervejas\\vendor\\laravel\\framework\\src\\Illuminate\\Pipeline\\Pipeline.php(170): Illuminate\\Routing\\Router->{closure:Illuminate\\Routing\\Router::runRouteWithinStack():807}(Object(Illuminate\\Http\\Request))
#15 C:\\Users\\GeiPis\\Desktop\\IFSP\\2025\\2\\Programacao Dinamica para Web\\projeto-laravel-spopweb\\mvc-cervejas\\vendor\\laravel\\framework\\src\\Illuminate\\Auth\\Middleware\\EnsureEmailIsVerified.php(41): Illuminate\\Pipeline\\Pipeline->{closure:Illuminate\\Pipeline\\Pipeline::prepareDestination():168}(Object(Illuminate\\Http\\Request))
#16 C:\\Users\\GeiPis\\Desktop\\IFSP\\2025\\2\\Programacao Dinamica para Web\\projeto-laravel-spopweb\\mvc-cervejas\\vendor\\laravel\\framework\\src\\Illuminate\\Pipeline\\Pipeline.php(209): Illuminate\\Auth\\Middleware\\EnsureEmailIsVerified->handle(Object(Illuminate\\Http\\Request), Object(Closure))
#17 C:\\Users\\GeiPis\\Desktop\\IFSP\\2025\\2\\Programacao Dinamica para Web\\projeto-laravel-spopweb\\mvc-cervejas\\vendor\\laravel\\framework\\src\\Illuminate\\Routing\\Middleware\\SubstituteBindings.php(51): Illuminate\\Pipeline\\Pipeline->{closure:{closure:Illuminate\\Pipeline\\Pipeline::carry():184}:185}(Object(Illuminate\\Http\\Request))
#18 C:\\Users\\GeiPis\\Desktop\\IFSP\\2025\\2\\Programacao Dinamica para Web\\projeto-laravel-spopweb\\mvc-cervejas\\vendor\\laravel\\framework\\src\\Illuminate\\Pipeline\\Pipeline.php(209): Illuminate\\Routing\\Middleware\\SubstituteBindings->handle(Object(Illuminate\\Http\\Request), Object(Closure))
#19 C:\\Users\\GeiPis\\Desktop\\IFSP\\2025\\2\\Programacao Dinamica para Web\\projeto-laravel-spopweb\\mvc-cervejas\\vendor\\laravel\\framework\\src\\Illuminate\\Auth\\Middleware\\Authenticate.php(64): Illuminate\\Pipeline\\Pipeline->{closure:{closure:Illuminate\\Pipeline\\Pipeline::carry():184}:185}(Object(Illuminate\\Http\\Request))
#20 C:\\Users\\GeiPis\\Desktop\\IFSP\\2025\\2\\Programacao Dinamica para Web\\projeto-laravel-spopweb\\mvc-cervejas\\vendor\\laravel\\framework\\src\\Illuminate\\Pipeline\\Pipeline.php(209): Illuminate\\Auth\\Middleware\\Authenticate->handle(Object(Illuminate\\Http\\Request), Object(Closure))
#21 C:\\Users\\GeiPis\\Desktop\\IFSP\\2025\\2\\Programacao Dinamica para Web\\projeto-laravel-spopweb\\mvc-cervejas\\vendor\\laravel\\framework\\src\\Illuminate\\Foundation\\Http\\Middleware\\VerifyCsrfToken.php(88): Illuminate\\Pipeline\\Pipeline->{closure:{closure:Illuminate\\Pipeline\\Pipeline::carry():184}:185}(Object(Illuminate\\Http\\Request))
#22 C:\\Users\\GeiPis\\Desktop\\IFSP\\2025\\2\\Programacao Dinamica para Web\\projeto-laravel-spopweb\\mvc-cervejas\\vendor\\laravel\\framework\\src\\Illuminate\\Pipeline\\Pipeline.php(209): Illuminate\\Foundation\\Http\\Middleware\\VerifyCsrfToken->handle(Object(Illuminate\\Http\\Request), Object(Closure))
#23 C:\\Users\\GeiPis\\Desktop\\IFSP\\2025\\2\\Programacao Dinamica para Web\\projeto-laravel-spopweb\\mvc-cervejas\\vendor\\laravel\\framework\\src\\Illuminate\\View\\Middleware\\ShareErrorsFromSession.php(49): Illuminate\\Pipeline\\Pipeline->{closure:{closure:Illuminate\\Pipeline\\Pipeline::carry():184}:185}(Object(Illuminate\\Http\\Request))
#24 C:\\Users\\GeiPis\\Desktop\\IFSP\\2025\\2\\Programacao Dinamica para Web\\projeto-laravel-spopweb\\mvc-cervejas\\vendor\\laravel\\framework\\src\\Illuminate\\Pipeline\\Pipeline.php(209): Illuminate\\View\\Middleware\\ShareErrorsFromSession->handle(Object(Illuminate\\Http\\Request), Object(Closure))
#25 C:\\Users\\GeiPis\\Desktop\\IFSP\\2025\\2\\Programacao Dinamica para Web\\projeto-laravel-spopweb\\mvc-cervejas\\vendor\\laravel\\framework\\src\\Illuminate\\Session\\Middleware\\StartSession.php(121): Illuminate\\Pipeline\\Pipeline->{closure:{closure:Illuminate\\Pipeline\\Pipeline::carry():184}:185}(Object(Illuminate\\Http\\Request))
#26 C:\\Users\\GeiPis\\Desktop\\IFSP\\2025\\2\\Programacao Dinamica para Web\\projeto-laravel-spopweb\\mvc-cervejas\\vendor\\laravel\\framework\\src\\Illuminate\\Session\\Middleware\\StartSession.php(64): Illuminate\\Session\\Middleware\\StartSession->handleStatefulRequest(Object(Illuminate\\Http\\Request), Object(Illuminate\\Session\\Store), Object(Closure))
#27 C:\\Users\\GeiPis\\Desktop\\IFSP\\2025\\2\\Programacao Dinamica para Web\\projeto-laravel-spopweb\\mvc-cervejas\\vendor\\laravel\\framework\\src\\Illuminate\\Pipeline\\Pipeline.php(209): Illuminate\\Session\\Middleware\\StartSession->handle(Object(Illuminate\\Http\\Request), Object(Closure))
#28 C:\\Users\\GeiPis\\Desktop\\IFSP\\2025\\2\\Programacao Dinamica para Web\\projeto-laravel-spopweb\\mvc-cervejas\\vendor\\laravel\\framework\\src\\Illuminate\\Cookie\\Middleware\\AddQueuedCookiesToResponse.php(37): Illuminate\\Pipeline\\Pipeline->{closure:{closure:Illuminate\\Pipeline\\Pipeline::carry():184}:185}(Object(Illuminate\\Http\\Request))
#29 C:\\Users\\GeiPis\\Desktop\\IFSP\\2025\\2\\Programacao Dinamica para Web\\projeto-laravel-spopweb\\mvc-cervejas\\vendor\\laravel\\framework\\src\\Illuminate\\Pipeline\\Pipeline.php(209): Illuminate\\Cookie\\Middleware\\AddQueuedCookiesToResponse->handle(Object(Illuminate\\Http\\Request), Object(Closure))
#30 C:\\Users\\GeiPis\\Desktop\\IFSP\\2025\\2\\Programacao Dinamica para Web\\projeto-laravel-spopweb\\mvc-cervejas\\vendor\\laravel\\framework\\src\\Illuminate\\Cookie\\Middleware\\EncryptCookies.php(75): Illuminate\\Pipeline\\Pipeline->{closure:{closure:Illuminate\\Pipeline\\Pipeline::carry():184}:185}(Object(Illuminate\\Http\\Request))
#31 C:\\Users\\GeiPis\\Desktop\\IFSP\\2025\\2\\Programacao Dinamica para Web\\projeto-laravel-spopweb\\mvc-cervejas\\vendor\\laravel\\framework\\src\\Illuminate\\Pipeline\\Pipeline.php(209): Illuminate\\Cookie\\Middleware\\EncryptCookies->handle(Object(Illuminate\\Http\\Request), Object(Closure))
#32 C:\\Users\\GeiPis\\Desktop\\IFSP\\2025\\2\\Programacao Dinamica para Web\\projeto-laravel-spopweb\\mvc-cervejas\\vendor\\laravel\\framework\\src\\Illuminate\\Pipeline\\Pipeline.php(127): Illuminate\\Pipeline\\Pipeline->{closure:{closure:Illuminate\\Pipeline\\Pipeline::carry():184}:185}(Object(Illuminate\\Http\\Request))
#33 C:\\Users\\GeiPis\\Desktop\\IFSP\\2025\\2\\Programacao Dinamica para Web\\projeto-laravel-spopweb\\mvc-cervejas\\vendor\\laravel\\framework\\src\\Illuminate\\Routing\\Router.php(807): Illuminate\\Pipeline\\Pipeline->then(Object(Closure))
#34 C:\\Users\\GeiPis\\Desktop\\IFSP\\2025\\2\\Programacao Dinamica para Web\\projeto-laravel-spopweb\\mvc-cervejas\\vendor\\laravel\\framework\\src\\Illuminate\\Routing\\Router.php(786): Illuminate\\Routing\\Router->runRouteWithinStack(Object(Illuminate\\Routing\\Route), Object(Illuminate\\Http\\Request))
#35 C:\\Users\\GeiPis\\Desktop\\IFSP\\2025\\2\\Programacao Dinamica para Web\\projeto-laravel-spopweb\\mvc-cervejas\\vendor\\laravel\\framework\\src\\Illuminate\\Routing\\Router.php(750): Illuminate\\Routing\\Router->runRoute(Object(Illuminate\\Http\\Request), Object(Illuminate\\Routing\\Route))
#36 C:\\Users\\GeiPis\\Desktop\\IFSP\\2025\\2\\Programacao Dinamica para Web\\projeto-laravel-spopweb\\mvc-cervejas\\vendor\\laravel\\framework\\src\\Illuminate\\Routing\\Router.php(739): Illuminate\\Routing\\Router->dispatchToRoute(Object(Illuminate\\Http\\Request))
#37 C:\\Users\\GeiPis\\Desktop\\IFSP\\2025\\2\\Programacao Dinamica para Web\\projeto-laravel-spopweb\\mvc-cervejas\\vendor\\laravel\\framework\\src\\Illuminate\\Foundation\\Http\\Kernel.php(201): Illuminate\\Routing\\Router->dispatch(Object(Illuminate\\Http\\Request))
#38 C:\\Users\\GeiPis\\Desktop\\IFSP\\2025\\2\\Programacao Dinamica para Web\\projeto-laravel-spopweb\\mvc-cervejas\\vendor\\laravel\\framework\\src\\Illuminate\\Pipeline\\Pipeline.php(170): Illuminate\\Foundation\\Http\\Kernel->{closure:Illuminate\\Foundation\\Http\\Kernel::dispatchToRouter():198}(Object(Illuminate\\Http\\Request))
#39 C:\\Users\\GeiPis\\Desktop\\IFSP\\2025\\2\\Programacao Dinamica para Web\\projeto-laravel-spopweb\\mvc-cervejas\\vendor\\laravel\\framework\\src\\Illuminate\\Foundation\\Http\\Middleware\\TransformsRequest.php(21): Illuminate\\Pipeline\\Pipeline->{closure:Illuminate\\Pipeline\\Pipeline::prepareDestination():168}(Object(Illuminate\\Http\\Request))
#40 C:\\Users\\GeiPis\\Desktop\\IFSP\\2025\\2\\Programacao Dinamica para Web\\projeto-laravel-spopweb\\mvc-cervejas\\vendor\\laravel\\framework\\src\\Illuminate\\Foundation\\Http\\Middleware\\ConvertEmptyStringsToNull.php(31): Illuminate\\Foundation\\Http\\Middleware\\TransformsRequest->handle(Object(Illuminate\\Http\\Request), Object(Closure))
#41 C:\\Users\\GeiPis\\Desktop\\IFSP\\2025\\2\\Programacao Dinamica para Web\\projeto-laravel-spopweb\\mvc-cervejas\\vendor\\laravel\\framework\\src\\Illuminate\\Pipeline\\Pipeline.php(209): Illuminate\\Foundation\\Http\\Middleware\\ConvertEmptyStringsToNull->handle(Object(Illuminate\\Http\\Request), Object(Closure))
#42 C:\\Users\\GeiPis\\Desktop\\IFSP\\2025\\2\\Programacao Dinamica para Web\\projeto-laravel-spopweb\\mvc-cervejas\\vendor\\laravel\\framework\\src\\Illuminate\\Foundation\\Http\\Middleware\\TransformsRequest.php(21): Illuminate\\Pipeline\\Pipeline->{closure:{closure:Illuminate\\Pipeline\\Pipeline::carry():184}:185}(Object(Illuminate\\Http\\Request))
#43 C:\\Users\\GeiPis\\Desktop\\IFSP\\2025\\2\\Programacao Dinamica para Web\\projeto-laravel-spopweb\\mvc-cervejas\\vendor\\laravel\\framework\\src\\Illuminate\\Foundation\\Http\\Middleware\\TrimStrings.php(51): Illuminate\\Foundation\\Http\\Middleware\\TransformsRequest->handle(Object(Illuminate\\Http\\Request), Object(Closure))
#44 C:\\Users\\GeiPis\\Desktop\\IFSP\\2025\\2\\Programacao Dinamica para Web\\projeto-laravel-spopweb\\mvc-cervejas\\vendor\\laravel\\framework\\src\\Illuminate\\Pipeline\\Pipeline.php(209): Illuminate\\Foundation\\Http\\Middleware\\TrimStrings->handle(Object(Illuminate\\Http\\Request), Object(Closure))
#45 C:\\Users\\GeiPis\\Desktop\\IFSP\\2025\\2\\Programacao Dinamica para Web\\projeto-laravel-spopweb\\mvc-cervejas\\vendor\\laravel\\framework\\src\\Illuminate\\Http\\Middleware\\ValidatePostSize.php(27): Illuminate\\Pipeline\\Pipeline->{closure:{closure:Illuminate\\Pipeline\\Pipeline::carry():184}:185}(Object(Illuminate\\Http\\Request))
#46 C:\\Users\\GeiPis\\Desktop\\IFSP\\2025\\2\\Programacao Dinamica para Web\\projeto-laravel-spopweb\\mvc-cervejas\\vendor\\laravel\\framework\\src\\Illuminate\\Pipeline\\Pipeline.php(209): Illuminate\\Http\\Middleware\\ValidatePostSize->handle(Object(Illuminate\\Http\\Request), Object(Closure))
#47 C:\\Users\\GeiPis\\Desktop\\IFSP\\2025\\2\\Programacao Dinamica para Web\\projeto-laravel-spopweb\\mvc-cervejas\\vendor\\laravel\\framework\\src\\Illuminate\\Foundation\\Http\\Middleware\\PreventRequestsDuringMaintenance.php(110): Illuminate\\Pipeline\\Pipeline->{closure:{closure:Illuminate\\Pipeline\\Pipeline::carry():184}:185}(Object(Illuminate\\Http\\Request))
#48 C:\\Users\\GeiPis\\Desktop\\IFSP\\2025\\2\\Programacao Dinamica para Web\\projeto-laravel-spopweb\\mvc-cervejas\\vendor\\laravel\\framework\\src\\Illuminate\\Pipeline\\Pipeline.php(209): Illuminate\\Foundation\\Http\\Middleware\\PreventRequestsDuringMaintenance->handle(Object(Illuminate\\Http\\Request), Object(Closure))
#49 C:\\Users\\GeiPis\\Desktop\\IFSP\\2025\\2\\Programacao Dinamica para Web\\projeto-laravel-spopweb\\mvc-cervejas\\vendor\\laravel\\framework\\src\\Illuminate\\Http\\Middleware\\HandleCors.php(49): Illuminate\\Pipeline\\Pipeline->{closure:{closure:Illuminate\\Pipeline\\Pipeline::carry():184}:185}(Object(Illuminate\\Http\\Request))
#50 C:\\Users\\GeiPis\\Desktop\\IFSP\\2025\\2\\Programacao Dinamica para Web\\projeto-laravel-spopweb\\mvc-cervejas\\vendor\\laravel\\framework\\src\\Illuminate\\Pipeline\\Pipeline.php(209): Illuminate\\Http\\Middleware\\HandleCors->handle(Object(Illuminate\\Http\\Request), Object(Closure))
#51 C:\\Users\\GeiPis\\Desktop\\IFSP\\2025\\2\\Programacao Dinamica para Web\\projeto-laravel-spopweb\\mvc-cervejas\\vendor\\laravel\\framework\\src\\Illuminate\\Http\\Middleware\\TrustProxies.php(58): Illuminate\\Pipeline\\Pipeline->{closure:{closure:Illuminate\\Pipeline\\Pipeline::carry():184}:185}(Object(Illuminate\\Http\\Request))
#52 C:\\Users\\GeiPis\\Desktop\\IFSP\\2025\\2\\Programacao Dinamica para Web\\projeto-laravel-spopweb\\mvc-cervejas\\vendor\\laravel\\framework\\src\\Illuminate\\Pipeline\\Pipeline.php(209): Illuminate\\Http\\Middleware\\TrustProxies->handle(Object(Illuminate\\Http\\Request), Object(Closure))
#53 C:\\Users\\GeiPis\\Desktop\\IFSP\\2025\\2\\Programacao Dinamica para Web\\projeto-laravel-spopweb\\mvc-cervejas\\vendor\\laravel\\framework\\src\\Illuminate\\Foundation\\Http\\Middleware\\InvokeDeferredCallbacks.php(22): Illuminate\\Pipeline\\Pipeline->{closure:{closure:Illuminate\\Pipeline\\Pipeline::carry():184}:185}(Object(Illuminate\\Http\\Request))
#54 C:\\Users\\GeiPis\\Desktop\\IFSP\\2025\\2\\Programacao Dinamica para Web\\projeto-laravel-spopweb\\mvc-cervejas\\vendor\\laravel\\framework\\src\\Illuminate\\Pipeline\\Pipeline.php(209): Illuminate\\Foundation\\Http\\Middleware\\InvokeDeferredCallbacks->handle(Object(Illuminate\\Http\\Request), Object(Closure))
#55 C:\\Users\\GeiPis\\Desktop\\IFSP\\2025\\2\\Programacao Dinamica para Web\\projeto-laravel-spopweb\\mvc-cervejas\\vendor\\laravel\\framework\\src\\Illuminate\\Pipeline\\Pipeline.php(127): Illuminate\\Pipeline\\Pipeline->{closure:{closure:Illuminate\\Pipeline\\Pipeline::carry():184}:185}(Object(Illuminate\\Http\\Request))
#56 C:\\Users\\GeiPis\\Desktop\\IFSP\\2025\\2\\Programacao Dinamica para Web\\projeto-laravel-spopweb\\mvc-cervejas\\vendor\\laravel\\framework\\src\\Illuminate\\Foundation\\Http\\Kernel.php(176): Illuminate\\Pipeline\\Pipeline->then(Object(Closure))
#57 C:\\Users\\GeiPis\\Desktop\\IFSP\\2025\\2\\Programacao Dinamica para Web\\projeto-laravel-spopweb\\mvc-cervejas\\vendor\\laravel\\framework\\src\\Illuminate\\Foundation\\Http\\Kernel.php(145): Illuminate\\Foundation\\Http\\Kernel->sendRequestThroughRouter(Object(Illuminate\\Http\\Request))
#58 C:\\Users\\GeiPis\\Desktop\\IFSP\\2025\\2\\Programacao Dinamica para Web\\projeto-laravel-spopweb\\mvc-cervejas\\vendor\\laravel\\framework\\src\\Illuminate\\Foundation\\Application.php(1220): Illuminate\\Foundation\\Http\\Kernel->handle(Object(Illuminate\\Http\\Request))
#59 C:\\Users\\GeiPis\\Desktop\\IFSP\\2025\\2\\Programacao Dinamica para Web\\projeto-laravel-spopweb\\mvc-cervejas\\public\\index.php(17): Illuminate\\Foundation\\Application->handleRequest(Object(Illuminate\\Http\\Request))
#60 C:\\Users\\GeiPis\\Desktop\\IFSP\\2025\\2\\Programacao Dinamica para Web\\projeto-laravel-spopweb\\mvc-cervejas\\vendor\\laravel\\framework\\src\\Illuminate\\Foundation\\resources\\server.php(23): require_once('C:\\\\Users\\\\GeiPis...')
#61 {main}
"} 
[2025-11-28 02:13:18] local.ERROR: Class "app\Models\Cerveja" not found {"userId":1,"exception":"[object] (Error(code: 0): Class \"app\\Models\\Cerveja\" not found at C:\\Users\\GeiPis\\Desktop\\IFSP\\2025\\2\\Programacao Dinamica para Web\\projeto-laravel-spopweb\\mvc-cervejas\\app\\Http\\Controllers\\CadastrarController.php:70)
[stacktrace]
#0 C:\\Users\\GeiPis\\Desktop\\IFSP\\2025\\2\\Programacao Dinamica para Web\\projeto-laravel-spopweb\\mvc-cervejas\\vendor\\laravel\\framework\\src\\Illuminate\\Routing\\ControllerDispatcher.php(47): App\\Http\\Controllers\\CadastrarController->salvar(Object(Illuminate\\Http\\Request))
#1 C:\\Users\\GeiPis\\Desktop\\IFSP\\2025\\2\\Programacao Dinamica para Web\\projeto-laravel-spopweb\\mvc-cervejas\\vendor\\laravel\\framework\\src\\Illuminate\\Routing\\Route.php(266): Illuminate\\Routing\\ControllerDispatcher->dispatch(Object(Illuminate\\Routing\\Route), Object(App\\Http\\Controllers\\CadastrarController), 'salvar')
#2 C:\\Users\\GeiPis\\Desktop\\IFSP\\2025\\2\\Programacao Dinamica para Web\\projeto-laravel-spopweb\\mvc-cervejas\\vendor\\laravel\\framework\\src\\Illuminate\\Routing\\Route.php(212): Illuminate\\Routing\\Route->runController()
#3 C:\\Users\\GeiPis\\Desktop\\IFSP\\2025\\2\\Programacao Dinamica para Web\\projeto-laravel-spopweb\\mvc-cervejas\\vendor\\laravel\\framework\\src\\Illuminate\\Routing\\Router.php(808): Illuminate\\Routing\\Route->run()
#4 C:\\Users\\GeiPis\\Desktop\\IFSP\\2025\\2\\Programacao Dinamica para Web\\projeto-laravel-spopweb\\mvc-cervejas\\vendor\\laravel\\framework\\src\\Illuminate\\Pipeline\\Pipeline.php(170): Illuminate\\Routing\\Router->{closure:Illuminate\\Routing\\Router::runRouteWithinStack():807}(Object(Illuminate\\Http\\Request))
#5 C:\\Users\\GeiPis\\Desktop\\IFSP\\2025\\2\\Programacao Dinamica para Web\\projeto-laravel-spopweb\\mvc-cervejas\\vendor\\laravel\\framework\\src\\Illuminate\\Auth\\Middleware\\EnsureEmailIsVerified.php(41): Illuminate\\Pipeline\\Pipeline->{closure:Illuminate\\Pipeline\\Pipeline::prepareDestination():168}(Object(Illuminate\\Http\\Request))
#6 C:\\Users\\GeiPis\\Desktop\\IFSP\\2025\\2\\Programacao Dinamica para Web\\projeto-laravel-spopweb\\mvc-cervejas\\vendor\\laravel\\framework\\src\\Illuminate\\Pipeline\\Pipeline.php(209): Illuminate\\Auth\\Middleware\\EnsureEmailIsVerified->handle(Object(Illuminate\\Http\\Request), Object(Closure))
#7 C:\\Users\\GeiPis\\Desktop\\IFSP\\2025\\2\\Programacao Dinamica para Web\\projeto-laravel-spopweb\\mvc-cervejas\\vendor\\laravel\\framework\\src\\Illuminate\\Routing\\Middleware\\SubstituteBindings.php(51): Illuminate\\Pipeline\\Pipeline->{closure:{closure:Illuminate\\Pipeline\\Pipeline::carry():184}:185}(Object(Illuminate\\Http\\Request))
#8 C:\\Users\\GeiPis\\Desktop\\IFSP\\2025\\2\\Programacao Dinamica para Web\\projeto-laravel-spopweb\\mvc-cervejas\\vendor\\laravel\\framework\\src\\Illuminate\\Pipeline\\Pipeline.php(209): Illuminate\\Routing\\Middleware\\SubstituteBindings->handle(Object(Illuminate\\Http\\Request), Object(Closure))
#9 C:\\Users\\GeiPis\\Desktop\\IFSP\\2025\\2\\Programacao Dinamica para Web\\projeto-laravel-spopweb\\mvc-cervejas\\vendor\\laravel\\framework\\src\\Illuminate\\Auth\\Middleware\\Authenticate.php(64): Illuminate\\Pipeline\\Pipeline->{closure:{closure:Illuminate\\Pipeline\\Pipeline::carry():184}:185}(Object(Illuminate\\Http\\Request))
#10 C:\\Users\\GeiPis\\Desktop\\IFSP\\2025\\2\\Programacao Dinamica para Web\\projeto-laravel-spopweb\\mvc-cervejas\\vendor\\laravel\\framework\\src\\Illuminate\\Pipeline\\Pipeline.php(209): Illuminate\\Auth\\Middleware\\Authenticate->handle(Object(Illuminate\\Http\\Request), Object(Closure))
#11 C:\\Users\\GeiPis\\Desktop\\IFSP\\2025\\2\\Programacao Dinamica para Web\\projeto-laravel-spopweb\\mvc-cervejas\\vendor\\laravel\\framework\\src\\Illuminate\\Foundation\\Http\\Middleware\\VerifyCsrfToken.php(88): Illuminate\\Pipeline\\Pipeline->{closure:{closure:Illuminate\\Pipeline\\Pipeline::carry():184}:185}(Object(Illuminate\\Http\\Request))
#12 C:\\Users\\GeiPis\\Desktop\\IFSP\\2025\\2\\Programacao Dinamica para Web\\projeto-laravel-spopweb\\mvc-cervejas\\vendor\\laravel\\framework\\src\\Illuminate\\Pipeline\\Pipeline.php(209): Illuminate\\Foundation\\Http\\Middleware\\VerifyCsrfToken->handle(Object(Illuminate\\Http\\Request), Object(Closure))
#13 C:\\Users\\GeiPis\\Desktop\\IFSP\\2025\\2\\Programacao Dinamica para Web\\projeto-laravel-spopweb\\mvc-cervejas\\vendor\\laravel\\framework\\src\\Illuminate\\View\\Middleware\\ShareErrorsFromSession.php(49): Illuminate\\Pipeline\\Pipeline->{closure:{closure:Illuminate\\Pipeline\\Pipeline::carry():184}:185}(Object(Illuminate\\Http\\Request))
#14 C:\\Users\\GeiPis\\Desktop\\IFSP\\2025\\2\\Programacao Dinamica para Web\\projeto-laravel-spopweb\\mvc-cervejas\\vendor\\laravel\\framework\\src\\Illuminate\\Pipeline\\Pipeline.php(209): Illuminate\\View\\Middleware\\ShareErrorsFromSession->handle(Object(Illuminate\\Http\\Request), Object(Closure))
#15 C:\\Users\\GeiPis\\Desktop\\IFSP\\2025\\2\\Programacao Dinamica para Web\\projeto-laravel-spopweb\\mvc-cervejas\\vendor\\laravel\\framework\\src\\Illuminate\\Session\\Middleware\\StartSession.php(121): Illuminate\\Pipeline\\Pipeline->{closure:{closure:Illuminate\\Pipeline\\Pipeline::carry():184}:185}(Object(Illuminate\\Http\\Request))
#16 C:\\Users\\GeiPis\\Desktop\\IFSP\\2025\\2\\Programacao Dinamica para Web\\projeto-laravel-spopweb\\mvc-cervejas\\vendor\\laravel\\framework\\src\\Illuminate\\Session\\Middleware\\StartSession.php(64): Illuminate\\Session\\Middleware\\StartSession->handleStatefulRequest(Object(Illuminate\\Http\\Request), Object(Illuminate\\Session\\Store), Object(Closure))
#17 C:\\Users\\GeiPis\\Desktop\\IFSP\\2025\\2\\Programacao Dinamica para Web\\projeto-laravel-spopweb\\mvc-cervejas\\vendor\\laravel\\framework\\src\\Illuminate\\Pipeline\\Pipeline.php(209): Illuminate\\Session\\Middleware\\StartSession->handle(Object(Illuminate\\Http\\Request), Object(Closure))
#18 C:\\Users\\GeiPis\\Desktop\\IFSP\\2025\\2\\Programacao Dinamica para Web\\projeto-laravel-spopweb\\mvc-cervejas\\vendor\\laravel\\framework\\src\\Illuminate\\Cookie\\Middleware\\AddQueuedCookiesToResponse.php(37): Illuminate\\Pipeline\\Pipeline->{closure:{closure:Illuminate\\Pipeline\\Pipeline::carry():184}:185}(Object(Illuminate\\Http\\Request))
#19 C:\\Users\\GeiPis\\Desktop\\IFSP\\2025\\2\\Programacao Dinamica para Web\\projeto-laravel-spopweb\\mvc-cervejas\\vendor\\laravel\\framework\\src\\Illuminate\\Pipeline\\Pipeline.php(209): Illuminate\\Cookie\\Middleware\\AddQueuedCookiesToResponse->handle(Object(Illuminate\\Http\\Request), Object(Closure))
#20 C:\\Users\\GeiPis\\Desktop\\IFSP\\2025\\2\\Programacao Dinamica para Web\\projeto-laravel-spopweb\\mvc-cervejas\\vendor\\laravel\\framework\\src\\Illuminate\\Cookie\\Middleware\\EncryptCookies.php(75): Illuminate\\Pipeline\\Pipeline->{closure:{closure:Illuminate\\Pipeline\\Pipeline::carry():184}:185}(Object(Illuminate\\Http\\Request))
#21 C:\\Users\\GeiPis\\Desktop\\IFSP\\2025\\2\\Programacao Dinamica para Web\\projeto-laravel-spopweb\\mvc-cervejas\\vendor\\laravel\\framework\\src\\Illuminate\\Pipeline\\Pipeline.php(209): Illuminate\\Cookie\\Middleware\\EncryptCookies->handle(Object(Illuminate\\Http\\Request), Object(Closure))
#22 C:\\Users\\GeiPis\\Desktop\\IFSP\\2025\\2\\Programacao Dinamica para Web\\projeto-laravel-spopweb\\mvc-cervejas\\vendor\\laravel\\framework\\src\\Illuminate\\Pipeline\\Pipeline.php(127): Illuminate\\Pipeline\\Pipeline->{closure:{closure:Illuminate\\Pipeline\\Pipeline::carry():184}:185}(Object(Illuminate\\Http\\Request))
#23 C:\\Users\\GeiPis\\Desktop\\IFSP\\2025\\2\\Programacao Dinamica para Web\\projeto-laravel-spopweb\\mvc-cervejas\\vendor\\laravel\\framework\\src\\Illuminate\\Routing\\Router.php(807): Illuminate\\Pipeline\\Pipeline->then(Object(Closure))
#24 C:\\Users\\GeiPis\\Desktop\\IFSP\\2025\\2\\Programacao Dinamica para Web\\projeto-laravel-spopweb\\mvc-cervejas\\vendor\\laravel\\framework\\src\\Illuminate\\Routing\\Router.php(786): Illuminate\\Routing\\Router->runRouteWithinStack(Object(Illuminate\\Routing\\Route), Object(Illuminate\\Http\\Request))
#25 C:\\Users\\GeiPis\\Desktop\\IFSP\\2025\\2\\Programacao Dinamica para Web\\projeto-laravel-spopweb\\mvc-cervejas\\vendor\\laravel\\framework\\src\\Illuminate\\Routing\\Router.php(750): Illuminate\\Routing\\Router->runRoute(Object(Illuminate\\Http\\Request), Object(Illuminate\\Routing\\Route))
#26 C:\\Users\\GeiPis\\Desktop\\IFSP\\2025\\2\\Programacao Dinamica para Web\\projeto-laravel-spopweb\\mvc-cervejas\\vendor\\laravel\\framework\\src\\Illuminate\\Routing\\Router.php(739): Illuminate\\Routing\\Router->dispatchToRoute(Object(Illuminate\\Http\\Request))
#27 C:\\Users\\GeiPis\\Desktop\\IFSP\\2025\\2\\Programacao Dinamica para Web\\projeto-laravel-spopweb\\mvc-cervejas\\vendor\\laravel\\framework\\src\\Illuminate\\Foundation\\Http\\Kernel.php(201): Illuminate\\Routing\\Router->dispatch(Object(Illuminate\\Http\\Request))
#28 C:\\Users\\GeiPis\\Desktop\\IFSP\\2025\\2\\Programacao Dinamica para Web\\projeto-laravel-spopweb\\mvc-cervejas\\vendor\\laravel\\framework\\src\\Illuminate\\Pipeline\\Pipeline.php(170): Illuminate\\Foundation\\Http\\Kernel->{closure:Illuminate\\Foundation\\Http\\Kernel::dispatchToRouter():198}(Object(Illuminate\\Http\\Request))
#29 C:\\Users\\GeiPis\\Desktop\\IFSP\\2025\\2\\Programacao Dinamica para Web\\projeto-laravel-spopweb\\mvc-cervejas\\vendor\\laravel\\framework\\src\\Illuminate\\Foundation\\Http\\Middleware\\TransformsRequest.php(21): Illuminate\\Pipeline\\Pipeline->{closure:Illuminate\\Pipeline\\Pipeline::prepareDestination():168}(Object(Illuminate\\Http\\Request))
#30 C:\\Users\\GeiPis\\Desktop\\IFSP\\2025\\2\\Programacao Dinamica para Web\\projeto-laravel-spopweb\\mvc-cervejas\\vendor\\laravel\\framework\\src\\Illuminate\\Foundation\\Http\\Middleware\\ConvertEmptyStringsToNull.php(31): Illuminate\\Foundation\\Http\\Middleware\\TransformsRequest->handle(Object(Illuminate\\Http\\Request), Object(Closure))
#31 C:\\Users\\GeiPis\\Desktop\\IFSP\\2025\\2\\Programacao Dinamica para Web\\projeto-laravel-spopweb\\mvc-cervejas\\vendor\\laravel\\framework\\src\\Illuminate\\Pipeline\\Pipeline.php(209): Illuminate\\Foundation\\Http\\Middleware\\ConvertEmptyStringsToNull->handle(Object(Illuminate\\Http\\Request), Object(Closure))
#32 C:\\Users\\GeiPis\\Desktop\\IFSP\\2025\\2\\Programacao Dinamica para Web\\projeto-laravel-spopweb\\mvc-cervejas\\vendor\\laravel\\framework\\src\\Illuminate\\Foundation\\Http\\Middleware\\TransformsRequest.php(21): Illuminate\\Pipeline\\Pipeline->{closure:{closure:Illuminate\\Pipeline\\Pipeline::carry():184}:185}(Object(Illuminate\\Http\\Request))
#33 C:\\Users\\GeiPis\\Desktop\\IFSP\\2025\\2\\Programacao Dinamica para Web\\projeto-laravel-spopweb\\mvc-cervejas\\vendor\\laravel\\framework\\src\\Illuminate\\Foundation\\Http\\Middleware\\TrimStrings.php(51): Illuminate\\Foundation\\Http\\Middleware\\TransformsRequest->handle(Object(Illuminate\\Http\\Request), Object(Closure))
#34 C:\\Users\\GeiPis\\Desktop\\IFSP\\2025\\2\\Programacao Dinamica para Web\\projeto-laravel-spopweb\\mvc-cervejas\\vendor\\laravel\\framework\\src\\Illuminate\\Pipeline\\Pipeline.php(209): Illuminate\\Foundation\\Http\\Middleware\\TrimStrings->handle(Object(Illuminate\\Http\\Request), Object(Closure))
#35 C:\\Users\\GeiPis\\Desktop\\IFSP\\2025\\2\\Programacao Dinamica para Web\\projeto-laravel-spopweb\\mvc-cervejas\\vendor\\laravel\\framework\\src\\Illuminate\\Http\\Middleware\\ValidatePostSize.php(27): Illuminate\\Pipeline\\Pipeline->{closure:{closure:Illuminate\\Pipeline\\Pipeline::carry():184}:185}(Object(Illuminate\\Http\\Request))
#36 C:\\Users\\GeiPis\\Desktop\\IFSP\\2025\\2\\Programacao Dinamica para Web\\projeto-laravel-spopweb\\mvc-cervejas\\vendor\\laravel\\framework\\src\\Illuminate\\Pipeline\\Pipeline.php(209): Illuminate\\Http\\Middleware\\ValidatePostSize->handle(Object(Illuminate\\Http\\Request), Object(Closure))
#37 C:\\Users\\GeiPis\\Desktop\\IFSP\\2025\\2\\Programacao Dinamica para Web\\projeto-laravel-spopweb\\mvc-cervejas\\vendor\\laravel\\framework\\src\\Illuminate\\Foundation\\Http\\Middleware\\PreventRequestsDuringMaintenance.php(110): Illuminate\\Pipeline\\Pipeline->{closure:{closure:Illuminate\\Pipeline\\Pipeline::carry():184}:185}(Object(Illuminate\\Http\\Request))
#38 C:\\Users\\GeiPis\\Desktop\\IFSP\\2025\\2\\Programacao Dinamica para Web\\projeto-laravel-spopweb\\mvc-cervejas\\vendor\\laravel\\framework\\src\\Illuminate\\Pipeline\\Pipeline.php(209): Illuminate\\Foundation\\Http\\Middleware\\PreventRequestsDuringMaintenance->handle(Object(Illuminate\\Http\\Request), Object(Closure))
#39 C:\\Users\\GeiPis\\Desktop\\IFSP\\2025\\2\\Programacao Dinamica para Web\\projeto-laravel-spopweb\\mvc-cervejas\\vendor\\laravel\\framework\\src\\Illuminate\\Http\\Middleware\\HandleCors.php(49): Illuminate\\Pipeline\\Pipeline->{closure:{closure:Illuminate\\Pipeline\\Pipeline::carry():184}:185}(Object(Illuminate\\Http\\Request))
#40 C:\\Users\\GeiPis\\Desktop\\IFSP\\2025\\2\\Programacao Dinamica para Web\\projeto-laravel-spopweb\\mvc-cervejas\\vendor\\laravel\\framework\\src\\Illuminate\\Pipeline\\Pipeline.php(209): Illuminate\\Http\\Middleware\\HandleCors->handle(Object(Illuminate\\Http\\Request), Object(Closure))
#41 C:\\Users\\GeiPis\\Desktop\\IFSP\\2025\\2\\Programacao Dinamica para Web\\projeto-laravel-spopweb\\mvc-cervejas\\vendor\\laravel\\framework\\src\\Illuminate\\Http\\Middleware\\TrustProxies.php(58): Illuminate\\Pipeline\\Pipeline->{closure:{closure:Illuminate\\Pipeline\\Pipeline::carry():184}:185}(Object(Illuminate\\Http\\Request))
#42 C:\\Users\\GeiPis\\Desktop\\IFSP\\2025\\2\\Programacao Dinamica para Web\\projeto-laravel-spopweb\\mvc-cervejas\\vendor\\laravel\\framework\\src\\Illuminate\\Pipeline\\Pipeline.php(209): Illuminate\\Http\\Middleware\\TrustProxies->handle(Object(Illuminate\\Http\\Request), Object(Closure))
#43 C:\\Users\\GeiPis\\Desktop\\IFSP\\2025\\2\\Programacao Dinamica para Web\\projeto-laravel-spopweb\\mvc-cervejas\\vendor\\laravel\\framework\\src\\Illuminate\\Foundation\\Http\\Middleware\\InvokeDeferredCallbacks.php(22): Illuminate\\Pipeline\\Pipeline->{closure:{closure:Illuminate\\Pipeline\\Pipeline::carry():184}:185}(Object(Illuminate\\Http\\Request))
#44 C:\\Users\\GeiPis\\Desktop\\IFSP\\2025\\2\\Programacao Dinamica para Web\\projeto-laravel-spopweb\\mvc-cervejas\\vendor\\laravel\\framework\\src\\Illuminate\\Pipeline\\Pipeline.php(209): Illuminate\\Foundation\\Http\\Middleware\\InvokeDeferredCallbacks->handle(Object(Illuminate\\Http\\Request), Object(Closure))
#45 C:\\Users\\GeiPis\\Desktop\\IFSP\\2025\\2\\Programacao Dinamica para Web\\projeto-laravel-spopweb\\mvc-cervejas\\vendor\\laravel\\framework\\src\\Illuminate\\Pipeline\\Pipeline.php(127): Illuminate\\Pipeline\\Pipeline->{closure:{closure:Illuminate\\Pipeline\\Pipeline::carry():184}:185}(Object(Illuminate\\Http\\Request))
#46 C:\\Users\\GeiPis\\Desktop\\IFSP\\2025\\2\\Programacao Dinamica para Web\\projeto-laravel-spopweb\\mvc-cervejas\\vendor\\laravel\\framework\\src\\Illuminate\\Foundation\\Http\\Kernel.php(176): Illuminate\\Pipeline\\Pipeline->then(Object(Closure))
#47 C:\\Users\\GeiPis\\Desktop\\IFSP\\2025\\2\\Programacao Dinamica para Web\\projeto-laravel-spopweb\\mvc-cervejas\\vendor\\laravel\\framework\\src\\Illuminate\\Foundation\\Http\\Kernel.php(145): Illuminate\\Foundation\\Http\\Kernel->sendRequestThroughRouter(Object(Illuminate\\Http\\Request))
#48 C:\\Users\\GeiPis\\Desktop\\IFSP\\2025\\2\\Programacao Dinamica para Web\\projeto-laravel-spopweb\\mvc-cervejas\\vendor\\laravel\\framework\\src\\Illuminate\\Foundation\\Application.php(1220): Illuminate\\Foundation\\Http\\Kernel->handle(Object(Illuminate\\Http\\Request))
#49 C:\\Users\\GeiPis\\Desktop\\IFSP\\2025\\2\\Programacao Dinamica para Web\\projeto-laravel-spopweb\\mvc-cervejas\\public\\index.php(17): Illuminate\\Foundation\\Application->handleRequest(Object(Illuminate\\Http\\Request))
#50 C:\\Users\\GeiPis\\Desktop\\IFSP\\2025\\2\\Programacao Dinamica para Web\\projeto-laravel-spopweb\\mvc-cervejas\\vendor\\laravel\\framework\\src\\Illuminate\\Foundation\\resources\\server.php(23): require_once('C:\\\\Users\\\\GeiPis...')
#51 {main}
"} 
[2025-11-28 02:14:49] local.ERROR: SQLSTATE[HY000]: General error: 1 no such table: cervejas (Connection: sqlite, SQL: insert into "cervejas" ("name", "brand", "artesanal", "embalagem", "style", "ibu", "abv", "descricao", "updated_at", "created_at") values (Lokal Bier, Grupo Petrópolis, 0, garrafa, Pilsen, 8, 4.7, A Lokal Bier é uma cerveja leve, refrescante e saborosa. Produzida com ingredientes selecionados e rigoroso controle de qualidade, é a pedida ideal para acompanhar churrascos, petiscos fritos e reunir a galera, oferecendo um ótimo custo-benefício.
Harmoniza bem com amendoim, batata frita, queijo coalho e carnes grelhadas leves., 2025-11-28 02:14:49, 2025-11-28 02:14:49)) {"userId":1,"exception":"[object] (Illuminate\\Database\\QueryException(code: HY000): SQLSTATE[HY000]: General error: 1 no such table: cervejas (Connection: sqlite, SQL: insert into \"cervejas\" (\"name\", \"brand\", \"artesanal\", \"embalagem\", \"style\", \"ibu\", \"abv\", \"descricao\", \"updated_at\", \"created_at\") values (Lokal Bier, Grupo Petrópolis, 0, garrafa, Pilsen, 8, 4.7, A Lokal Bier é uma cerveja leve, refrescante e saborosa. Produzida com ingredientes selecionados e rigoroso controle de qualidade, é a pedida ideal para acompanhar churrascos, petiscos fritos e reunir a galera, oferecendo um ótimo custo-benefício.

Harmoniza bem com amendoim, batata frita, queijo coalho e carnes grelhadas leves., 2025-11-28 02:14:49, 2025-11-28 02:14:49)) at C:\\Users\\GeiPis\\Desktop\\IFSP\\2025\\2\\Programacao Dinamica para Web\\projeto-laravel-spopweb\\mvc-cervejas\\vendor\\laravel\\framework\\src\\Illuminate\\Database\\Connection.php:825)
[stacktrace]
#0 C:\\Users\\GeiPis\\Desktop\\IFSP\\2025\\2\\Programacao Dinamica para Web\\projeto-laravel-spopweb\\mvc-cervejas\\vendor\\laravel\\framework\\src\\Illuminate\\Database\\Connection.php(779): Illuminate\\Database\\Connection->runQueryCallback('insert into \"ce...', Array, Object(Closure))
#1 C:\\Users\\GeiPis\\Desktop\\IFSP\\2025\\2\\Programacao Dinamica para Web\\projeto-laravel-spopweb\\mvc-cervejas\\vendor\\laravel\\framework\\src\\Illuminate\\Database\\Connection.php(560): Illuminate\\Database\\Connection->run('insert into \"ce...', Array, Object(Closure))
#2 C:\\Users\\GeiPis\\Desktop\\IFSP\\2025\\2\\Programacao Dinamica para Web\\projeto-laravel-spopweb\\mvc-cervejas\\vendor\\laravel\\framework\\src\\Illuminate\\Database\\Connection.php(524): Illuminate\\Database\\Connection->statement('insert into \"ce...', Array)
#3 C:\\Users\\GeiPis\\Desktop\\IFSP\\2025\\2\\Programacao Dinamica para Web\\projeto-laravel-spopweb\\mvc-cervejas\\vendor\\laravel\\framework\\src\\Illuminate\\Database\\Query\\Processors\\Processor.php(32): Illuminate\\Database\\Connection->insert('insert into \"ce...', Array)
#4 C:\\Users\\GeiPis\\Desktop\\IFSP\\2025\\2\\Programacao Dinamica para Web\\projeto-laravel-spopweb\\mvc-cervejas\\vendor\\laravel\\framework\\src\\Illuminate\\Database\\Query\\Builder.php(3766): Illuminate\\Database\\Query\\Processors\\Processor->processInsertGetId(Object(Illuminate\\Database\\Query\\Builder), 'insert into \"ce...', Array, 'id')
#5 C:\\Users\\GeiPis\\Desktop\\IFSP\\2025\\2\\Programacao Dinamica para Web\\projeto-laravel-spopweb\\mvc-cervejas\\vendor\\laravel\\framework\\src\\Illuminate\\Database\\Eloquent\\Builder.php(2120): Illuminate\\Database\\Query\\Builder->insertGetId(Array, 'id')
#6 C:\\Users\\GeiPis\\Desktop\\IFSP\\2025\\2\\Programacao Dinamica para Web\\projeto-laravel-spopweb\\mvc-cervejas\\vendor\\laravel\\framework\\src\\Illuminate\\Database\\Eloquent\\Model.php(1359): Illuminate\\Database\\Eloquent\\Builder->__call('insertGetId', Array)
#7 C:\\Users\\GeiPis\\Desktop\\IFSP\\2025\\2\\Programacao Dinamica para Web\\projeto-laravel-spopweb\\mvc-cervejas\\vendor\\laravel\\framework\\src\\Illuminate\\Database\\Eloquent\\Model.php(1324): Illuminate\\Database\\Eloquent\\Model->insertAndSetId(Object(Illuminate\\Database\\Eloquent\\Builder), Array)
#8 C:\\Users\\GeiPis\\Desktop\\IFSP\\2025\\2\\Programacao Dinamica para Web\\projeto-laravel-spopweb\\mvc-cervejas\\vendor\\laravel\\framework\\src\\Illuminate\\Database\\Eloquent\\Model.php(1163): Illuminate\\Database\\Eloquent\\Model->performInsert(Object(Illuminate\\Database\\Eloquent\\Builder))
#9 C:\\Users\\GeiPis\\Desktop\\IFSP\\2025\\2\\Programacao Dinamica para Web\\projeto-laravel-spopweb\\mvc-cervejas\\app\\Http\\Controllers\\CadastrarController.php(72): Illuminate\\Database\\Eloquent\\Model->save()
#10 C:\\Users\\GeiPis\\Desktop\\IFSP\\2025\\2\\Programacao Dinamica para Web\\projeto-laravel-spopweb\\mvc-cervejas\\vendor\\laravel\\framework\\src\\Illuminate\\Routing\\ControllerDispatcher.php(47): App\\Http\\Controllers\\CadastrarController->salvar(Object(Illuminate\\Http\\Request))
#11 C:\\Users\\GeiPis\\Desktop\\IFSP\\2025\\2\\Programacao Dinamica para Web\\projeto-laravel-spopweb\\mvc-cervejas\\vendor\\laravel\\framework\\src\\Illuminate\\Routing\\Route.php(266): Illuminate\\Routing\\ControllerDispatcher->dispatch(Object(Illuminate\\Routing\\Route), Object(App\\Http\\Controllers\\CadastrarController), 'salvar')
#12 C:\\Users\\GeiPis\\Desktop\\IFSP\\2025\\2\\Programacao Dinamica para Web\\projeto-laravel-spopweb\\mvc-cervejas\\vendor\\laravel\\framework\\src\\Illuminate\\Routing\\Route.php(212): Illuminate\\Routing\\Route->runController()
#13 C:\\Users\\GeiPis\\Desktop\\IFSP\\2025\\2\\Programacao Dinamica para Web\\projeto-laravel-spopweb\\mvc-cervejas\\vendor\\laravel\\framework\\src\\Illuminate\\Routing\\Router.php(808): Illuminate\\Routing\\Route->run()
#14 C:\\Users\\GeiPis\\Desktop\\IFSP\\2025\\2\\Programacao Dinamica para Web\\projeto-laravel-spopweb\\mvc-cervejas\\vendor\\laravel\\framework\\src\\Illuminate\\Pipeline\\Pipeline.php(170): Illuminate\\Routing\\Router->{closure:Illuminate\\Routing\\Router::runRouteWithinStack():807}(Object(Illuminate\\Http\\Request))
#15 C:\\Users\\GeiPis\\Desktop\\IFSP\\2025\\2\\Programacao Dinamica para Web\\projeto-laravel-spopweb\\mvc-cervejas\\vendor\\laravel\\framework\\src\\Illuminate\\Auth\\Middleware\\EnsureEmailIsVerified.php(41): Illuminate\\Pipeline\\Pipeline->{closure:Illuminate\\Pipeline\\Pipeline::prepareDestination():168}(Object(Illuminate\\Http\\Request))
#16 C:\\Users\\GeiPis\\Desktop\\IFSP\\2025\\2\\Programacao Dinamica para Web\\projeto-laravel-spopweb\\mvc-cervejas\\vendor\\laravel\\framework\\src\\Illuminate\\Pipeline\\Pipeline.php(209): Illuminate\\Auth\\Middleware\\EnsureEmailIsVerified->handle(Object(Illuminate\\Http\\Request), Object(Closure))
#17 C:\\Users\\GeiPis\\Desktop\\IFSP\\2025\\2\\Programacao Dinamica para Web\\projeto-laravel-spopweb\\mvc-cervejas\\vendor\\laravel\\framework\\src\\Illuminate\\Routing\\Middleware\\SubstituteBindings.php(51): Illuminate\\Pipeline\\Pipeline->{closure:{closure:Illuminate\\Pipeline\\Pipeline::carry():184}:185}(Object(Illuminate\\Http\\Request))
#18 C:\\Users\\GeiPis\\Desktop\\IFSP\\2025\\2\\Programacao Dinamica para Web\\projeto-laravel-spopweb\\mvc-cervejas\\vendor\\laravel\\framework\\src\\Illuminate\\Pipeline\\Pipeline.php(209): Illuminate\\Routing\\Middleware\\SubstituteBindings->handle(Object(Illuminate\\Http\\Request), Object(Closure))
#19 C:\\Users\\GeiPis\\Desktop\\IFSP\\2025\\2\\Programacao Dinamica para Web\\projeto-laravel-spopweb\\mvc-cervejas\\vendor\\laravel\\framework\\src\\Illuminate\\Auth\\Middleware\\Authenticate.php(64): Illuminate\\Pipeline\\Pipeline->{closure:{closure:Illuminate\\Pipeline\\Pipeline::carry():184}:185}(Object(Illuminate\\Http\\Request))
#20 C:\\Users\\GeiPis\\Desktop\\IFSP\\2025\\2\\Programacao Dinamica para Web\\projeto-laravel-spopweb\\mvc-cervejas\\vendor\\laravel\\framework\\src\\Illuminate\\Pipeline\\Pipeline.php(209): Illuminate\\Auth\\Middleware\\Authenticate->handle(Object(Illuminate\\Http\\Request), Object(Closure))
#21 C:\\Users\\GeiPis\\Desktop\\IFSP\\2025\\2\\Programacao Dinamica para Web\\projeto-laravel-spopweb\\mvc-cervejas\\vendor\\laravel\\framework\\src\\Illuminate\\Foundation\\Http\\Middleware\\VerifyCsrfToken.php(88): Illuminate\\Pipeline\\Pipeline->{closure:{closure:Illuminate\\Pipeline\\Pipeline::carry():184}:185}(Object(Illuminate\\Http\\Request))
#22 C:\\Users\\GeiPis\\Desktop\\IFSP\\2025\\2\\Programacao Dinamica para Web\\projeto-laravel-spopweb\\mvc-cervejas\\vendor\\laravel\\framework\\src\\Illuminate\\Pipeline\\Pipeline.php(209): Illuminate\\Foundation\\Http\\Middleware\\VerifyCsrfToken->handle(Object(Illuminate\\Http\\Request), Object(Closure))
#23 C:\\Users\\GeiPis\\Desktop\\IFSP\\2025\\2\\Programacao Dinamica para Web\\projeto-laravel-spopweb\\mvc-cervejas\\vendor\\laravel\\framework\\src\\Illuminate\\View\\Middleware\\ShareErrorsFromSession.php(49): Illuminate\\Pipeline\\Pipeline->{closure:{closure:Illuminate\\Pipeline\\Pipeline::carry():184}:185}(Object(Illuminate\\Http\\Request))
#24 C:\\Users\\GeiPis\\Desktop\\IFSP\\2025\\2\\Programacao Dinamica para Web\\projeto-laravel-spopweb\\mvc-cervejas\\vendor\\laravel\\framework\\src\\Illuminate\\Pipeline\\Pipeline.php(209): Illuminate\\View\\Middleware\\ShareErrorsFromSession->handle(Object(Illuminate\\Http\\Request), Object(Closure))
#25 C:\\Users\\GeiPis\\Desktop\\IFSP\\2025\\2\\Programacao Dinamica para Web\\projeto-laravel-spopweb\\mvc-cervejas\\vendor\\laravel\\framework\\src\\Illuminate\\Session\\Middleware\\StartSession.php(121): Illuminate\\Pipeline\\Pipeline->{closure:{closure:Illuminate\\Pipeline\\Pipeline::carry():184}:185}(Object(Illuminate\\Http\\Request))
#26 C:\\Users\\GeiPis\\Desktop\\IFSP\\2025\\2\\Programacao Dinamica para Web\\projeto-laravel-spopweb\\mvc-cervejas\\vendor\\laravel\\framework\\src\\Illuminate\\Session\\Middleware\\StartSession.php(64): Illuminate\\Session\\Middleware\\StartSession->handleStatefulRequest(Object(Illuminate\\Http\\Request), Object(Illuminate\\Session\\Store), Object(Closure))
#27 C:\\Users\\GeiPis\\Desktop\\IFSP\\2025\\2\\Programacao Dinamica para Web\\projeto-laravel-spopweb\\mvc-cervejas\\vendor\\laravel\\framework\\src\\Illuminate\\Pipeline\\Pipeline.php(209): Illuminate\\Session\\Middleware\\StartSession->handle(Object(Illuminate\\Http\\Request), Object(Closure))
#28 C:\\Users\\GeiPis\\Desktop\\IFSP\\2025\\2\\Programacao Dinamica para Web\\projeto-laravel-spopweb\\mvc-cervejas\\vendor\\laravel\\framework\\src\\Illuminate\\Cookie\\Middleware\\AddQueuedCookiesToResponse.php(37): Illuminate\\Pipeline\\Pipeline->{closure:{closure:Illuminate\\Pipeline\\Pipeline::carry():184}:185}(Object(Illuminate\\Http\\Request))
#29 C:\\Users\\GeiPis\\Desktop\\IFSP\\2025\\2\\Programacao Dinamica para Web\\projeto-laravel-spopweb\\mvc-cervejas\\vendor\\laravel\\framework\\src\\Illuminate\\Pipeline\\Pipeline.php(209): Illuminate\\Cookie\\Middleware\\AddQueuedCookiesToResponse->handle(Object(Illuminate\\Http\\Request), Object(Closure))
#30 C:\\Users\\GeiPis\\Desktop\\IFSP\\2025\\2\\Programacao Dinamica para Web\\projeto-laravel-spopweb\\mvc-cervejas\\vendor\\laravel\\framework\\src\\Illuminate\\Cookie\\Middleware\\EncryptCookies.php(75): Illuminate\\Pipeline\\Pipeline->{closure:{closure:Illuminate\\Pipeline\\Pipeline::carry():184}:185}(Object(Illuminate\\Http\\Request))
#31 C:\\Users\\GeiPis\\Desktop\\IFSP\\2025\\2\\Programacao Dinamica para Web\\projeto-laravel-spopweb\\mvc-cervejas\\vendor\\laravel\\framework\\src\\Illuminate\\Pipeline\\Pipeline.php(209): Illuminate\\Cookie\\Middleware\\EncryptCookies->handle(Object(Illuminate\\Http\\Request), Object(Closure))
#32 C:\\Users\\GeiPis\\Desktop\\IFSP\\2025\\2\\Programacao Dinamica para Web\\projeto-laravel-spopweb\\mvc-cervejas\\vendor\\laravel\\framework\\src\\Illuminate\\Pipeline\\Pipeline.php(127): Illuminate\\Pipeline\\Pipeline->{closure:{closure:Illuminate\\Pipeline\\Pipeline::carry():184}:185}(Object(Illuminate\\Http\\Request))
#33 C:\\Users\\GeiPis\\Desktop\\IFSP\\2025\\2\\Programacao Dinamica para Web\\projeto-laravel-spopweb\\mvc-cervejas\\vendor\\laravel\\framework\\src\\Illuminate\\Routing\\Router.php(807): Illuminate\\Pipeline\\Pipeline->then(Object(Closure))
#34 C:\\Users\\GeiPis\\Desktop\\IFSP\\2025\\2\\Programacao Dinamica para Web\\projeto-laravel-spopweb\\mvc-cervejas\\vendor\\laravel\\framework\\src\\Illuminate\\Routing\\Router.php(786): Illuminate\\Routing\\Router->runRouteWithinStack(Object(Illuminate\\Routing\\Route), Object(Illuminate\\Http\\Request))
#35 C:\\Users\\GeiPis\\Desktop\\IFSP\\2025\\2\\Programacao Dinamica para Web\\projeto-laravel-spopweb\\mvc-cervejas\\vendor\\laravel\\framework\\src\\Illuminate\\Routing\\Router.php(750): Illuminate\\Routing\\Router->runRoute(Object(Illuminate\\Http\\Request), Object(Illuminate\\Routing\\Route))
#36 C:\\Users\\GeiPis\\Desktop\\IFSP\\2025\\2\\Programacao Dinamica para Web\\projeto-laravel-spopweb\\mvc-cervejas\\vendor\\laravel\\framework\\src\\Illuminate\\Routing\\Router.php(739): Illuminate\\Routing\\Router->dispatchToRoute(Object(Illuminate\\Http\\Request))
#37 C:\\Users\\GeiPis\\Desktop\\IFSP\\2025\\2\\Programacao Dinamica para Web\\projeto-laravel-spopweb\\mvc-cervejas\\vendor\\laravel\\framework\\src\\Illuminate\\Foundation\\Http\\Kernel.php(201): Illuminate\\Routing\\Router->dispatch(Object(Illuminate\\Http\\Request))
#38 C:\\Users\\GeiPis\\Desktop\\IFSP\\2025\\2\\Programacao Dinamica para Web\\projeto-laravel-spopweb\\mvc-cervejas\\vendor\\laravel\\framework\\src\\Illuminate\\Pipeline\\Pipeline.php(170): Illuminate\\Foundation\\Http\\Kernel->{closure:Illuminate\\Foundation\\Http\\Kernel::dispatchToRouter():198}(Object(Illuminate\\Http\\Request))
#39 C:\\Users\\GeiPis\\Desktop\\IFSP\\2025\\2\\Programacao Dinamica para Web\\projeto-laravel-spopweb\\mvc-cervejas\\vendor\\laravel\\framework\\src\\Illuminate\\Foundation\\Http\\Middleware\\TransformsRequest.php(21): Illuminate\\Pipeline\\Pipeline->{closure:Illuminate\\Pipeline\\Pipeline::prepareDestination():168}(Object(Illuminate\\Http\\Request))
#40 C:\\Users\\GeiPis\\Desktop\\IFSP\\2025\\2\\Programacao Dinamica para Web\\projeto-laravel-spopweb\\mvc-cervejas\\vendor\\laravel\\framework\\src\\Illuminate\\Foundation\\Http\\Middleware\\ConvertEmptyStringsToNull.php(31): Illuminate\\Foundation\\Http\\Middleware\\TransformsRequest->handle(Object(Illuminate\\Http\\Request), Object(Closure))
#41 C:\\Users\\GeiPis\\Desktop\\IFSP\\2025\\2\\Programacao Dinamica para Web\\projeto-laravel-spopweb\\mvc-cervejas\\vendor\\laravel\\framework\\src\\Illuminate\\Pipeline\\Pipeline.php(209): Illuminate\\Foundation\\Http\\Middleware\\ConvertEmptyStringsToNull->handle(Object(Illuminate\\Http\\Request), Object(Closure))
#42 C:\\Users\\GeiPis\\Desktop\\IFSP\\2025\\2\\Programacao Dinamica para Web\\projeto-laravel-spopweb\\mvc-cervejas\\vendor\\laravel\\framework\\src\\Illuminate\\Foundation\\Http\\Middleware\\TransformsRequest.php(21): Illuminate\\Pipeline\\Pipeline->{closure:{closure:Illuminate\\Pipeline\\Pipeline::carry():184}:185}(Object(Illuminate\\Http\\Request))
#43 C:\\Users\\GeiPis\\Desktop\\IFSP\\2025\\2\\Programacao Dinamica para Web\\projeto-laravel-spopweb\\mvc-cervejas\\vendor\\laravel\\framework\\src\\Illuminate\\Foundation\\Http\\Middleware\\TrimStrings.php(51): Illuminate\\Foundation\\Http\\Middleware\\TransformsRequest->handle(Object(Illuminate\\Http\\Request), Object(Closure))
#44 C:\\Users\\GeiPis\\Desktop\\IFSP\\2025\\2\\Programacao Dinamica para Web\\projeto-laravel-spopweb\\mvc-cervejas\\vendor\\laravel\\framework\\src\\Illuminate\\Pipeline\\Pipeline.php(209): Illuminate\\Foundation\\Http\\Middleware\\TrimStrings->handle(Object(Illuminate\\Http\\Request), Object(Closure))
#45 C:\\Users\\GeiPis\\Desktop\\IFSP\\2025\\2\\Programacao Dinamica para Web\\projeto-laravel-spopweb\\mvc-cervejas\\vendor\\laravel\\framework\\src\\Illuminate\\Http\\Middleware\\ValidatePostSize.php(27): Illuminate\\Pipeline\\Pipeline->{closure:{closure:Illuminate\\Pipeline\\Pipeline::carry():184}:185}(Object(Illuminate\\Http\\Request))
#46 C:\\Users\\GeiPis\\Desktop\\IFSP\\2025\\2\\Programacao Dinamica para Web\\projeto-laravel-spopweb\\mvc-cervejas\\vendor\\laravel\\framework\\src\\Illuminate\\Pipeline\\Pipeline.php(209): Illuminate\\Http\\Middleware\\ValidatePostSize->handle(Object(Illuminate\\Http\\Request), Object(Closure))
#47 C:\\Users\\GeiPis\\Desktop\\IFSP\\2025\\2\\Programacao Dinamica para Web\\projeto-laravel-spopweb\\mvc-cervejas\\vendor\\laravel\\framework\\src\\Illuminate\\Foundation\\Http\\Middleware\\PreventRequestsDuringMaintenance.php(110): Illuminate\\Pipeline\\Pipeline->{closure:{closure:Illuminate\\Pipeline\\Pipeline::carry():184}:185}(Object(Illuminate\\Http\\Request))
#48 C:\\Users\\GeiPis\\Desktop\\IFSP\\2025\\2\\Programacao Dinamica para Web\\projeto-laravel-spopweb\\mvc-cervejas\\vendor\\laravel\\framework\\src\\Illuminate\\Pipeline\\Pipeline.php(209): Illuminate\\Foundation\\Http\\Middleware\\PreventRequestsDuringMaintenance->handle(Object(Illuminate\\Http\\Request), Object(Closure))
#49 C:\\Users\\GeiPis\\Desktop\\IFSP\\2025\\2\\Programacao Dinamica para Web\\projeto-laravel-spopweb\\mvc-cervejas\\vendor\\laravel\\framework\\src\\Illuminate\\Http\\Middleware\\HandleCors.php(49): Illuminate\\Pipeline\\Pipeline->{closure:{closure:Illuminate\\Pipeline\\Pipeline::carry():184}:185}(Object(Illuminate\\Http\\Request))
#50 C:\\Users\\GeiPis\\Desktop\\IFSP\\2025\\2\\Programacao Dinamica para Web\\projeto-laravel-spopweb\\mvc-cervejas\\vendor\\laravel\\framework\\src\\Illuminate\\Pipeline\\Pipeline.php(209): Illuminate\\Http\\Middleware\\HandleCors->handle(Object(Illuminate\\Http\\Request), Object(Closure))
#51 C:\\Users\\GeiPis\\Desktop\\IFSP\\2025\\2\\Programacao Dinamica para Web\\projeto-laravel-spopweb\\mvc-cervejas\\vendor\\laravel\\framework\\src\\Illuminate\\Http\\Middleware\\TrustProxies.php(58): Illuminate\\Pipeline\\Pipeline->{closure:{closure:Illuminate\\Pipeline\\Pipeline::carry():184}:185}(Object(Illuminate\\Http\\Request))
#52 C:\\Users\\GeiPis\\Desktop\\IFSP\\2025\\2\\Programacao Dinamica para Web\\projeto-laravel-spopweb\\mvc-cervejas\\vendor\\laravel\\framework\\src\\Illuminate\\Pipeline\\Pipeline.php(209): Illuminate\\Http\\Middleware\\TrustProxies->handle(Object(Illuminate\\Http\\Request), Object(Closure))
#53 C:\\Users\\GeiPis\\Desktop\\IFSP\\2025\\2\\Programacao Dinamica para Web\\projeto-laravel-spopweb\\mvc-cervejas\\vendor\\laravel\\framework\\src\\Illuminate\\Foundation\\Http\\Middleware\\InvokeDeferredCallbacks.php(22): Illuminate\\Pipeline\\Pipeline->{closure:{closure:Illuminate\\Pipeline\\Pipeline::carry():184}:185}(Object(Illuminate\\Http\\Request))
#54 C:\\Users\\GeiPis\\Desktop\\IFSP\\2025\\2\\Programacao Dinamica para Web\\projeto-laravel-spopweb\\mvc-cervejas\\vendor\\laravel\\framework\\src\\Illuminate\\Pipeline\\Pipeline.php(209): Illuminate\\Foundation\\Http\\Middleware\\InvokeDeferredCallbacks->handle(Object(Illuminate\\Http\\Request), Object(Closure))
#55 C:\\Users\\GeiPis\\Desktop\\IFSP\\2025\\2\\Programacao Dinamica para Web\\projeto-laravel-spopweb\\mvc-cervejas\\vendor\\laravel\\framework\\src\\Illuminate\\Pipeline\\Pipeline.php(127): Illuminate\\Pipeline\\Pipeline->{closure:{closure:Illuminate\\Pipeline\\Pipeline::carry():184}:185}(Object(Illuminate\\Http\\Request))
#56 C:\\Users\\GeiPis\\Desktop\\IFSP\\2025\\2\\Programacao Dinamica para Web\\projeto-laravel-spopweb\\mvc-cervejas\\vendor\\laravel\\framework\\src\\Illuminate\\Foundation\\Http\\Kernel.php(176): Illuminate\\Pipeline\\Pipeline->then(Object(Closure))
#57 C:\\Users\\GeiPis\\Desktop\\IFSP\\2025\\2\\Programacao Dinamica para Web\\projeto-laravel-spopweb\\mvc-cervejas\\vendor\\laravel\\framework\\src\\Illuminate\\Foundation\\Http\\Kernel.php(145): Illuminate\\Foundation\\Http\\Kernel->sendRequestThroughRouter(Object(Illuminate\\Http\\Request))
#58 C:\\Users\\GeiPis\\Desktop\\IFSP\\2025\\2\\Programacao Dinamica para Web\\projeto-laravel-spopweb\\mvc-cervejas\\vendor\\laravel\\framework\\src\\Illuminate\\Foundation\\Application.php(1220): Illuminate\\Foundation\\Http\\Kernel->handle(Object(Illuminate\\Http\\Request))
#59 C:\\Users\\GeiPis\\Desktop\\IFSP\\2025\\2\\Programacao Dinamica para Web\\projeto-laravel-spopweb\\mvc-cervejas\\public\\index.php(17): Illuminate\\Foundation\\Application->handleRequest(Object(Illuminate\\Http\\Request))
#60 C:\\Users\\GeiPis\\Desktop\\IFSP\\2025\\2\\Programacao Dinamica para Web\\projeto-laravel-spopweb\\mvc-cervejas\\vendor\\laravel\\framework\\src\\Illuminate\\Foundation\\resources\\server.php(23): require_once('C:\\\\Users\\\\GeiPis...')
#61 {main}

[previous exception] [object] (PDOException(code: HY000): SQLSTATE[HY000]: General error: 1 no such table: cervejas at C:\\Users\\GeiPis\\Desktop\\IFSP\\2025\\2\\Programacao Dinamica para Web\\projeto-laravel-spopweb\\mvc-cervejas\\vendor\\laravel\\framework\\src\\Illuminate\\Database\\Connection.php:565)
[stacktrace]
#0 C:\\Users\\GeiPis\\Desktop\\IFSP\\2025\\2\\Programacao Dinamica para Web\\projeto-laravel-spopweb\\mvc-cervejas\\vendor\\laravel\\framework\\src\\Illuminate\\Database\\Connection.php(565): PDO->prepare('insert into \"ce...')
#1 C:\\Users\\GeiPis\\Desktop\\IFSP\\2025\\2\\Programacao Dinamica para Web\\projeto-laravel-spopweb\\mvc-cervejas\\vendor\\laravel\\framework\\src\\Illuminate\\Database\\Connection.php(812): Illuminate\\Database\\Connection->{closure:Illuminate\\Database\\Connection::statement():560}('insert into \"ce...', Array)
#2 C:\\Users\\GeiPis\\Desktop\\IFSP\\2025\\2\\Programacao Dinamica para Web\\projeto-laravel-spopweb\\mvc-cervejas\\vendor\\laravel\\framework\\src\\Illuminate\\Database\\Connection.php(779): Illuminate\\Database\\Connection->runQueryCallback('insert into \"ce...', Array, Object(Closure))
#3 C:\\Users\\GeiPis\\Desktop\\IFSP\\2025\\2\\Programacao Dinamica para Web\\projeto-laravel-spopweb\\mvc-cervejas\\vendor\\laravel\\framework\\src\\Illuminate\\Database\\Connection.php(560): Illuminate\\Database\\Connection->run('insert into \"ce...', Array, Object(Closure))
#4 C:\\Users\\GeiPis\\Desktop\\IFSP\\2025\\2\\Programacao Dinamica para Web\\projeto-laravel-spopweb\\mvc-cervejas\\vendor\\laravel\\framework\\src\\Illuminate\\Database\\Connection.php(524): Illuminate\\Database\\Connection->statement('insert into \"ce...', Array)
#5 C:\\Users\\GeiPis\\Desktop\\IFSP\\2025\\2\\Programacao Dinamica para Web\\projeto-laravel-spopweb\\mvc-cervejas\\vendor\\laravel\\framework\\src\\Illuminate\\Database\\Query\\Processors\\Processor.php(32): Illuminate\\Database\\Connection->insert('insert into \"ce...', Array)
#6 C:\\Users\\GeiPis\\Desktop\\IFSP\\2025\\2\\Programacao Dinamica para Web\\projeto-laravel-spopweb\\mvc-cervejas\\vendor\\laravel\\framework\\src\\Illuminate\\Database\\Query\\Builder.php(3766): Illuminate\\Database\\Query\\Processors\\Processor->processInsertGetId(Object(Illuminate\\Database\\Query\\Builder), 'insert into \"ce...', Array, 'id')
#7 C:\\Users\\GeiPis\\Desktop\\IFSP\\2025\\2\\Programacao Dinamica para Web\\projeto-laravel-spopweb\\mvc-cervejas\\vendor\\laravel\\framework\\src\\Illuminate\\Database\\Eloquent\\Builder.php(2120): Illuminate\\Database\\Query\\Builder->insertGetId(Array, 'id')
#8 C:\\Users\\GeiPis\\Desktop\\IFSP\\2025\\2\\Programacao Dinamica para Web\\projeto-laravel-spopweb\\mvc-cervejas\\vendor\\laravel\\framework\\src\\Illuminate\\Database\\Eloquent\\Model.php(1359): Illuminate\\Database\\Eloquent\\Builder->__call('insertGetId', Array)
#9 C:\\Users\\GeiPis\\Desktop\\IFSP\\2025\\2\\Programacao Dinamica para Web\\projeto-laravel-spopweb\\mvc-cervejas\\vendor\\laravel\\framework\\src\\Illuminate\\Database\\Eloquent\\Model.php(1324): Illuminate\\Database\\Eloquent\\Model->insertAndSetId(Object(Illuminate\\Database\\Eloquent\\Builder), Array)
#10 C:\\Users\\GeiPis\\Desktop\\IFSP\\2025\\2\\Programacao Dinamica para Web\\projeto-laravel-spopweb\\mvc-cervejas\\vendor\\laravel\\framework\\src\\Illuminate\\Database\\Eloquent\\Model.php(1163): Illuminate\\Database\\Eloquent\\Model->performInsert(Object(Illuminate\\Database\\Eloquent\\Builder))
#11 C:\\Users\\GeiPis\\Desktop\\IFSP\\2025\\2\\Programacao Dinamica para Web\\projeto-laravel-spopweb\\mvc-cervejas\\app\\Http\\Controllers\\CadastrarController.php(72): Illuminate\\Database\\Eloquent\\Model->save()
#12 C:\\Users\\GeiPis\\Desktop\\IFSP\\2025\\2\\Programacao Dinamica para Web\\projeto-laravel-spopweb\\mvc-cervejas\\vendor\\laravel\\framework\\src\\Illuminate\\Routing\\ControllerDispatcher.php(47): App\\Http\\Controllers\\CadastrarController->salvar(Object(Illuminate\\Http\\Request))
#13 C:\\Users\\GeiPis\\Desktop\\IFSP\\2025\\2\\Programacao Dinamica para Web\\projeto-laravel-spopweb\\mvc-cervejas\\vendor\\laravel\\framework\\src\\Illuminate\\Routing\\Route.php(266): Illuminate\\Routing\\ControllerDispatcher->dispatch(Object(Illuminate\\Routing\\Route), Object(App\\Http\\Controllers\\CadastrarController), 'salvar')
#14 C:\\Users\\GeiPis\\Desktop\\IFSP\\2025\\2\\Programacao Dinamica para Web\\projeto-laravel-spopweb\\mvc-cervejas\\vendor\\laravel\\framework\\src\\Illuminate\\Routing\\Route.php(212): Illuminate\\Routing\\Route->runController()
#15 C:\\Users\\GeiPis\\Desktop\\IFSP\\2025\\2\\Programacao Dinamica para Web\\projeto-laravel-spopweb\\mvc-cervejas\\vendor\\laravel\\framework\\src\\Illuminate\\Routing\\Router.php(808): Illuminate\\Routing\\Route->run()
#16 C:\\Users\\GeiPis\\Desktop\\IFSP\\2025\\2\\Programacao Dinamica para Web\\projeto-laravel-spopweb\\mvc-cervejas\\vendor\\laravel\\framework\\src\\Illuminate\\Pipeline\\Pipeline.php(170): Illuminate\\Routing\\Router->{closure:Illuminate\\Routing\\Router::runRouteWithinStack():807}(Object(Illuminate\\Http\\Request))
#17 C:\\Users\\GeiPis\\Desktop\\IFSP\\2025\\2\\Programacao Dinamica para Web\\projeto-laravel-spopweb\\mvc-cervejas\\vendor\\laravel\\framework\\src\\Illuminate\\Auth\\Middleware\\EnsureEmailIsVerified.php(41): Illuminate\\Pipeline\\Pipeline->{closure:Illuminate\\Pipeline\\Pipeline::prepareDestination():168}(Object(Illuminate\\Http\\Request))
#18 C:\\Users\\GeiPis\\Desktop\\IFSP\\2025\\2\\Programacao Dinamica para Web\\projeto-laravel-spopweb\\mvc-cervejas\\vendor\\laravel\\framework\\src\\Illuminate\\Pipeline\\Pipeline.php(209): Illuminate\\Auth\\Middleware\\EnsureEmailIsVerified->handle(Object(Illuminate\\Http\\Request), Object(Closure))
#19 C:\\Users\\GeiPis\\Desktop\\IFSP\\2025\\2\\Programacao Dinamica para Web\\projeto-laravel-spopweb\\mvc-cervejas\\vendor\\laravel\\framework\\src\\Illuminate\\Routing\\Middleware\\SubstituteBindings.php(51): Illuminate\\Pipeline\\Pipeline->{closure:{closure:Illuminate\\Pipeline\\Pipeline::carry():184}:185}(Object(Illuminate\\Http\\Request))
#20 C:\\Users\\GeiPis\\Desktop\\IFSP\\2025\\2\\Programacao Dinamica para Web\\projeto-laravel-spopweb\\mvc-cervejas\\vendor\\laravel\\framework\\src\\Illuminate\\Pipeline\\Pipeline.php(209): Illuminate\\Routing\\Middleware\\SubstituteBindings->handle(Object(Illuminate\\Http\\Request), Object(Closure))
#21 C:\\Users\\GeiPis\\Desktop\\IFSP\\2025\\2\\Programacao Dinamica para Web\\projeto-laravel-spopweb\\mvc-cervejas\\vendor\\laravel\\framework\\src\\Illuminate\\Auth\\Middleware\\Authenticate.php(64): Illuminate\\Pipeline\\Pipeline->{closure:{closure:Illuminate\\Pipeline\\Pipeline::carry():184}:185}(Object(Illuminate\\Http\\Request))
#22 C:\\Users\\GeiPis\\Desktop\\IFSP\\2025\\2\\Programacao Dinamica para Web\\projeto-laravel-spopweb\\mvc-cervejas\\vendor\\laravel\\framework\\src\\Illuminate\\Pipeline\\Pipeline.php(209): Illuminate\\Auth\\Middleware\\Authenticate->handle(Object(Illuminate\\Http\\Request), Object(Closure))
#23 C:\\Users\\GeiPis\\Desktop\\IFSP\\2025\\2\\Programacao Dinamica para Web\\projeto-laravel-spopweb\\mvc-cervejas\\vendor\\laravel\\framework\\src\\Illuminate\\Foundation\\Http\\Middleware\\VerifyCsrfToken.php(88): Illuminate\\Pipeline\\Pipeline->{closure:{closure:Illuminate\\Pipeline\\Pipeline::carry():184}:185}(Object(Illuminate\\Http\\Request))
#24 C:\\Users\\GeiPis\\Desktop\\IFSP\\2025\\2\\Programacao Dinamica para Web\\projeto-laravel-spopweb\\mvc-cervejas\\vendor\\laravel\\framework\\src\\Illuminate\\Pipeline\\Pipeline.php(209): Illuminate\\Foundation\\Http\\Middleware\\VerifyCsrfToken->handle(Object(Illuminate\\Http\\Request), Object(Closure))
#25 C:\\Users\\GeiPis\\Desktop\\IFSP\\2025\\2\\Programacao Dinamica para Web\\projeto-laravel-spopweb\\mvc-cervejas\\vendor\\laravel\\framework\\src\\Illuminate\\View\\Middleware\\ShareErrorsFromSession.php(49): Illuminate\\Pipeline\\Pipeline->{closure:{closure:Illuminate\\Pipeline\\Pipeline::carry():184}:185}(Object(Illuminate\\Http\\Request))
#26 C:\\Users\\GeiPis\\Desktop\\IFSP\\2025\\2\\Programacao Dinamica para Web\\projeto-laravel-spopweb\\mvc-cervejas\\vendor\\laravel\\framework\\src\\Illuminate\\Pipeline\\Pipeline.php(209): Illuminate\\View\\Middleware\\ShareErrorsFromSession->handle(Object(Illuminate\\Http\\Request), Object(Closure))
#27 C:\\Users\\GeiPis\\Desktop\\IFSP\\2025\\2\\Programacao Dinamica para Web\\projeto-laravel-spopweb\\mvc-cervejas\\vendor\\laravel\\framework\\src\\Illuminate\\Session\\Middleware\\StartSession.php(121): Illuminate\\Pipeline\\Pipeline->{closure:{closure:Illuminate\\Pipeline\\Pipeline::carry():184}:185}(Object(Illuminate\\Http\\Request))
#28 C:\\Users\\GeiPis\\Desktop\\IFSP\\2025\\2\\Programacao Dinamica para Web\\projeto-laravel-spopweb\\mvc-cervejas\\vendor\\laravel\\framework\\src\\Illuminate\\Session\\Middleware\\StartSession.php(64): Illuminate\\Session\\Middleware\\StartSession->handleStatefulRequest(Object(Illuminate\\Http\\Request), Object(Illuminate\\Session\\Store), Object(Closure))
#29 C:\\Users\\GeiPis\\Desktop\\IFSP\\2025\\2\\Programacao Dinamica para Web\\projeto-laravel-spopweb\\mvc-cervejas\\vendor\\laravel\\framework\\src\\Illuminate\\Pipeline\\Pipeline.php(209): Illuminate\\Session\\Middleware\\StartSession->handle(Object(Illuminate\\Http\\Request), Object(Closure))
#30 C:\\Users\\GeiPis\\Desktop\\IFSP\\2025\\2\\Programacao Dinamica para Web\\projeto-laravel-spopweb\\mvc-cervejas\\vendor\\laravel\\framework\\src\\Illuminate\\Cookie\\Middleware\\AddQueuedCookiesToResponse.php(37): Illuminate\\Pipeline\\Pipeline->{closure:{closure:Illuminate\\Pipeline\\Pipeline::carry():184}:185}(Object(Illuminate\\Http\\Request))
#31 C:\\Users\\GeiPis\\Desktop\\IFSP\\2025\\2\\Programacao Dinamica para Web\\projeto-laravel-spopweb\\mvc-cervejas\\vendor\\laravel\\framework\\src\\Illuminate\\Pipeline\\Pipeline.php(209): Illuminate\\Cookie\\Middleware\\AddQueuedCookiesToResponse->handle(Object(Illuminate\\Http\\Request), Object(Closure))
#32 C:\\Users\\GeiPis\\Desktop\\IFSP\\2025\\2\\Programacao Dinamica para Web\\projeto-laravel-spopweb\\mvc-cervejas\\vendor\\laravel\\framework\\src\\Illuminate\\Cookie\\Middleware\\EncryptCookies.php(75): Illuminate\\Pipeline\\Pipeline->{closure:{closure:Illuminate\\Pipeline\\Pipeline::carry():184}:185}(Object(Illuminate\\Http\\Request))
#33 C:\\Users\\GeiPis\\Desktop\\IFSP\\2025\\2\\Programacao Dinamica para Web\\projeto-laravel-spopweb\\mvc-cervejas\\vendor\\laravel\\framework\\src\\Illuminate\\Pipeline\\Pipeline.php(209): Illuminate\\Cookie\\Middleware\\EncryptCookies->handle(Object(Illuminate\\Http\\Request), Object(Closure))
#34 C:\\Users\\GeiPis\\Desktop\\IFSP\\2025\\2\\Programacao Dinamica para Web\\projeto-laravel-spopweb\\mvc-cervejas\\vendor\\laravel\\framework\\src\\Illuminate\\Pipeline\\Pipeline.php(127): Illuminate\\Pipeline\\Pipeline->{closure:{closure:Illuminate\\Pipeline\\Pipeline::carry():184}:185}(Object(Illuminate\\Http\\Request))
#35 C:\\Users\\GeiPis\\Desktop\\IFSP\\2025\\2\\Programacao Dinamica para Web\\projeto-laravel-spopweb\\mvc-cervejas\\vendor\\laravel\\framework\\src\\Illuminate\\Routing\\Router.php(807): Illuminate\\Pipeline\\Pipeline->then(Object(Closure))
#36 C:\\Users\\GeiPis\\Desktop\\IFSP\\2025\\2\\Programacao Dinamica para Web\\projeto-laravel-spopweb\\mvc-cervejas\\vendor\\laravel\\framework\\src\\Illuminate\\Routing\\Router.php(786): Illuminate\\Routing\\Router->runRouteWithinStack(Object(Illuminate\\Routing\\Route), Object(Illuminate\\Http\\Request))
#37 C:\\Users\\GeiPis\\Desktop\\IFSP\\2025\\2\\Programacao Dinamica para Web\\projeto-laravel-spopweb\\mvc-cervejas\\vendor\\laravel\\framework\\src\\Illuminate\\Routing\\Router.php(750): Illuminate\\Routing\\Router->runRoute(Object(Illuminate\\Http\\Request), Object(Illuminate\\Routing\\Route))
#38 C:\\Users\\GeiPis\\Desktop\\IFSP\\2025\\2\\Programacao Dinamica para Web\\projeto-laravel-spopweb\\mvc-cervejas\\vendor\\laravel\\framework\\src\\Illuminate\\Routing\\Router.php(739): Illuminate\\Routing\\Router->dispatchToRoute(Object(Illuminate\\Http\\Request))
#39 C:\\Users\\GeiPis\\Desktop\\IFSP\\2025\\2\\Programacao Dinamica para Web\\projeto-laravel-spopweb\\mvc-cervejas\\vendor\\laravel\\framework\\src\\Illuminate\\Foundation\\Http\\Kernel.php(201): Illuminate\\Routing\\Router->dispatch(Object(Illuminate\\Http\\Request))
#40 C:\\Users\\GeiPis\\Desktop\\IFSP\\2025\\2\\Programacao Dinamica para Web\\projeto-laravel-spopweb\\mvc-cervejas\\vendor\\laravel\\framework\\src\\Illuminate\\Pipeline\\Pipeline.php(170): Illuminate\\Foundation\\Http\\Kernel->{closure:Illuminate\\Foundation\\Http\\Kernel::dispatchToRouter():198}(Object(Illuminate\\Http\\Request))
#41 C:\\Users\\GeiPis\\Desktop\\IFSP\\2025\\2\\Programacao Dinamica para Web\\projeto-laravel-spopweb\\mvc-cervejas\\vendor\\laravel\\framework\\src\\Illuminate\\Foundation\\Http\\Middleware\\TransformsRequest.php(21): Illuminate\\Pipeline\\Pipeline->{closure:Illuminate\\Pipeline\\Pipeline::prepareDestination():168}(Object(Illuminate\\Http\\Request))
#42 C:\\Users\\GeiPis\\Desktop\\IFSP\\2025\\2\\Programacao Dinamica para Web\\projeto-laravel-spopweb\\mvc-cervejas\\vendor\\laravel\\framework\\src\\Illuminate\\Foundation\\Http\\Middleware\\ConvertEmptyStringsToNull.php(31): Illuminate\\Foundation\\Http\\Middleware\\TransformsRequest->handle(Object(Illuminate\\Http\\Request), Object(Closure))
#43 C:\\Users\\GeiPis\\Desktop\\IFSP\\2025\\2\\Programacao Dinamica para Web\\projeto-laravel-spopweb\\mvc-cervejas\\vendor\\laravel\\framework\\src\\Illuminate\\Pipeline\\Pipeline.php(209): Illuminate\\Foundation\\Http\\Middleware\\ConvertEmptyStringsToNull->handle(Object(Illuminate\\Http\\Request), Object(Closure))
#44 C:\\Users\\GeiPis\\Desktop\\IFSP\\2025\\2\\Programacao Dinamica para Web\\projeto-laravel-spopweb\\mvc-cervejas\\vendor\\laravel\\framework\\src\\Illuminate\\Foundation\\Http\\Middleware\\TransformsRequest.php(21): Illuminate\\Pipeline\\Pipeline->{closure:{closure:Illuminate\\Pipeline\\Pipeline::carry():184}:185}(Object(Illuminate\\Http\\Request))
#45 C:\\Users\\GeiPis\\Desktop\\IFSP\\2025\\2\\Programacao Dinamica para Web\\projeto-laravel-spopweb\\mvc-cervejas\\vendor\\laravel\\framework\\src\\Illuminate\\Foundation\\Http\\Middleware\\TrimStrings.php(51): Illuminate\\Foundation\\Http\\Middleware\\TransformsRequest->handle(Object(Illuminate\\Http\\Request), Object(Closure))
#46 C:\\Users\\GeiPis\\Desktop\\IFSP\\2025\\2\\Programacao Dinamica para Web\\projeto-laravel-spopweb\\mvc-cervejas\\vendor\\laravel\\framework\\src\\Illuminate\\Pipeline\\Pipeline.php(209): Illuminate\\Foundation\\Http\\Middleware\\TrimStrings->handle(Object(Illuminate\\Http\\Request), Object(Closure))
#47 C:\\Users\\GeiPis\\Desktop\\IFSP\\2025\\2\\Programacao Dinamica para Web\\projeto-laravel-spopweb\\mvc-cervejas\\vendor\\laravel\\framework\\src\\Illuminate\\Http\\Middleware\\ValidatePostSize.php(27): Illuminate\\Pipeline\\Pipeline->{closure:{closure:Illuminate\\Pipeline\\Pipeline::carry():184}:185}(Object(Illuminate\\Http\\Request))
#48 C:\\Users\\GeiPis\\Desktop\\IFSP\\2025\\2\\Programacao Dinamica para Web\\projeto-laravel-spopweb\\mvc-cervejas\\vendor\\laravel\\framework\\src\\Illuminate\\Pipeline\\Pipeline.php(209): Illuminate\\Http\\Middleware\\ValidatePostSize->handle(Object(Illuminate\\Http\\Request), Object(Closure))
#49 C:\\Users\\GeiPis\\Desktop\\IFSP\\2025\\2\\Programacao Dinamica para Web\\projeto-laravel-spopweb\\mvc-cervejas\\vendor\\laravel\\framework\\src\\Illuminate\\Foundation\\Http\\Middleware\\PreventRequestsDuringMaintenance.php(110): Illuminate\\Pipeline\\Pipeline->{closure:{closure:Illuminate\\Pipeline\\Pipeline::carry():184}:185}(Object(Illuminate\\Http\\Request))
#50 C:\\Users\\GeiPis\\Desktop\\IFSP\\2025\\2\\Programacao Dinamica para Web\\projeto-laravel-spopweb\\mvc-cervejas\\vendor\\laravel\\framework\\src\\Illuminate\\Pipeline\\Pipeline.php(209): Illuminate\\Foundation\\Http\\Middleware\\PreventRequestsDuringMaintenance->handle(Object(Illuminate\\Http\\Request), Object(Closure))
#51 C:\\Users\\GeiPis\\Desktop\\IFSP\\2025\\2\\Programacao Dinamica para Web\\projeto-laravel-spopweb\\mvc-cervejas\\vendor\\laravel\\framework\\src\\Illuminate\\Http\\Middleware\\HandleCors.php(49): Illuminate\\Pipeline\\Pipeline->{closure:{closure:Illuminate\\Pipeline\\Pipeline::carry():184}:185}(Object(Illuminate\\Http\\Request))
#52 C:\\Users\\GeiPis\\Desktop\\IFSP\\2025\\2\\Programacao Dinamica para Web\\projeto-laravel-spopweb\\mvc-cervejas\\vendor\\laravel\\framework\\src\\Illuminate\\Pipeline\\Pipeline.php(209): Illuminate\\Http\\Middleware\\HandleCors->handle(Object(Illuminate\\Http\\Request), Object(Closure))
#53 C:\\Users\\GeiPis\\Desktop\\IFSP\\2025\\2\\Programacao Dinamica para Web\\projeto-laravel-spopweb\\mvc-cervejas\\vendor\\laravel\\framework\\src\\Illuminate\\Http\\Middleware\\TrustProxies.php(58): Illuminate\\Pipeline\\Pipeline->{closure:{closure:Illuminate\\Pipeline\\Pipeline::carry():184}:185}(Object(Illuminate\\Http\\Request))
#54 C:\\Users\\GeiPis\\Desktop\\IFSP\\2025\\2\\Programacao Dinamica para Web\\projeto-laravel-spopweb\\mvc-cervejas\\vendor\\laravel\\framework\\src\\Illuminate\\Pipeline\\Pipeline.php(209): Illuminate\\Http\\Middleware\\TrustProxies->handle(Object(Illuminate\\Http\\Request), Object(Closure))
#55 C:\\Users\\GeiPis\\Desktop\\IFSP\\2025\\2\\Programacao Dinamica para Web\\projeto-laravel-spopweb\\mvc-cervejas\\vendor\\laravel\\framework\\src\\Illuminate\\Foundation\\Http\\Middleware\\InvokeDeferredCallbacks.php(22): Illuminate\\Pipeline\\Pipeline->{closure:{closure:Illuminate\\Pipeline\\Pipeline::carry():184}:185}(Object(Illuminate\\Http\\Request))
#56 C:\\Users\\GeiPis\\Desktop\\IFSP\\2025\\2\\Programacao Dinamica para Web\\projeto-laravel-spopweb\\mvc-cervejas\\vendor\\laravel\\framework\\src\\Illuminate\\Pipeline\\Pipeline.php(209): Illuminate\\Foundation\\Http\\Middleware\\InvokeDeferredCallbacks->handle(Object(Illuminate\\Http\\Request), Object(Closure))
#57 C:\\Users\\GeiPis\\Desktop\\IFSP\\2025\\2\\Programacao Dinamica para Web\\projeto-laravel-spopweb\\mvc-cervejas\\vendor\\laravel\\framework\\src\\Illuminate\\Pipeline\\Pipeline.php(127): Illuminate\\Pipeline\\Pipeline->{closure:{closure:Illuminate\\Pipeline\\Pipeline::carry():184}:185}(Object(Illuminate\\Http\\Request))
#58 C:\\Users\\GeiPis\\Desktop\\IFSP\\2025\\2\\Programacao Dinamica para Web\\projeto-laravel-spopweb\\mvc-cervejas\\vendor\\laravel\\framework\\src\\Illuminate\\Foundation\\Http\\Kernel.php(176): Illuminate\\Pipeline\\Pipeline->then(Object(Closure))
#59 C:\\Users\\GeiPis\\Desktop\\IFSP\\2025\\2\\Programacao Dinamica para Web\\projeto-laravel-spopweb\\mvc-cervejas\\vendor\\laravel\\framework\\src\\Illuminate\\Foundation\\Http\\Kernel.php(145): Illuminate\\Foundation\\Http\\Kernel->sendRequestThroughRouter(Object(Illuminate\\Http\\Request))
#60 C:\\Users\\GeiPis\\Desktop\\IFSP\\2025\\2\\Programacao Dinamica para Web\\projeto-laravel-spopweb\\mvc-cervejas\\vendor\\laravel\\framework\\src\\Illuminate\\Foundation\\Application.php(1220): Illuminate\\Foundation\\Http\\Kernel->handle(Object(Illuminate\\Http\\Request))
#61 C:\\Users\\GeiPis\\Desktop\\IFSP\\2025\\2\\Programacao Dinamica para Web\\projeto-laravel-spopweb\\mvc-cervejas\\public\\index.php(17): Illuminate\\Foundation\\Application->handleRequest(Object(Illuminate\\Http\\Request))
#62 C:\\Users\\GeiPis\\Desktop\\IFSP\\2025\\2\\Programacao Dinamica para Web\\projeto-laravel-spopweb\\mvc-cervejas\\vendor\\laravel\\framework\\src\\Illuminate\\Foundation\\resources\\server.php(23): require_once('C:\\\\Users\\\\GeiPis...')
#63 {main}
"} 
[2025-11-28 02:16:48] local.ERROR: SQLSTATE[HY000]: General error: 1 no such table: cervejas (Connection: sqlite, SQL: insert into "cervejas" ("name", "brand", "style", "artesanal", "embalagem", "ibu", "abv", "descricao", "updated_at", "created_at") values (Lokal Bier, Grupo Petrópolis, Pilsen, 0, garrafa, 8, 4.7, A Lokal Bier é uma cerveja leve, refrescante e saborosa. Produzida com ingredientes selecionados e rigoroso controle de qualidade, é a pedida ideal para acompanhar churrascos, petiscos fritos e reunir a galera, oferecendo um ótimo custo-benefício.
Harmoniza bem com amendoim, batata frita, queijo coalho e carnes grelhadas leves., 2025-11-28 02:16:48, 2025-11-28 02:16:48)) {"userId":1,"exception":"[object] (Illuminate\\Database\\QueryException(code: HY000): SQLSTATE[HY000]: General error: 1 no such table: cervejas (Connection: sqlite, SQL: insert into \"cervejas\" (\"name\", \"brand\", \"style\", \"artesanal\", \"embalagem\", \"ibu\", \"abv\", \"descricao\", \"updated_at\", \"created_at\") values (Lokal Bier, Grupo Petrópolis, Pilsen, 0, garrafa, 8, 4.7, A Lokal Bier é uma cerveja leve, refrescante e saborosa. Produzida com ingredientes selecionados e rigoroso controle de qualidade, é a pedida ideal para acompanhar churrascos, petiscos fritos e reunir a galera, oferecendo um ótimo custo-benefício.

Harmoniza bem com amendoim, batata frita, queijo coalho e carnes grelhadas leves., 2025-11-28 02:16:48, 2025-11-28 02:16:48)) at C:\\Users\\GeiPis\\Desktop\\IFSP\\2025\\2\\Programacao Dinamica para Web\\projeto-laravel-spopweb\\mvc-cervejas\\vendor\\laravel\\framework\\src\\Illuminate\\Database\\Connection.php:825)
[stacktrace]
#0 C:\\Users\\GeiPis\\Desktop\\IFSP\\2025\\2\\Programacao Dinamica para Web\\projeto-laravel-spopweb\\mvc-cervejas\\vendor\\laravel\\framework\\src\\Illuminate\\Database\\Connection.php(779): Illuminate\\Database\\Connection->runQueryCallback('insert into \"ce...', Array, Object(Closure))
#1 C:\\Users\\GeiPis\\Desktop\\IFSP\\2025\\2\\Programacao Dinamica para Web\\projeto-laravel-spopweb\\mvc-cervejas\\vendor\\laravel\\framework\\src\\Illuminate\\Database\\Connection.php(560): Illuminate\\Database\\Connection->run('insert into \"ce...', Array, Object(Closure))
#2 C:\\Users\\GeiPis\\Desktop\\IFSP\\2025\\2\\Programacao Dinamica para Web\\projeto-laravel-spopweb\\mvc-cervejas\\vendor\\laravel\\framework\\src\\Illuminate\\Database\\Connection.php(524): Illuminate\\Database\\Connection->statement('insert into \"ce...', Array)
#3 C:\\Users\\GeiPis\\Desktop\\IFSP\\2025\\2\\Programacao Dinamica para Web\\projeto-laravel-spopweb\\mvc-cervejas\\vendor\\laravel\\framework\\src\\Illuminate\\Database\\Query\\Processors\\Processor.php(32): Illuminate\\Database\\Connection->insert('insert into \"ce...', Array)
#4 C:\\Users\\GeiPis\\Desktop\\IFSP\\2025\\2\\Programacao Dinamica para Web\\projeto-laravel-spopweb\\mvc-cervejas\\vendor\\laravel\\framework\\src\\Illuminate\\Database\\Query\\Builder.php(3766): Illuminate\\Database\\Query\\Processors\\Processor->processInsertGetId(Object(Illuminate\\Database\\Query\\Builder), 'insert into \"ce...', Array, 'id')
#5 C:\\Users\\GeiPis\\Desktop\\IFSP\\2025\\2\\Programacao Dinamica para Web\\projeto-laravel-spopweb\\mvc-cervejas\\vendor\\laravel\\framework\\src\\Illuminate\\Database\\Eloquent\\Builder.php(2120): Illuminate\\Database\\Query\\Builder->insertGetId(Array, 'id')
#6 C:\\Users\\GeiPis\\Desktop\\IFSP\\2025\\2\\Programacao Dinamica para Web\\projeto-laravel-spopweb\\mvc-cervejas\\vendor\\laravel\\framework\\src\\Illuminate\\Database\\Eloquent\\Model.php(1359): Illuminate\\Database\\Eloquent\\Builder->__call('insertGetId', Array)
#7 C:\\Users\\GeiPis\\Desktop\\IFSP\\2025\\2\\Programacao Dinamica para Web\\projeto-laravel-spopweb\\mvc-cervejas\\vendor\\laravel\\framework\\src\\Illuminate\\Database\\Eloquent\\Model.php(1324): Illuminate\\Database\\Eloquent\\Model->insertAndSetId(Object(Illuminate\\Database\\Eloquent\\Builder), Array)
#8 C:\\Users\\GeiPis\\Desktop\\IFSP\\2025\\2\\Programacao Dinamica para Web\\projeto-laravel-spopweb\\mvc-cervejas\\vendor\\laravel\\framework\\src\\Illuminate\\Database\\Eloquent\\Model.php(1163): Illuminate\\Database\\Eloquent\\Model->performInsert(Object(Illuminate\\Database\\Eloquent\\Builder))
#9 C:\\Users\\GeiPis\\Desktop\\IFSP\\2025\\2\\Programacao Dinamica para Web\\projeto-laravel-spopweb\\mvc-cervejas\\vendor\\laravel\\framework\\src\\Illuminate\\Database\\Eloquent\\Builder.php(1128): Illuminate\\Database\\Eloquent\\Model->save()
#10 C:\\Users\\GeiPis\\Desktop\\IFSP\\2025\\2\\Programacao Dinamica para Web\\projeto-laravel-spopweb\\mvc-cervejas\\vendor\\laravel\\framework\\src\\Illuminate\\Support\\helpers.php(399): Illuminate\\Database\\Eloquent\\Builder->{closure:Illuminate\\Database\\Eloquent\\Builder::create():1127}(Object(App\\Models\\Cerveja))
#11 C:\\Users\\GeiPis\\Desktop\\IFSP\\2025\\2\\Programacao Dinamica para Web\\projeto-laravel-spopweb\\mvc-cervejas\\vendor\\laravel\\framework\\src\\Illuminate\\Database\\Eloquent\\Builder.php(1127): tap(Object(App\\Models\\Cerveja), Object(Closure))
#12 C:\\Users\\GeiPis\\Desktop\\IFSP\\2025\\2\\Programacao Dinamica para Web\\projeto-laravel-spopweb\\mvc-cervejas\\vendor\\laravel\\framework\\src\\Illuminate\\Support\\Traits\\ForwardsCalls.php(23): Illuminate\\Database\\Eloquent\\Builder->create(Array)
#13 C:\\Users\\GeiPis\\Desktop\\IFSP\\2025\\2\\Programacao Dinamica para Web\\projeto-laravel-spopweb\\mvc-cervejas\\vendor\\laravel\\framework\\src\\Illuminate\\Database\\Eloquent\\Model.php(2372): Illuminate\\Database\\Eloquent\\Model->forwardCallTo(Object(Illuminate\\Database\\Eloquent\\Builder), 'create', Array)
#14 C:\\Users\\GeiPis\\Desktop\\IFSP\\2025\\2\\Programacao Dinamica para Web\\projeto-laravel-spopweb\\mvc-cervejas\\vendor\\laravel\\framework\\src\\Illuminate\\Database\\Eloquent\\Model.php(2384): Illuminate\\Database\\Eloquent\\Model->__call('create', Array)
#15 C:\\Users\\GeiPis\\Desktop\\IFSP\\2025\\2\\Programacao Dinamica para Web\\projeto-laravel-spopweb\\mvc-cervejas\\app\\Http\\Controllers\\CadastrarController.php(71): Illuminate\\Database\\Eloquent\\Model::__callStatic('create', Array)
#16 C:\\Users\\GeiPis\\Desktop\\IFSP\\2025\\2\\Programacao Dinamica para Web\\projeto-laravel-spopweb\\mvc-cervejas\\vendor\\laravel\\framework\\src\\Illuminate\\Routing\\ControllerDispatcher.php(47): App\\Http\\Controllers\\CadastrarController->salvar(Object(Illuminate\\Http\\Request))
#17 C:\\Users\\GeiPis\\Desktop\\IFSP\\2025\\2\\Programacao Dinamica para Web\\projeto-laravel-spopweb\\mvc-cervejas\\vendor\\laravel\\framework\\src\\Illuminate\\Routing\\Route.php(266): Illuminate\\Routing\\ControllerDispatcher->dispatch(Object(Illuminate\\Routing\\Route), Object(App\\Http\\Controllers\\CadastrarController), 'salvar')
#18 C:\\Users\\GeiPis\\Desktop\\IFSP\\2025\\2\\Programacao Dinamica para Web\\projeto-laravel-spopweb\\mvc-cervejas\\vendor\\laravel\\framework\\src\\Illuminate\\Routing\\Route.php(212): Illuminate\\Routing\\Route->runController()
#19 C:\\Users\\GeiPis\\Desktop\\IFSP\\2025\\2\\Programacao Dinamica para Web\\projeto-laravel-spopweb\\mvc-cervejas\\vendor\\laravel\\framework\\src\\Illuminate\\Routing\\Router.php(808): Illuminate\\Routing\\Route->run()
#20 C:\\Users\\GeiPis\\Desktop\\IFSP\\2025\\2\\Programacao Dinamica para Web\\projeto-laravel-spopweb\\mvc-cervejas\\vendor\\laravel\\framework\\src\\Illuminate\\Pipeline\\Pipeline.php(170): Illuminate\\Routing\\Router->{closure:Illuminate\\Routing\\Router::runRouteWithinStack():807}(Object(Illuminate\\Http\\Request))
#21 C:\\Users\\GeiPis\\Desktop\\IFSP\\2025\\2\\Programacao Dinamica para Web\\projeto-laravel-spopweb\\mvc-cervejas\\vendor\\laravel\\framework\\src\\Illuminate\\Auth\\Middleware\\EnsureEmailIsVerified.php(41): Illuminate\\Pipeline\\Pipeline->{closure:Illuminate\\Pipeline\\Pipeline::prepareDestination():168}(Object(Illuminate\\Http\\Request))
#22 C:\\Users\\GeiPis\\Desktop\\IFSP\\2025\\2\\Programacao Dinamica para Web\\projeto-laravel-spopweb\\mvc-cervejas\\vendor\\laravel\\framework\\src\\Illuminate\\Pipeline\\Pipeline.php(209): Illuminate\\Auth\\Middleware\\EnsureEmailIsVerified->handle(Object(Illuminate\\Http\\Request), Object(Closure))
#23 C:\\Users\\GeiPis\\Desktop\\IFSP\\2025\\2\\Programacao Dinamica para Web\\projeto-laravel-spopweb\\mvc-cervejas\\vendor\\laravel\\framework\\src\\Illuminate\\Routing\\Middleware\\SubstituteBindings.php(51): Illuminate\\Pipeline\\Pipeline->{closure:{closure:Illuminate\\Pipeline\\Pipeline::carry():184}:185}(Object(Illuminate\\Http\\Request))
#24 C:\\Users\\GeiPis\\Desktop\\IFSP\\2025\\2\\Programacao Dinamica para Web\\projeto-laravel-spopweb\\mvc-cervejas\\vendor\\laravel\\framework\\src\\Illuminate\\Pipeline\\Pipeline.php(209): Illuminate\\Routing\\Middleware\\SubstituteBindings->handle(Object(Illuminate\\Http\\Request), Object(Closure))
#25 C:\\Users\\GeiPis\\Desktop\\IFSP\\2025\\2\\Programacao Dinamica para Web\\projeto-laravel-spopweb\\mvc-cervejas\\vendor\\laravel\\framework\\src\\Illuminate\\Auth\\Middleware\\Authenticate.php(64): Illuminate\\Pipeline\\Pipeline->{closure:{closure:Illuminate\\Pipeline\\Pipeline::carry():184}:185}(Object(Illuminate\\Http\\Request))
#26 C:\\Users\\GeiPis\\Desktop\\IFSP\\2025\\2\\Programacao Dinamica para Web\\projeto-laravel-spopweb\\mvc-cervejas\\vendor\\laravel\\framework\\src\\Illuminate\\Pipeline\\Pipeline.php(209): Illuminate\\Auth\\Middleware\\Authenticate->handle(Object(Illuminate\\Http\\Request), Object(Closure))
#27 C:\\Users\\GeiPis\\Desktop\\IFSP\\2025\\2\\Programacao Dinamica para Web\\projeto-laravel-spopweb\\mvc-cervejas\\vendor\\laravel\\framework\\src\\Illuminate\\Foundation\\Http\\Middleware\\VerifyCsrfToken.php(88): Illuminate\\Pipeline\\Pipeline->{closure:{closure:Illuminate\\Pipeline\\Pipeline::carry():184}:185}(Object(Illuminate\\Http\\Request))
#28 C:\\Users\\GeiPis\\Desktop\\IFSP\\2025\\2\\Programacao Dinamica para Web\\projeto-laravel-spopweb\\mvc-cervejas\\vendor\\laravel\\framework\\src\\Illuminate\\Pipeline\\Pipeline.php(209): Illuminate\\Foundation\\Http\\Middleware\\VerifyCsrfToken->handle(Object(Illuminate\\Http\\Request), Object(Closure))
#29 C:\\Users\\GeiPis\\Desktop\\IFSP\\2025\\2\\Programacao Dinamica para Web\\projeto-laravel-spopweb\\mvc-cervejas\\vendor\\laravel\\framework\\src\\Illuminate\\View\\Middleware\\ShareErrorsFromSession.php(49): Illuminate\\Pipeline\\Pipeline->{closure:{closure:Illuminate\\Pipeline\\Pipeline::carry():184}:185}(Object(Illuminate\\Http\\Request))
#30 C:\\Users\\GeiPis\\Desktop\\IFSP\\2025\\2\\Programacao Dinamica para Web\\projeto-laravel-spopweb\\mvc-cervejas\\vendor\\laravel\\framework\\src\\Illuminate\\Pipeline\\Pipeline.php(209): Illuminate\\View\\Middleware\\ShareErrorsFromSession->handle(Object(Illuminate\\Http\\Request), Object(Closure))
#31 C:\\Users\\GeiPis\\Desktop\\IFSP\\2025\\2\\Programacao Dinamica para Web\\projeto-laravel-spopweb\\mvc-cervejas\\vendor\\laravel\\framework\\src\\Illuminate\\Session\\Middleware\\StartSession.php(121): Illuminate\\Pipeline\\Pipeline->{closure:{closure:Illuminate\\Pipeline\\Pipeline::carry():184}:185}(Object(Illuminate\\Http\\Request))
#32 C:\\Users\\GeiPis\\Desktop\\IFSP\\2025\\2\\Programacao Dinamica para Web\\projeto-laravel-spopweb\\mvc-cervejas\\vendor\\laravel\\framework\\src\\Illuminate\\Session\\Middleware\\StartSession.php(64): Illuminate\\Session\\Middleware\\StartSession->handleStatefulRequest(Object(Illuminate\\Http\\Request), Object(Illuminate\\Session\\Store), Object(Closure))
#33 C:\\Users\\GeiPis\\Desktop\\IFSP\\2025\\2\\Programacao Dinamica para Web\\projeto-laravel-spopweb\\mvc-cervejas\\vendor\\laravel\\framework\\src\\Illuminate\\Pipeline\\Pipeline.php(209): Illuminate\\Session\\Middleware\\StartSession->handle(Object(Illuminate\\Http\\Request), Object(Closure))
#34 C:\\Users\\GeiPis\\Desktop\\IFSP\\2025\\2\\Programacao Dinamica para Web\\projeto-laravel-spopweb\\mvc-cervejas\\vendor\\laravel\\framework\\src\\Illuminate\\Cookie\\Middleware\\AddQueuedCookiesToResponse.php(37): Illuminate\\Pipeline\\Pipeline->{closure:{closure:Illuminate\\Pipeline\\Pipeline::carry():184}:185}(Object(Illuminate\\Http\\Request))
#35 C:\\Users\\GeiPis\\Desktop\\IFSP\\2025\\2\\Programacao Dinamica para Web\\projeto-laravel-spopweb\\mvc-cervejas\\vendor\\laravel\\framework\\src\\Illuminate\\Pipeline\\Pipeline.php(209): Illuminate\\Cookie\\Middleware\\AddQueuedCookiesToResponse->handle(Object(Illuminate\\Http\\Request), Object(Closure))
#36 C:\\Users\\GeiPis\\Desktop\\IFSP\\2025\\2\\Programacao Dinamica para Web\\projeto-laravel-spopweb\\mvc-cervejas\\vendor\\laravel\\framework\\src\\Illuminate\\Cookie\\Middleware\\EncryptCookies.php(75): Illuminate\\Pipeline\\Pipeline->{closure:{closure:Illuminate\\Pipeline\\Pipeline::carry():184}:185}(Object(Illuminate\\Http\\Request))
#37 C:\\Users\\GeiPis\\Desktop\\IFSP\\2025\\2\\Programacao Dinamica para Web\\projeto-laravel-spopweb\\mvc-cervejas\\vendor\\laravel\\framework\\src\\Illuminate\\Pipeline\\Pipeline.php(209): Illuminate\\Cookie\\Middleware\\EncryptCookies->handle(Object(Illuminate\\Http\\Request), Object(Closure))
#38 C:\\Users\\GeiPis\\Desktop\\IFSP\\2025\\2\\Programacao Dinamica para Web\\projeto-laravel-spopweb\\mvc-cervejas\\vendor\\laravel\\framework\\src\\Illuminate\\Pipeline\\Pipeline.php(127): Illuminate\\Pipeline\\Pipeline->{closure:{closure:Illuminate\\Pipeline\\Pipeline::carry():184}:185}(Object(Illuminate\\Http\\Request))
#39 C:\\Users\\GeiPis\\Desktop\\IFSP\\2025\\2\\Programacao Dinamica para Web\\projeto-laravel-spopweb\\mvc-cervejas\\vendor\\laravel\\framework\\src\\Illuminate\\Routing\\Router.php(807): Illuminate\\Pipeline\\Pipeline->then(Object(Closure))
#40 C:\\Users\\GeiPis\\Desktop\\IFSP\\2025\\2\\Programacao Dinamica para Web\\projeto-laravel-spopweb\\mvc-cervejas\\vendor\\laravel\\framework\\src\\Illuminate\\Routing\\Router.php(786): Illuminate\\Routing\\Router->runRouteWithinStack(Object(Illuminate\\Routing\\Route), Object(Illuminate\\Http\\Request))
#41 C:\\Users\\GeiPis\\Desktop\\IFSP\\2025\\2\\Programacao Dinamica para Web\\projeto-laravel-spopweb\\mvc-cervejas\\vendor\\laravel\\framework\\src\\Illuminate\\Routing\\Router.php(750): Illuminate\\Routing\\Router->runRoute(Object(Illuminate\\Http\\Request), Object(Illuminate\\Routing\\Route))
#42 C:\\Users\\GeiPis\\Desktop\\IFSP\\2025\\2\\Programacao Dinamica para Web\\projeto-laravel-spopweb\\mvc-cervejas\\vendor\\laravel\\framework\\src\\Illuminate\\Routing\\Router.php(739): Illuminate\\Routing\\Router->dispatchToRoute(Object(Illuminate\\Http\\Request))
#43 C:\\Users\\GeiPis\\Desktop\\IFSP\\2025\\2\\Programacao Dinamica para Web\\projeto-laravel-spopweb\\mvc-cervejas\\vendor\\laravel\\framework\\src\\Illuminate\\Foundation\\Http\\Kernel.php(201): Illuminate\\Routing\\Router->dispatch(Object(Illuminate\\Http\\Request))
#44 C:\\Users\\GeiPis\\Desktop\\IFSP\\2025\\2\\Programacao Dinamica para Web\\projeto-laravel-spopweb\\mvc-cervejas\\vendor\\laravel\\framework\\src\\Illuminate\\Pipeline\\Pipeline.php(170): Illuminate\\Foundation\\Http\\Kernel->{closure:Illuminate\\Foundation\\Http\\Kernel::dispatchToRouter():198}(Object(Illuminate\\Http\\Request))
#45 C:\\Users\\GeiPis\\Desktop\\IFSP\\2025\\2\\Programacao Dinamica para Web\\projeto-laravel-spopweb\\mvc-cervejas\\vendor\\laravel\\framework\\src\\Illuminate\\Foundation\\Http\\Middleware\\TransformsRequest.php(21): Illuminate\\Pipeline\\Pipeline->{closure:Illuminate\\Pipeline\\Pipeline::prepareDestination():168}(Object(Illuminate\\Http\\Request))
#46 C:\\Users\\GeiPis\\Desktop\\IFSP\\2025\\2\\Programacao Dinamica para Web\\projeto-laravel-spopweb\\mvc-cervejas\\vendor\\laravel\\framework\\src\\Illuminate\\Foundation\\Http\\Middleware\\ConvertEmptyStringsToNull.php(31): Illuminate\\Foundation\\Http\\Middleware\\TransformsRequest->handle(Object(Illuminate\\Http\\Request), Object(Closure))
#47 C:\\Users\\GeiPis\\Desktop\\IFSP\\2025\\2\\Programacao Dinamica para Web\\projeto-laravel-spopweb\\mvc-cervejas\\vendor\\laravel\\framework\\src\\Illuminate\\Pipeline\\Pipeline.php(209): Illuminate\\Foundation\\Http\\Middleware\\ConvertEmptyStringsToNull->handle(Object(Illuminate\\Http\\Request), Object(Closure))
#48 C:\\Users\\GeiPis\\Desktop\\IFSP\\2025\\2\\Programacao Dinamica para Web\\projeto-laravel-spopweb\\mvc-cervejas\\vendor\\laravel\\framework\\src\\Illuminate\\Foundation\\Http\\Middleware\\TransformsRequest.php(21): Illuminate\\Pipeline\\Pipeline->{closure:{closure:Illuminate\\Pipeline\\Pipeline::carry():184}:185}(Object(Illuminate\\Http\\Request))
#49 C:\\Users\\GeiPis\\Desktop\\IFSP\\2025\\2\\Programacao Dinamica para Web\\projeto-laravel-spopweb\\mvc-cervejas\\vendor\\laravel\\framework\\src\\Illuminate\\Foundation\\Http\\Middleware\\TrimStrings.php(51): Illuminate\\Foundation\\Http\\Middleware\\TransformsRequest->handle(Object(Illuminate\\Http\\Request), Object(Closure))
#50 C:\\Users\\GeiPis\\Desktop\\IFSP\\2025\\2\\Programacao Dinamica para Web\\projeto-laravel-spopweb\\mvc-cervejas\\vendor\\laravel\\framework\\src\\Illuminate\\Pipeline\\Pipeline.php(209): Illuminate\\Foundation\\Http\\Middleware\\TrimStrings->handle(Object(Illuminate\\Http\\Request), Object(Closure))
#51 C:\\Users\\GeiPis\\Desktop\\IFSP\\2025\\2\\Programacao Dinamica para Web\\projeto-laravel-spopweb\\mvc-cervejas\\vendor\\laravel\\framework\\src\\Illuminate\\Http\\Middleware\\ValidatePostSize.php(27): Illuminate\\Pipeline\\Pipeline->{closure:{closure:Illuminate\\Pipeline\\Pipeline::carry():184}:185}(Object(Illuminate\\Http\\Request))
#52 C:\\Users\\GeiPis\\Desktop\\IFSP\\2025\\2\\Programacao Dinamica para Web\\projeto-laravel-spopweb\\mvc-cervejas\\vendor\\laravel\\framework\\src\\Illuminate\\Pipeline\\Pipeline.php(209): Illuminate\\Http\\Middleware\\ValidatePostSize->handle(Object(Illuminate\\Http\\Request), Object(Closure))
#53 C:\\Users\\GeiPis\\Desktop\\IFSP\\2025\\2\\Programacao Dinamica para Web\\projeto-laravel-spopweb\\mvc-cervejas\\vendor\\laravel\\framework\\src\\Illuminate\\Foundation\\Http\\Middleware\\PreventRequestsDuringMaintenance.php(110): Illuminate\\Pipeline\\Pipeline->{closure:{closure:Illuminate\\Pipeline\\Pipeline::carry():184}:185}(Object(Illuminate\\Http\\Request))
#54 C:\\Users\\GeiPis\\Desktop\\IFSP\\2025\\2\\Programacao Dinamica para Web\\projeto-laravel-spopweb\\mvc-cervejas\\vendor\\laravel\\framework\\src\\Illuminate\\Pipeline\\Pipeline.php(209): Illuminate\\Foundation\\Http\\Middleware\\PreventRequestsDuringMaintenance->handle(Object(Illuminate\\Http\\Request), Object(Closure))
#55 C:\\Users\\GeiPis\\Desktop\\IFSP\\2025\\2\\Programacao Dinamica para Web\\projeto-laravel-spopweb\\mvc-cervejas\\vendor\\laravel\\framework\\src\\Illuminate\\Http\\Middleware\\HandleCors.php(49): Illuminate\\Pipeline\\Pipeline->{closure:{closure:Illuminate\\Pipeline\\Pipeline::carry():184}:185}(Object(Illuminate\\Http\\Request))
#56 C:\\Users\\GeiPis\\Desktop\\IFSP\\2025\\2\\Programacao Dinamica para Web\\projeto-laravel-spopweb\\mvc-cervejas\\vendor\\laravel\\framework\\src\\Illuminate\\Pipeline\\Pipeline.php(209): Illuminate\\Http\\Middleware\\HandleCors->handle(Object(Illuminate\\Http\\Request), Object(Closure))
#57 C:\\Users\\GeiPis\\Desktop\\IFSP\\2025\\2\\Programacao Dinamica para Web\\projeto-laravel-spopweb\\mvc-cervejas\\vendor\\laravel\\framework\\src\\Illuminate\\Http\\Middleware\\TrustProxies.php(58): Illuminate\\Pipeline\\Pipeline->{closure:{closure:Illuminate\\Pipeline\\Pipeline::carry():184}:185}(Object(Illuminate\\Http\\Request))
#58 C:\\Users\\GeiPis\\Desktop\\IFSP\\2025\\2\\Programacao Dinamica para Web\\projeto-laravel-spopweb\\mvc-cervejas\\vendor\\laravel\\framework\\src\\Illuminate\\Pipeline\\Pipeline.php(209): Illuminate\\Http\\Middleware\\TrustProxies->handle(Object(Illuminate\\Http\\Request), Object(Closure))
#59 C:\\Users\\GeiPis\\Desktop\\IFSP\\2025\\2\\Programacao Dinamica para Web\\projeto-laravel-spopweb\\mvc-cervejas\\vendor\\laravel\\framework\\src\\Illuminate\\Foundation\\Http\\Middleware\\InvokeDeferredCallbacks.php(22): Illuminate\\Pipeline\\Pipeline->{closure:{closure:Illuminate\\Pipeline\\Pipeline::carry():184}:185}(Object(Illuminate\\Http\\Request))
#60 C:\\Users\\GeiPis\\Desktop\\IFSP\\2025\\2\\Programacao Dinamica para Web\\projeto-laravel-spopweb\\mvc-cervejas\\vendor\\laravel\\framework\\src\\Illuminate\\Pipeline\\Pipeline.php(209): Illuminate\\Foundation\\Http\\Middleware\\InvokeDeferredCallbacks->handle(Object(Illuminate\\Http\\Request), Object(Closure))
#61 C:\\Users\\GeiPis\\Desktop\\IFSP\\2025\\2\\Programacao Dinamica para Web\\projeto-laravel-spopweb\\mvc-cervejas\\vendor\\laravel\\framework\\src\\Illuminate\\Pipeline\\Pipeline.php(127): Illuminate\\Pipeline\\Pipeline->{closure:{closure:Illuminate\\Pipeline\\Pipeline::carry():184}:185}(Object(Illuminate\\Http\\Request))
#62 C:\\Users\\GeiPis\\Desktop\\IFSP\\2025\\2\\Programacao Dinamica para Web\\projeto-laravel-spopweb\\mvc-cervejas\\vendor\\laravel\\framework\\src\\Illuminate\\Foundation\\Http\\Kernel.php(176): Illuminate\\Pipeline\\Pipeline->then(Object(Closure))
#63 C:\\Users\\GeiPis\\Desktop\\IFSP\\2025\\2\\Programacao Dinamica para Web\\projeto-laravel-spopweb\\mvc-cervejas\\vendor\\laravel\\framework\\src\\Illuminate\\Foundation\\Http\\Kernel.php(145): Illuminate\\Foundation\\Http\\Kernel->sendRequestThroughRouter(Object(Illuminate\\Http\\Request))
#64 C:\\Users\\GeiPis\\Desktop\\IFSP\\2025\\2\\Programacao Dinamica para Web\\projeto-laravel-spopweb\\mvc-cervejas\\vendor\\laravel\\framework\\src\\Illuminate\\Foundation\\Application.php(1220): Illuminate\\Foundation\\Http\\Kernel->handle(Object(Illuminate\\Http\\Request))
#65 C:\\Users\\GeiPis\\Desktop\\IFSP\\2025\\2\\Programacao Dinamica para Web\\projeto-laravel-spopweb\\mvc-cervejas\\public\\index.php(17): Illuminate\\Foundation\\Application->handleRequest(Object(Illuminate\\Http\\Request))
#66 C:\\Users\\GeiPis\\Desktop\\IFSP\\2025\\2\\Programacao Dinamica para Web\\projeto-laravel-spopweb\\mvc-cervejas\\vendor\\laravel\\framework\\src\\Illuminate\\Foundation\\resources\\server.php(23): require_once('C:\\\\Users\\\\GeiPis...')
#67 {main}

[previous exception] [object] (PDOException(code: HY000): SQLSTATE[HY000]: General error: 1 no such table: cervejas at C:\\Users\\GeiPis\\Desktop\\IFSP\\2025\\2\\Programacao Dinamica para Web\\projeto-laravel-spopweb\\mvc-cervejas\\vendor\\laravel\\framework\\src\\Illuminate\\Database\\Connection.php:565)
[stacktrace]
#0 C:\\Users\\GeiPis\\Desktop\\IFSP\\2025\\2\\Programacao Dinamica para Web\\projeto-laravel-spopweb\\mvc-cervejas\\vendor\\laravel\\framework\\src\\Illuminate\\Database\\Connection.php(565): PDO->prepare('insert into \"ce...')
#1 C:\\Users\\GeiPis\\Desktop\\IFSP\\2025\\2\\Programacao Dinamica para Web\\projeto-laravel-spopweb\\mvc-cervejas\\vendor\\laravel\\framework\\src\\Illuminate\\Database\\Connection.php(812): Illuminate\\Database\\Connection->{closure:Illuminate\\Database\\Connection::statement():560}('insert into \"ce...', Array)
#2 C:\\Users\\GeiPis\\Desktop\\IFSP\\2025\\2\\Programacao Dinamica para Web\\projeto-laravel-spopweb\\mvc-cervejas\\vendor\\laravel\\framework\\src\\Illuminate\\Database\\Connection.php(779): Illuminate\\Database\\Connection->runQueryCallback('insert into \"ce...', Array, Object(Closure))
#3 C:\\Users\\GeiPis\\Desktop\\IFSP\\2025\\2\\Programacao Dinamica para Web\\projeto-laravel-spopweb\\mvc-cervejas\\vendor\\laravel\\framework\\src\\Illuminate\\Database\\Connection.php(560): Illuminate\\Database\\Connection->run('insert into \"ce...', Array, Object(Closure))
#4 C:\\Users\\GeiPis\\Desktop\\IFSP\\2025\\2\\Programacao Dinamica para Web\\projeto-laravel-spopweb\\mvc-cervejas\\vendor\\laravel\\framework\\src\\Illuminate\\Database\\Connection.php(524): Illuminate\\Database\\Connection->statement('insert into \"ce...', Array)
#5 C:\\Users\\GeiPis\\Desktop\\IFSP\\2025\\2\\Programacao Dinamica para Web\\projeto-laravel-spopweb\\mvc-cervejas\\vendor\\laravel\\framework\\src\\Illuminate\\Database\\Query\\Processors\\Processor.php(32): Illuminate\\Database\\Connection->insert('insert into \"ce...', Array)
#6 C:\\Users\\GeiPis\\Desktop\\IFSP\\2025\\2\\Programacao Dinamica para Web\\projeto-laravel-spopweb\\mvc-cervejas\\vendor\\laravel\\framework\\src\\Illuminate\\Database\\Query\\Builder.php(3766): Illuminate\\Database\\Query\\Processors\\Processor->processInsertGetId(Object(Illuminate\\Database\\Query\\Builder), 'insert into \"ce...', Array, 'id')
#7 C:\\Users\\GeiPis\\Desktop\\IFSP\\2025\\2\\Programacao Dinamica para Web\\projeto-laravel-spopweb\\mvc-cervejas\\vendor\\laravel\\framework\\src\\Illuminate\\Database\\Eloquent\\Builder.php(2120): Illuminate\\Database\\Query\\Builder->insertGetId(Array, 'id')
#8 C:\\Users\\GeiPis\\Desktop\\IFSP\\2025\\2\\Programacao Dinamica para Web\\projeto-laravel-spopweb\\mvc-cervejas\\vendor\\laravel\\framework\\src\\Illuminate\\Database\\Eloquent\\Model.php(1359): Illuminate\\Database\\Eloquent\\Builder->__call('insertGetId', Array)
#9 C:\\Users\\GeiPis\\Desktop\\IFSP\\2025\\2\\Programacao Dinamica para Web\\projeto-laravel-spopweb\\mvc-cervejas\\vendor\\laravel\\framework\\src\\Illuminate\\Database\\Eloquent\\Model.php(1324): Illuminate\\Database\\Eloquent\\Model->insertAndSetId(Object(Illuminate\\Database\\Eloquent\\Builder), Array)
#10 C:\\Users\\GeiPis\\Desktop\\IFSP\\2025\\2\\Programacao Dinamica para Web\\projeto-laravel-spopweb\\mvc-cervejas\\vendor\\laravel\\framework\\src\\Illuminate\\Database\\Eloquent\\Model.php(1163): Illuminate\\Database\\Eloquent\\Model->performInsert(Object(Illuminate\\Database\\Eloquent\\Builder))
#11 C:\\Users\\GeiPis\\Desktop\\IFSP\\2025\\2\\Programacao Dinamica para Web\\projeto-laravel-spopweb\\mvc-cervejas\\vendor\\laravel\\framework\\src\\Illuminate\\Database\\Eloquent\\Builder.php(1128): Illuminate\\Database\\Eloquent\\Model->save()
#12 C:\\Users\\GeiPis\\Desktop\\IFSP\\2025\\2\\Programacao Dinamica para Web\\projeto-laravel-spopweb\\mvc-cervejas\\vendor\\laravel\\framework\\src\\Illuminate\\Support\\helpers.php(399): Illuminate\\Database\\Eloquent\\Builder->{closure:Illuminate\\Database\\Eloquent\\Builder::create():1127}(Object(App\\Models\\Cerveja))
#13 C:\\Users\\GeiPis\\Desktop\\IFSP\\2025\\2\\Programacao Dinamica para Web\\projeto-laravel-spopweb\\mvc-cervejas\\vendor\\laravel\\framework\\src\\Illuminate\\Database\\Eloquent\\Builder.php(1127): tap(Object(App\\Models\\Cerveja), Object(Closure))
#14 C:\\Users\\GeiPis\\Desktop\\IFSP\\2025\\2\\Programacao Dinamica para Web\\projeto-laravel-spopweb\\mvc-cervejas\\vendor\\laravel\\framework\\src\\Illuminate\\Support\\Traits\\ForwardsCalls.php(23): Illuminate\\Database\\Eloquent\\Builder->create(Array)
#15 C:\\Users\\GeiPis\\Desktop\\IFSP\\2025\\2\\Programacao Dinamica para Web\\projeto-laravel-spopweb\\mvc-cervejas\\vendor\\laravel\\framework\\src\\Illuminate\\Database\\Eloquent\\Model.php(2372): Illuminate\\Database\\Eloquent\\Model->forwardCallTo(Object(Illuminate\\Database\\Eloquent\\Builder), 'create', Array)
#16 C:\\Users\\GeiPis\\Desktop\\IFSP\\2025\\2\\Programacao Dinamica para Web\\projeto-laravel-spopweb\\mvc-cervejas\\vendor\\laravel\\framework\\src\\Illuminate\\Database\\Eloquent\\Model.php(2384): Illuminate\\Database\\Eloquent\\Model->__call('create', Array)
#17 C:\\Users\\GeiPis\\Desktop\\IFSP\\2025\\2\\Programacao Dinamica para Web\\projeto-laravel-spopweb\\mvc-cervejas\\app\\Http\\Controllers\\CadastrarController.php(71): Illuminate\\Database\\Eloquent\\Model::__callStatic('create', Array)
#18 C:\\Users\\GeiPis\\Desktop\\IFSP\\2025\\2\\Programacao Dinamica para Web\\projeto-laravel-spopweb\\mvc-cervejas\\vendor\\laravel\\framework\\src\\Illuminate\\Routing\\ControllerDispatcher.php(47): App\\Http\\Controllers\\CadastrarController->salvar(Object(Illuminate\\Http\\Request))
#19 C:\\Users\\GeiPis\\Desktop\\IFSP\\2025\\2\\Programacao Dinamica para Web\\projeto-laravel-spopweb\\mvc-cervejas\\vendor\\laravel\\framework\\src\\Illuminate\\Routing\\Route.php(266): Illuminate\\Routing\\ControllerDispatcher->dispatch(Object(Illuminate\\Routing\\Route), Object(App\\Http\\Controllers\\CadastrarController), 'salvar')
#20 C:\\Users\\GeiPis\\Desktop\\IFSP\\2025\\2\\Programacao Dinamica para Web\\projeto-laravel-spopweb\\mvc-cervejas\\vendor\\laravel\\framework\\src\\Illuminate\\Routing\\Route.php(212): Illuminate\\Routing\\Route->runController()
#21 C:\\Users\\GeiPis\\Desktop\\IFSP\\2025\\2\\Programacao Dinamica para Web\\projeto-laravel-spopweb\\mvc-cervejas\\vendor\\laravel\\framework\\src\\Illuminate\\Routing\\Router.php(808): Illuminate\\Routing\\Route->run()
#22 C:\\Users\\GeiPis\\Desktop\\IFSP\\2025\\2\\Programacao Dinamica para Web\\projeto-laravel-spopweb\\mvc-cervejas\\vendor\\laravel\\framework\\src\\Illuminate\\Pipeline\\Pipeline.php(170): Illuminate\\Routing\\Router->{closure:Illuminate\\Routing\\Router::runRouteWithinStack():807}(Object(Illuminate\\Http\\Request))
#23 C:\\Users\\GeiPis\\Desktop\\IFSP\\2025\\2\\Programacao Dinamica para Web\\projeto-laravel-spopweb\\mvc-cervejas\\vendor\\laravel\\framework\\src\\Illuminate\\Auth\\Middleware\\EnsureEmailIsVerified.php(41): Illuminate\\Pipeline\\Pipeline->{closure:Illuminate\\Pipeline\\Pipeline::prepareDestination():168}(Object(Illuminate\\Http\\Request))
#24 C:\\Users\\GeiPis\\Desktop\\IFSP\\2025\\2\\Programacao Dinamica para Web\\projeto-laravel-spopweb\\mvc-cervejas\\vendor\\laravel\\framework\\src\\Illuminate\\Pipeline\\Pipeline.php(209): Illuminate\\Auth\\Middleware\\EnsureEmailIsVerified->handle(Object(Illuminate\\Http\\Request), Object(Closure))
#25 C:\\Users\\GeiPis\\Desktop\\IFSP\\2025\\2\\Programacao Dinamica para Web\\projeto-laravel-spopweb\\mvc-cervejas\\vendor\\laravel\\framework\\src\\Illuminate\\Routing\\Middleware\\SubstituteBindings.php(51): Illuminate\\Pipeline\\Pipeline->{closure:{closure:Illuminate\\Pipeline\\Pipeline::carry():184}:185}(Object(Illuminate\\Http\\Request))
#26 C:\\Users\\GeiPis\\Desktop\\IFSP\\2025\\2\\Programacao Dinamica para Web\\projeto-laravel-spopweb\\mvc-cervejas\\vendor\\laravel\\framework\\src\\Illuminate\\Pipeline\\Pipeline.php(209): Illuminate\\Routing\\Middleware\\SubstituteBindings->handle(Object(Illuminate\\Http\\Request), Object(Closure))
#27 C:\\Users\\GeiPis\\Desktop\\IFSP\\2025\\2\\Programacao Dinamica para Web\\projeto-laravel-spopweb\\mvc-cervejas\\vendor\\laravel\\framework\\src\\Illuminate\\Auth\\Middleware\\Authenticate.php(64): Illuminate\\Pipeline\\Pipeline->{closure:{closure:Illuminate\\Pipeline\\Pipeline::carry():184}:185}(Object(Illuminate\\Http\\Request))
#28 C:\\Users\\GeiPis\\Desktop\\IFSP\\2025\\2\\Programacao Dinamica para Web\\projeto-laravel-spopweb\\mvc-cervejas\\vendor\\laravel\\framework\\src\\Illuminate\\Pipeline\\Pipeline.php(209): Illuminate\\Auth\\Middleware\\Authenticate->handle(Object(Illuminate\\Http\\Request), Object(Closure))
#29 C:\\Users\\GeiPis\\Desktop\\IFSP\\2025\\2\\Programacao Dinamica para Web\\projeto-laravel-spopweb\\mvc-cervejas\\vendor\\laravel\\framework\\src\\Illuminate\\Foundation\\Http\\Middleware\\VerifyCsrfToken.php(88): Illuminate\\Pipeline\\Pipeline->{closure:{closure:Illuminate\\Pipeline\\Pipeline::carry():184}:185}(Object(Illuminate\\Http\\Request))
#30 C:\\Users\\GeiPis\\Desktop\\IFSP\\2025\\2\\Programacao Dinamica para Web\\projeto-laravel-spopweb\\mvc-cervejas\\vendor\\laravel\\framework\\src\\Illuminate\\Pipeline\\Pipeline.php(209): Illuminate\\Foundation\\Http\\Middleware\\VerifyCsrfToken->handle(Object(Illuminate\\Http\\Request), Object(Closure))
#31 C:\\Users\\GeiPis\\Desktop\\IFSP\\2025\\2\\Programacao Dinamica para Web\\projeto-laravel-spopweb\\mvc-cervejas\\vendor\\laravel\\framework\\src\\Illuminate\\View\\Middleware\\ShareErrorsFromSession.php(49): Illuminate\\Pipeline\\Pipeline->{closure:{closure:Illuminate\\Pipeline\\Pipeline::carry():184}:185}(Object(Illuminate\\Http\\Request))
#32 C:\\Users\\GeiPis\\Desktop\\IFSP\\2025\\2\\Programacao Dinamica para Web\\projeto-laravel-spopweb\\mvc-cervejas\\vendor\\laravel\\framework\\src\\Illuminate\\Pipeline\\Pipeline.php(209): Illuminate\\View\\Middleware\\ShareErrorsFromSession->handle(Object(Illuminate\\Http\\Request), Object(Closure))
#33 C:\\Users\\GeiPis\\Desktop\\IFSP\\2025\\2\\Programacao Dinamica para Web\\projeto-laravel-spopweb\\mvc-cervejas\\vendor\\laravel\\framework\\src\\Illuminate\\Session\\Middleware\\StartSession.php(121): Illuminate\\Pipeline\\Pipeline->{closure:{closure:Illuminate\\Pipeline\\Pipeline::carry():184}:185}(Object(Illuminate\\Http\\Request))
#34 C:\\Users\\GeiPis\\Desktop\\IFSP\\2025\\2\\Programacao Dinamica para Web\\projeto-laravel-spopweb\\mvc-cervejas\\vendor\\laravel\\framework\\src\\Illuminate\\Session\\Middleware\\StartSession.php(64): Illuminate\\Session\\Middleware\\StartSession->handleStatefulRequest(Object(Illuminate\\Http\\Request), Object(Illuminate\\Session\\Store), Object(Closure))
#35 C:\\Users\\GeiPis\\Desktop\\IFSP\\2025\\2\\Programacao Dinamica para Web\\projeto-laravel-spopweb\\mvc-cervejas\\vendor\\laravel\\framework\\src\\Illuminate\\Pipeline\\Pipeline.php(209): Illuminate\\Session\\Middleware\\StartSession->handle(Object(Illuminate\\Http\\Request), Object(Closure))
#36 C:\\Users\\GeiPis\\Desktop\\IFSP\\2025\\2\\Programacao Dinamica para Web\\projeto-laravel-spopweb\\mvc-cervejas\\vendor\\laravel\\framework\\src\\Illuminate\\Cookie\\Middleware\\AddQueuedCookiesToResponse.php(37): Illuminate\\Pipeline\\Pipeline->{closure:{closure:Illuminate\\Pipeline\\Pipeline::carry():184}:185}(Object(Illuminate\\Http\\Request))
#37 C:\\Users\\GeiPis\\Desktop\\IFSP\\2025\\2\\Programacao Dinamica para Web\\projeto-laravel-spopweb\\mvc-cervejas\\vendor\\laravel\\framework\\src\\Illuminate\\Pipeline\\Pipeline.php(209): Illuminate\\Cookie\\Middleware\\AddQueuedCookiesToResponse->handle(Object(Illuminate\\Http\\Request), Object(Closure))
#38 C:\\Users\\GeiPis\\Desktop\\IFSP\\2025\\2\\Programacao Dinamica para Web\\projeto-laravel-spopweb\\mvc-cervejas\\vendor\\laravel\\framework\\src\\Illuminate\\Cookie\\Middleware\\EncryptCookies.php(75): Illuminate\\Pipeline\\Pipeline->{closure:{closure:Illuminate\\Pipeline\\Pipeline::carry():184}:185}(Object(Illuminate\\Http\\Request))
#39 C:\\Users\\GeiPis\\Desktop\\IFSP\\2025\\2\\Programacao Dinamica para Web\\projeto-laravel-spopweb\\mvc-cervejas\\vendor\\laravel\\framework\\src\\Illuminate\\Pipeline\\Pipeline.php(209): Illuminate\\Cookie\\Middleware\\EncryptCookies->handle(Object(Illuminate\\Http\\Request), Object(Closure))
#40 C:\\Users\\GeiPis\\Desktop\\IFSP\\2025\\2\\Programacao Dinamica para Web\\projeto-laravel-spopweb\\mvc-cervejas\\vendor\\laravel\\framework\\src\\Illuminate\\Pipeline\\Pipeline.php(127): Illuminate\\Pipeline\\Pipeline->{closure:{closure:Illuminate\\Pipeline\\Pipeline::carry():184}:185}(Object(Illuminate\\Http\\Request))
#41 C:\\Users\\GeiPis\\Desktop\\IFSP\\2025\\2\\Programacao Dinamica para Web\\projeto-laravel-spopweb\\mvc-cervejas\\vendor\\laravel\\framework\\src\\Illuminate\\Routing\\Router.php(807): Illuminate\\Pipeline\\Pipeline->then(Object(Closure))
#42 C:\\Users\\GeiPis\\Desktop\\IFSP\\2025\\2\\Programacao Dinamica para Web\\projeto-laravel-spopweb\\mvc-cervejas\\vendor\\laravel\\framework\\src\\Illuminate\\Routing\\Router.php(786): Illuminate\\Routing\\Router->runRouteWithinStack(Object(Illuminate\\Routing\\Route), Object(Illuminate\\Http\\Request))
#43 C:\\Users\\GeiPis\\Desktop\\IFSP\\2025\\2\\Programacao Dinamica para Web\\projeto-laravel-spopweb\\mvc-cervejas\\vendor\\laravel\\framework\\src\\Illuminate\\Routing\\Router.php(750): Illuminate\\Routing\\Router->runRoute(Object(Illuminate\\Http\\Request), Object(Illuminate\\Routing\\Route))
#44 C:\\Users\\GeiPis\\Desktop\\IFSP\\2025\\2\\Programacao Dinamica para Web\\projeto-laravel-spopweb\\mvc-cervejas\\vendor\\laravel\\framework\\src\\Illuminate\\Routing\\Router.php(739): Illuminate\\Routing\\Router->dispatchToRoute(Object(Illuminate\\Http\\Request))
#45 C:\\Users\\GeiPis\\Desktop\\IFSP\\2025\\2\\Programacao Dinamica para Web\\projeto-laravel-spopweb\\mvc-cervejas\\vendor\\laravel\\framework\\src\\Illuminate\\Foundation\\Http\\Kernel.php(201): Illuminate\\Routing\\Router->dispatch(Object(Illuminate\\Http\\Request))
#46 C:\\Users\\GeiPis\\Desktop\\IFSP\\2025\\2\\Programacao Dinamica para Web\\projeto-laravel-spopweb\\mvc-cervejas\\vendor\\laravel\\framework\\src\\Illuminate\\Pipeline\\Pipeline.php(170): Illuminate\\Foundation\\Http\\Kernel->{closure:Illuminate\\Foundation\\Http\\Kernel::dispatchToRouter():198}(Object(Illuminate\\Http\\Request))
#47 C:\\Users\\GeiPis\\Desktop\\IFSP\\2025\\2\\Programacao Dinamica para Web\\projeto-laravel-spopweb\\mvc-cervejas\\vendor\\laravel\\framework\\src\\Illuminate\\Foundation\\Http\\Middleware\\TransformsRequest.php(21): Illuminate\\Pipeline\\Pipeline->{closure:Illuminate\\Pipeline\\Pipeline::prepareDestination():168}(Object(Illuminate\\Http\\Request))
#48 C:\\Users\\GeiPis\\Desktop\\IFSP\\2025\\2\\Programacao Dinamica para Web\\projeto-laravel-spopweb\\mvc-cervejas\\vendor\\laravel\\framework\\src\\Illuminate\\Foundation\\Http\\Middleware\\ConvertEmptyStringsToNull.php(31): Illuminate\\Foundation\\Http\\Middleware\\TransformsRequest->handle(Object(Illuminate\\Http\\Request), Object(Closure))
#49 C:\\Users\\GeiPis\\Desktop\\IFSP\\2025\\2\\Programacao Dinamica para Web\\projeto-laravel-spopweb\\mvc-cervejas\\vendor\\laravel\\framework\\src\\Illuminate\\Pipeline\\Pipeline.php(209): Illuminate\\Foundation\\Http\\Middleware\\ConvertEmptyStringsToNull->handle(Object(Illuminate\\Http\\Request), Object(Closure))
#50 C:\\Users\\GeiPis\\Desktop\\IFSP\\2025\\2\\Programacao Dinamica para Web\\projeto-laravel-spopweb\\mvc-cervejas\\vendor\\laravel\\framework\\src\\Illuminate\\Foundation\\Http\\Middleware\\TransformsRequest.php(21): Illuminate\\Pipeline\\Pipeline->{closure:{closure:Illuminate\\Pipeline\\Pipeline::carry():184}:185}(Object(Illuminate\\Http\\Request))
#51 C:\\Users\\GeiPis\\Desktop\\IFSP\\2025\\2\\Programacao Dinamica para Web\\projeto-laravel-spopweb\\mvc-cervejas\\vendor\\laravel\\framework\\src\\Illuminate\\Foundation\\Http\\Middleware\\TrimStrings.php(51): Illuminate\\Foundation\\Http\\Middleware\\TransformsRequest->handle(Object(Illuminate\\Http\\Request), Object(Closure))
#52 C:\\Users\\GeiPis\\Desktop\\IFSP\\2025\\2\\Programacao Dinamica para Web\\projeto-laravel-spopweb\\mvc-cervejas\\vendor\\laravel\\framework\\src\\Illuminate\\Pipeline\\Pipeline.php(209): Illuminate\\Foundation\\Http\\Middleware\\TrimStrings->handle(Object(Illuminate\\Http\\Request), Object(Closure))
#53 C:\\Users\\GeiPis\\Desktop\\IFSP\\2025\\2\\Programacao Dinamica para Web\\projeto-laravel-spopweb\\mvc-cervejas\\vendor\\laravel\\framework\\src\\Illuminate\\Http\\Middleware\\ValidatePostSize.php(27): Illuminate\\Pipeline\\Pipeline->{closure:{closure:Illuminate\\Pipeline\\Pipeline::carry():184}:185}(Object(Illuminate\\Http\\Request))
#54 C:\\Users\\GeiPis\\Desktop\\IFSP\\2025\\2\\Programacao Dinamica para Web\\projeto-laravel-spopweb\\mvc-cervejas\\vendor\\laravel\\framework\\src\\Illuminate\\Pipeline\\Pipeline.php(209): Illuminate\\Http\\Middleware\\ValidatePostSize->handle(Object(Illuminate\\Http\\Request), Object(Closure))
#55 C:\\Users\\GeiPis\\Desktop\\IFSP\\2025\\2\\Programacao Dinamica para Web\\projeto-laravel-spopweb\\mvc-cervejas\\vendor\\laravel\\framework\\src\\Illuminate\\Foundation\\Http\\Middleware\\PreventRequestsDuringMaintenance.php(110): Illuminate\\Pipeline\\Pipeline->{closure:{closure:Illuminate\\Pipeline\\Pipeline::carry():184}:185}(Object(Illuminate\\Http\\Request))
#56 C:\\Users\\GeiPis\\Desktop\\IFSP\\2025\\2\\Programacao Dinamica para Web\\projeto-laravel-spopweb\\mvc-cervejas\\vendor\\laravel\\framework\\src\\Illuminate\\Pipeline\\Pipeline.php(209): Illuminate\\Foundation\\Http\\Middleware\\PreventRequestsDuringMaintenance->handle(Object(Illuminate\\Http\\Request), Object(Closure))
#57 C:\\Users\\GeiPis\\Desktop\\IFSP\\2025\\2\\Programacao Dinamica para Web\\projeto-laravel-spopweb\\mvc-cervejas\\vendor\\laravel\\framework\\src\\Illuminate\\Http\\Middleware\\HandleCors.php(49): Illuminate\\Pipeline\\Pipeline->{closure:{closure:Illuminate\\Pipeline\\Pipeline::carry():184}:185}(Object(Illuminate\\Http\\Request))
#58 C:\\Users\\GeiPis\\Desktop\\IFSP\\2025\\2\\Programacao Dinamica para Web\\projeto-laravel-spopweb\\mvc-cervejas\\vendor\\laravel\\framework\\src\\Illuminate\\Pipeline\\Pipeline.php(209): Illuminate\\Http\\Middleware\\HandleCors->handle(Object(Illuminate\\Http\\Request), Object(Closure))
#59 C:\\Users\\GeiPis\\Desktop\\IFSP\\2025\\2\\Programacao Dinamica para Web\\projeto-laravel-spopweb\\mvc-cervejas\\vendor\\laravel\\framework\\src\\Illuminate\\Http\\Middleware\\TrustProxies.php(58): Illuminate\\Pipeline\\Pipeline->{closure:{closure:Illuminate\\Pipeline\\Pipeline::carry():184}:185}(Object(Illuminate\\Http\\Request))
#60 C:\\Users\\GeiPis\\Desktop\\IFSP\\2025\\2\\Programacao Dinamica para Web\\projeto-laravel-spopweb\\mvc-cervejas\\vendor\\laravel\\framework\\src\\Illuminate\\Pipeline\\Pipeline.php(209): Illuminate\\Http\\Middleware\\TrustProxies->handle(Object(Illuminate\\Http\\Request), Object(Closure))
#61 C:\\Users\\GeiPis\\Desktop\\IFSP\\2025\\2\\Programacao Dinamica para Web\\projeto-laravel-spopweb\\mvc-cervejas\\vendor\\laravel\\framework\\src\\Illuminate\\Foundation\\Http\\Middleware\\InvokeDeferredCallbacks.php(22): Illuminate\\Pipeline\\Pipeline->{closure:{closure:Illuminate\\Pipeline\\Pipeline::carry():184}:185}(Object(Illuminate\\Http\\Request))
#62 C:\\Users\\GeiPis\\Desktop\\IFSP\\2025\\2\\Programacao Dinamica para Web\\projeto-laravel-spopweb\\mvc-cervejas\\vendor\\laravel\\framework\\src\\Illuminate\\Pipeline\\Pipeline.php(209): Illuminate\\Foundation\\Http\\Middleware\\InvokeDeferredCallbacks->handle(Object(Illuminate\\Http\\Request), Object(Closure))
#63 C:\\Users\\GeiPis\\Desktop\\IFSP\\2025\\2\\Programacao Dinamica para Web\\projeto-laravel-spopweb\\mvc-cervejas\\vendor\\laravel\\framework\\src\\Illuminate\\Pipeline\\Pipeline.php(127): Illuminate\\Pipeline\\Pipeline->{closure:{closure:Illuminate\\Pipeline\\Pipeline::carry():184}:185}(Object(Illuminate\\Http\\Request))
#64 C:\\Users\\GeiPis\\Desktop\\IFSP\\2025\\2\\Programacao Dinamica para Web\\projeto-laravel-spopweb\\mvc-cervejas\\vendor\\laravel\\framework\\src\\Illuminate\\Foundation\\Http\\Kernel.php(176): Illuminate\\Pipeline\\Pipeline->then(Object(Closure))
#65 C:\\Users\\GeiPis\\Desktop\\IFSP\\2025\\2\\Programacao Dinamica para Web\\projeto-laravel-spopweb\\mvc-cervejas\\vendor\\laravel\\framework\\src\\Illuminate\\Foundation\\Http\\Kernel.php(145): Illuminate\\Foundation\\Http\\Kernel->sendRequestThroughRouter(Object(Illuminate\\Http\\Request))
#66 C:\\Users\\GeiPis\\Desktop\\IFSP\\2025\\2\\Programacao Dinamica para Web\\projeto-laravel-spopweb\\mvc-cervejas\\vendor\\laravel\\framework\\src\\Illuminate\\Foundation\\Application.php(1220): Illuminate\\Foundation\\Http\\Kernel->handle(Object(Illuminate\\Http\\Request))
#67 C:\\Users\\GeiPis\\Desktop\\IFSP\\2025\\2\\Programacao Dinamica para Web\\projeto-laravel-spopweb\\mvc-cervejas\\public\\index.php(17): Illuminate\\Foundation\\Application->handleRequest(Object(Illuminate\\Http\\Request))
#68 C:\\Users\\GeiPis\\Desktop\\IFSP\\2025\\2\\Programacao Dinamica para Web\\projeto-laravel-spopweb\\mvc-cervejas\\vendor\\laravel\\framework\\src\\Illuminate\\Foundation\\resources\\server.php(23): require_once('C:\\\\Users\\\\GeiPis...')
#69 {main}
"} 
